{
  "format_version": "1.12.0",
  "minecraft:geometry": [
    {
      "description": {
        "identifier": "geometry.hattrem",
        "texture_width": 128,
        "texture_height": 128,
        "visible_bounds_width": 4,
        "visible_bounds_height": 3.5,
        "visible_bounds_offset": [
          0,
          1.25,
          0
        ]
      },
      "bones": [
        {
          "name": "hattrem",
          "pivot": [
            0,
            0,
            0
          ]
        },
        {
          "name": "torso",
          "parent": "hattrem",
          "pivot": [
            0,
            12,
            0
          ]
        },
        {
          "name": "hat",
          "parent": "torso",
          "pivot": [
            0.07177,
            15.66458,
            -0.32653
          ],
          "cubes": [
            {
              "origin": [
                -11,
                14.6,
                -11
              ],
              "size": [
                22,
                8,
                22
              ],
              "uv": [
                15,
                74
              ]
            },
            {
              "origin": [
                9,
                14.6,
                -9
              ],
              "size": [
                0,
                8,
                18
              ],
              "inflate": -0.01,
              "uv": [
                0,
                48
              ]
            },
            {
              "origin": [
                -9,
                14.6,
                -9
              ],
              "size": [
                0,
                8,
                18
              ],
              "inflate": -0.01,
              "uv": [
                0,
                48
              ]
            },
            {
              "origin": [
                -9,
                14.6,
                -9
              ],
              "size": [
                18,
                8,
                0
              ],
              "inflate": -0.01,
              "uv": [
                18,
                66
              ]
            },
            {
              "origin": [
                -9,
                14.6,
                9
              ],
              "size": [
                18,
                8,
                0
              ],
              "inflate": -0.01,
              "uv": [
                18,
                66
              ]
            },
            {
              "origin": [
                -9,
                22.6,
                -9
              ],
              "size": [
                18,
                0,
                18
              ],
              "inflate": -0.01,
              "uv": [
                -18,
                74
              ]
            }
          ]
        },
        {
          "name": "front_ponytail",
          "parent": "hat",
          "pivot": [
            0.18241,
            20.17278,
            -9.71605
          ],
          "cubes": [
            {
              "origin": [
                -2,
                18.6,
                -12
              ],
              "size": [
                3,
                3,
                2
              ],
              "pivot": [
                0,
                16.35,
                -15
              ],
              "rotation": [
                -12.5,
                0,
                12.5
              ],
              "uv": [
                50,
                58
              ]
            },
            {
              "origin": [
                -2,
                13.6,
                -12
              ],
              "size": [
                5,
                5,
                2
              ],
              "pivot": [
                0,
                16.35,
                -15
              ],
              "rotation": [
                -12.5,
                0,
                12.5
              ],
              "uv": [
                0,
                0
              ]
            }
          ]
        },
        {
          "name": "hat_segment_1",
          "parent": "hat",
          "pivot": [
            0,
            22.6,
            0
          ],
          "cubes": [
            {
              "origin": [
                -4,
                22.6,
                -4
              ],
              "size": [
                8,
                6,
                8
              ],
              "inflate": -0.02,
              "uv": [
                0,
                26
              ]
            }
          ]
        },
        {
          "name": "hat_segment_2",
          "parent": "hat_segment_1",
          "pivot": [
            0,
            28.1,
            0
          ],
          "cubes": [
            {
              "origin": [
                -3,
                28.6,
                -3
              ],
              "size": [
                6,
                5,
                6
              ],
              "uv": [
                54,
                0
              ]
            }
          ]
        },
        {
          "name": "hat_segment_3",
          "parent": "hat_segment_2",
          "pivot": [
            0,
            33.6,
            0
          ],
          "cubes": [
            {
              "origin": [
                -1.5,
                32.6,
                -1.5
              ],
              "size": [
                3,
                4,
                3
              ],
              "uv": [
                21,
                40
              ]
            }
          ]
        },
        {
          "name": "hat_segment_4",
          "parent": "hat_segment_3",
          "pivot": [
            0,
            35.48927,
            0.7837
          ],
          "cubes": [
            {
              "origin": [
                -0.5,
                34.17612,
                1.11732
              ],
              "size": [
                1,
                2,
                4
              ],
              "pivot": [
                0,
                35.17612,
                1.11732
              ],
              "rotation": [
                -22.5,
                0,
                0
              ],
              "uv": [
                8,
                10
              ]
            },
            {
              "origin": [
                0,
                33.84283,
                3.13726
              ],
              "size": [
                0,
                2,
                3
              ],
              "inflate": 0.01,
              "pivot": [
                0,
                34.84283,
                5.13726
              ],
              "rotation": [
                45,
                0,
                0
              ],
              "uv": [
                0,
                11
              ]
            },
            {
              "origin": [
                0,
                33.56779,
                4.60233
              ],
              "size": [
                0,
                2,
                4
              ],
              "pivot": [
                0,
                34.56779,
                6.60233
              ],
              "rotation": [
                -22.5,
                0,
                0
              ],
              "uv": [
                8,
                3
              ]
            }
          ]
        },
        {
          "name": "left_pony_tail",
          "parent": "hat",
          "pivot": [
            9.12635,
            18.6,
            9.16655
          ],
          "cubes": [
            {
              "origin": [
                8.8,
                16.1,
                10.5
              ],
              "size": [
                5,
                5,
                8
              ],
              "pivot": [
                8.5,
                17.1,
                12.5
              ],
              "rotation": [
                0,
                45,
                0
              ],
              "uv": [
                46,
                45
              ]
            }
          ]
        },
        {
          "name": "left_pony_tail_end",
          "parent": "left_pony_tail",
          "pivot": [
            11.05579,
            19.07851,
            11.09599
          ],
          "cubes": [
            {
              "origin": [
                7.8,
                15.1,
                13.5
              ],
              "size": [
                7,
                7,
                7
              ],
              "pivot": [
                8.5,
                17.1,
                12.5
              ],
              "rotation": [
                0,
                45,
                0
              ],
              "uv": [
                0,
                40
              ]
            },
            {
              "origin": [
                17.0813,
                19.5,
                14.5715
              ],
              "size": [
                2,
                3,
                3
              ],
              "pivot": [
                18.0813,
                20.6,
                18.1215
              ],
              "rotation": [
                12.5,
                45,
                0
              ],
              "uv": [
                10,
                54
              ]
            },
            {
              "origin": [
                17.5813,
                20,
                17.5715
              ],
              "size": [
                1,
                2,
                2
              ],
              "pivot": [
                18.0813,
                20.6,
                18.1215
              ],
              "rotation": [
                12.5,
                45,
                0
              ],
              "uv": [
                0,
                40
              ]
            },
            {
              "origin": [
                16.65761,
                16.08498,
                13.16228
              ],
              "size": [
                2,
                3,
                4
              ],
              "pivot": [
                20.15761,
                17.18498,
                16.66228
              ],
              "rotation": [
                10,
                45,
                0
              ],
              "uv": [
                24,
                26
              ]
            },
            {
              "origin": [
                17.15761,
                16.58498,
                17.16228
              ],
              "size": [
                1,
                2,
                2
              ],
              "pivot": [
                20.15761,
                17.18498,
                16.66228
              ],
              "rotation": [
                10,
                45,
                0
              ],
              "uv": [
                32,
                26
              ]
            }
          ]
        },
        {
          "name": "right_pony_tail",
          "parent": "hat",
          "pivot": [
            -9.12635,
            18.6,
            9.16655
          ],
          "cubes": [
            {
              "origin": [
                -13.8,
                16.1,
                10.5
              ],
              "size": [
                5,
                5,
                8
              ],
              "pivot": [
                -8.5,
                17.1,
                12.5
              ],
              "rotation": [
                0,
                -45,
                0
              ],
              "uv": [
                28,
                40
              ]
            }
          ]
        },
        {
          "name": "right_pony_tail_end",
          "parent": "right_pony_tail",
          "pivot": [
            -11.05579,
            19.07851,
            11.09599
          ],
          "cubes": [
            {
              "origin": [
                -14.8,
                15.1,
                13.5
              ],
              "size": [
                7,
                7,
                7
              ],
              "pivot": [
                -8.5,
                17.1,
                12.5
              ],
              "rotation": [
                0,
                -45,
                0
              ],
              "uv": [
                32,
                26
              ]
            },
            {
              "origin": [
                -19.0813,
                19.5,
                14.5715
              ],
              "size": [
                2,
                3,
                3
              ],
              "pivot": [
                -18.0813,
                20.6,
                18.1215
              ],
              "rotation": [
                12.5,
                -45,
                0
              ],
              "uv": [
                0,
                54
              ]
            },
            {
              "origin": [
                -18.5813,
                20,
                17.5715
              ],
              "size": [
                1,
                2,
                2
              ],
              "pivot": [
                -18.0813,
                20.6,
                18.1215
              ],
              "rotation": [
                12.5,
                -45,
                0
              ],
              "uv": [
                0,
                30
              ]
            },
            {
              "origin": [
                -18.65761,
                16.08498,
                13.16228
              ],
              "size": [
                2,
                3,
                4
              ],
              "pivot": [
                -20.15761,
                17.18498,
                16.66228
              ],
              "rotation": [
                10,
                -45,
                0
              ],
              "uv": [
                0,
                7
              ]
            },
            {
              "origin": [
                -18.15761,
                16.58498,
                17.16228
              ],
              "size": [
                1,
                2,
                2
              ],
              "pivot": [
                -20.15761,
                17.18498,
                16.66228
              ],
              "rotation": [
                10,
                -45,
                0
              ],
              "uv": [
                0,
                26
              ]
            }
          ]
        },
        {
          "name": "body",
          "parent": "torso",
          "pivot": [
            0,
            9.75,
            0
          ],
          "cubes": [
            {
              "origin": [
                -1.5,
                6,
                -1
              ],
              "size": [
                3,
                3,
                2
              ],
              "uv": [
                53,
                26
              ]
            }
          ]
        },
        {
          "name": "skrit",
          "parent": "body",
          "pivot": [
            0,
            6,
            0
          ],
          "cubes": [
            {
              "origin": [
                -2.5,
                2,
                -2.5
              ],
              "size": [
                5,
                4,
                5
              ],
              "uv": [
                55,
                35
              ]
            }
          ]
        },
        {
          "name": "legs",
          "parent": "skrit",
          "pivot": [
            0,
            2.6,
            0
          ]
        },
        {
          "name": "right_leg",
          "parent": "legs",
          "pivot": [
            0,
            2.6,
            0
          ],
          "cubes": [
            {
              "origin": [
                -1.5,
                0,
                -0.5
              ],
              "size": [
                1,
                2,
                1
              ],
              "uv": [
                14,
                0
              ]
            }
          ]
        },
        {
          "name": "left_leg",
          "parent": "legs",
          "pivot": [
            0,
            2.6,
            0
          ],
          "cubes": [
            {
              "origin": [
                0.5,
                0,
                -0.5
              ],
              "size": [
                1,
                2,
                1
              ],
              "uv": [
                0,
                7
              ]
            }
          ]
        },
        {
          "name": "neck",
          "parent": "body",
          "pivot": [
            0,
            2.6,
            0
          ],
          "cubes": [
            {
              "origin": [
                -1,
                9,
                -0.5
              ],
              "size": [
                2,
                1,
                1
              ],
              "uv": [
                10,
                16
              ]
            }
          ]
        },
        {
          "name": "head",
          "parent": "neck",
          "pivot": [
            0,
            9.69167,
            0.25
          ],
          "cubes": [
            {
              "origin": [
                1.7,
                12.7,
                -3
              ],
              "size": [
                1,
                1,
                0
              ],
              "inflate": 0.03,
              "uv": [
                12,
                9
              ]
            },
            {
              "origin": [
                1.2,
                11.5,
                -3
              ],
              "size": [
                2,
                3,
                0
              ],
              "inflate": 0.01,
              "uv": [
                14,
                9
              ]
            },
            {
              "origin": [
                -0.5,
                10.3,
                -3
              ],
              "size": [
                1,
                1,
                0
              ],
              "inflate": 0.02,
              "uv": [
                10,
                10
              ]
            },
            {
              "origin": [
                0.3,
                10.4,
                -3
              ],
              "size": [
                1,
                1,
                0
              ],
              "inflate": 0.01,
              "uv": [
                10,
                9
              ]
            },
            {
              "origin": [
                -1.3,
                10.4,
                -3
              ],
              "size": [
                1,
                1,
                0
              ],
              "inflate": 0.01,
              "uv": [
                8,
                10
              ]
            },
            {
              "origin": [
                -2.7,
                12.7,
                -3
              ],
              "size": [
                1,
                1,
                0
              ],
              "inflate": 0.03,
              "uv": [
                8,
                9
              ]
            },
            {
              "origin": [
                -3.2,
                11.5,
                -3
              ],
              "size": [
                2,
                3,
                0
              ],
              "inflate": 0.01,
              "uv": [
                14,
                4
              ]
            },
            {
              "origin": [
                -4,
                9.6,
                -3
              ],
              "size": [
                8,
                5,
                6
              ],
              "uv": [
                22,
                53
              ]
            },
            {
              "origin": [
                2.1,
                13.3,
                -3
              ],
              "size": [
                1,
                1,
                0
              ],
              "inflate": 0.02,
              "pivot": [
                2.6,
                13.8,
                -3
              ],
              "rotation": [
                0,
                0,
                17.5
              ],
              "uv": [
                12,
                1
              ]
            },
            {
              "origin": [
                1.3,
                13.3,
                -3
              ],
              "size": [
                1,
                1,
                0
              ],
              "inflate": 0.02,
              "pivot": [
                1.8,
                13.8,
                -3
              ],
              "rotation": [
                0,
                0,
                -20
              ],
              "uv": [
                12,
                0
              ]
            },
            {
              "origin": [
                -3.1,
                13.3,
                -3
              ],
              "size": [
                1,
                1,
                0
              ],
              "inflate": 0.02,
              "pivot": [
                -2.6,
                13.8,
                -3
              ],
              "rotation": [
                0,
                0,
                -17.5
              ],
              "uv": [
                0,
                0
              ]
            },
            {
              "origin": [
                -2.3,
                13.3,
                -3
              ],
              "size": [
                1,
                1,
                0
              ],
              "inflate": 0.02,
              "pivot": [
                -1.8,
                13.8,
                -3
              ],
              "rotation": [
                0,
                0,
                20
              ],
              "uv": [
                0,
                1
              ]
            }
          ]
        },
        {
          "name": "arms",
          "parent": "body",
          "pivot": [
            0,
            0,
            0
          ]
        },
        {
          "name": "left_arm",
          "parent": "arms",
          "pivot": [
            1.5,
            8.5,
            0
          ],
          "cubes": [
            {
              "origin": [
                1.5,
                8,
                -0.5
              ],
              "size": [
                4,
                1,
                1
              ],
              "uv": [
                17,
                54
              ]
            }
          ]
        },
        {
          "name": "left_hand",
          "parent": "left_arm",
          "pivot": [
            5.5,
            8.5,
            0
          ],
          "cubes": [
            {
              "origin": [
                5.5,
                8,
                -1
              ],
              "size": [
                4,
                1,
                2
              ],
              "uv": [
                54,
                14
              ]
            }
          ]
        },
        {
          "name": "right_arm",
          "parent": "arms",
          "pivot": [
            -1.5,
            8.5,
            0
          ],
          "cubes": [
            {
              "origin": [
                -5.5,
                8,
                -0.5
              ],
              "size": [
                4,
                1,
                1
              ],
              "uv": [
                17,
                54
              ],
              "mirror": true
            }
          ]
        },
        {
          "name": "right_hand",
          "parent": "right_arm",
          "pivot": [
            -5.5,
            8.5,
            0
          ],
          "cubes": [
            {
              "origin": [
                -9.5,
                8,
                -1
              ],
              "size": [
                4,
                1,
                2
              ],
              "uv": [
                54,
                14
              ],
              "mirror": true
            }
          ]
        }
      ]
    }
  ]
}