{
  "portraitScale": 2.88,
  "portraitTranslation": [
    -0.53,
    0.28,
    0
  ],
  "profileScale": 0.80,
  "profileTranslation": [
    -0.09,
    0.51,
    0
  ],
  "animations": {
    "faint": "q.bedrock_primary('heliolisk', 'faint', q.curve('one'))",
    "cry": "q.bedrock_primary('heliolisk', 'cry', q.curve('symmetrical_wide'))",
    "recoil": "q.bedrock_stateful('heliolisk', 'recoil')",
    "physical": "q.bedrock_primary('heliolisk', 'physical', q.curve('symmetrical_wide'))",
    "special": "q.bedrock_primary('heliolisk', 'special', q.curve('symmetrical_wide'))",
    "status": "q.bedrock_primary('heliolisk', 'status', q.curve('symmetrical_wide'))"
  },
  "poses": {
    "battle-standing": {
      "poseTypes": [
        "STAND"
      ],
      "isBattle": true,
      "animations": [
        "q.bedrock('heliolisk', 'battle_idle')"
      ]
    },
    "standing": {
      "poseTypes": [
        "STAND",
        "NONE",
        "PORTRAIT",
        "FLOAT",
        "PROFILE"
      ],
      "isBattle": false,
      "animations": [
        "q.bedrock('heliolisk', 'ground_idle')"
      ]
    },
    "walking": {
      "poseTypes": [
        "WALK",
        "SWIM"
      ],
      "animations": [
        "q.bedrock('heliolisk', 'ground_idle')"
      ]
    }
  }
}