{
  "head": "head",
  "portraitScale": 1.5,
  "portraitTranslation": [
    0,
    0.3,
    0
  ],
  "profileScale": 1.0,
  "profileTranslation": [
    0,
    0.6,
    0
  ],
  "animations": {
    "cry": "q.bedrock_stateful('bombirdier', 'cry', q.curve('symmetrical_wide'))"
  },
  "poses": {
    "standing": {
      "poseName": "standing",
      "transformTicks": 10,
      "poseTypes": [
        "STAND",
        "NONE",
        "PORTRAIT",
        "PROFILE"
      ],
      "animations": [
        "bedrock(bombirdier, ground_idle)"
      ]
    },
    "walking": {
      "poseName": "walking",
      "transformTicks": 10,
      "poseTypes": [
        "WALK"
      ],
      "animations": [
        "bedrock(bombirdier, ground_walk)"
      ]
    }
  }
}