{
  "portraitScale": 1.77,
  "portraitTranslation": [
    -0.3,
    1.0,
    0
  ],
  "profileScale": 0.65,
  "profileTranslation": [
    -0.04,
    0.6,
    -1.8
  ],
  "animations": {
    "cry": "q.bedrock_stateful('palossand', 'cry')",
    "recoil": "q.bedrock_stateful('palossand', 'recoil')"
  },
  "poses": {
    "battle-standing": {
      "poseTypes": [
        "STAND",
        "WALK"
      ],
      "isBattle": true,
      "animations": [
        "q.bedrock('palossand', 'battle_idle')"
      ],
      "quirks": [
        "q.bedrock_quirk('palossand', 'blink')"
      ]
    },
    "standing": {
      "poseTypes": [
        "STAND",
        "NONE",
        "PORTRAIT",
        "PROFILE"
      ],
      "isBattle": false,
      "animations": [
        "q.bedrock('palossand', 'ground_idle')"
      ],
      "quirks": [
        "q.bedrock_quirk('palossand', 'blink')"
      ]
    }
  }
}