{
  "head": "head",
  "portraitScale": 2.75,
  "portraitTranslation": [
    0,
    -2,
    0
  ],
  "profileScale": 1.2,
  "profileTranslation": [
    0,
    0,
    0
  ],
  "animations": {
    "cry": "q.bedrock_stateful('bounsweet', 'cry')"
  },
  "poses": {
    "battle-standing": {
      "poseTypes": [
        "STAND",
        "WALK"
      ],
      "isBattle": true,
      "animations": [
        "q.look('head')",
        "q.bedrock('bounsweet', 'ground_idle')"
      ]
    },
    "standing": {
      "poseTypes": [
        "STAND",
        "NONE",
        "PORTRAIT",
        "PROFILE"
      ],
      "isBattle": false,
      "animations": [
        "q.look('head')",
        "q.bedrock('bounsweet', 'ground_idle')"
      ]
    },
    "walking": {
      "poseTypes": [
        "WALK"
      ],
      "animations": [
        "q.look('head')",
        "q.bedrock('bounsweet', 'ground_walk')"
      ]
    },
    "float": {
      "poseTypes": [
        "FLOAT"
      ],
      "animations": [
        "q.look('head')",
        "q.bedrock('bounsweet', 'ground_idle')"
      ]
    },
    "swim": {
      "poseTypes": [
        "SWIM"
      ],
      "animations": [
        "q.look('head')",
        "q.bedrock('bounsweet', 'ground_walk')"
      ]
    }
  }
}