{
  "portraitScale": 2.3,
  "portraitTranslation": [
    0,
    -1.7,
    0
  ],
  "profileScale": 1,
  "profileTranslation": [
    0,
    0.3,
    0
  ],
  "faint": "bedrock(hatenna, faint)",
  "cry": "bedrock(hatenna, cry)",
  "poses": {
    "standing": {
      "poseName": "standing",
      "transformTicks": 10,
      "poseTypes": [
        "STAND",
        "NONE",
        "PORTRAIT",
        "PROFILE"
      ],
      "animations": [
        "bedrock(hatenna, ground_idle)"
      ]
    },
    "walking": {
      "poseName": "walking",
      "transformTicks": 10,
      "poseTypes": [
        "WALK"
      ],
      "animations": [
        "bedrock(hatenna, ground_walk)"
      ]
    },
    "sleep": {
      "poseTypes": [
        "SLEEP"
      ],
      "animations": [
        "bedrock(hatenna, sleep)"
      ]
    }
  }
}