{
  "format_version": "1.12.0",
  "minecraft:geometry": [
    {
      "description": {
        "identifier": "geometry.grubbin",
        "texture_width": 128,
        "texture_height": 128,
        "visible_bounds_width": 3,
        "visible_bounds_height": 2.5,
        "visible_bounds_offset": [
          0,
          0.75,
          0
        ]
      },
      "bones": [
        {
          "name": "grubbin",
          "pivot": [
            0,
            0,
            0
          ]
        },
        {
          "name": "body",
          "parent": "grubbin",
          "pivot": [
            0,
            6,
            0
          ]
        },
        {
          "name": "bone2",
          "parent": "body",
          "pivot": [
            0,
            11,
            7
          ],
          "rotation": [
            -5,
            0,
            0
          ],
          "cubes": [
            {
              "origin": [
                -6,
                1.25,
                4
              ],
              "size": [
                12,
                10,
                8
              ],
              "uv": [
                80,
                0
              ]
            },
            {
              "origin": [
                6.025,
                3.5,
                7
              ],
              "size": [
                0,
                4,
                3
              ],
              "uv": [
                58,
                62
              ]
            },
            {
              "origin": [
                -6.025,
                3.5,
                7
              ],
              "size": [
                0,
                4,
                3
              ],
              "uv": [
                20,
                64
              ]
            }
          ]
        },
        {
          "name": "bone10",
          "parent": "bone2",
          "pivot": [
            -4.25,
            2.6,
            8
          ],
          "rotation": [
            5,
            0,
            0
          ],
          "cubes": [
            {
              "origin": [
                -5.75,
                -0.15,
                6.75
              ],
              "size": [
                3,
                4,
                3
              ],
              "uv": [
                60,
                25
              ]
            }
          ]
        },
        {
          "name": "torso",
          "parent": "bone2",
          "pivot": [
            0,
            6,
            6.25
          ],
          "rotation": [
            5,
            0,
            0
          ],
          "cubes": [
            {
              "origin": [
                -7,
                0.94501,
                -1.74044
              ],
              "size": [
                14,
                12,
                8
              ],
              "inflate": 0.02,
              "uv": [
                0,
                0
              ]
            },
            {
              "origin": [
                7.025,
                3.44501,
                1.38456
              ],
              "size": [
                0,
                4,
                3
              ],
              "uv": [
                52,
                62
              ]
            },
            {
              "origin": [
                -7.025,
                3.44501,
                1.38456
              ],
              "size": [
                0,
                4,
                3
              ],
              "uv": [
                62,
                52
              ]
            }
          ]
        },
        {
          "name": "head",
          "parent": "torso",
          "pivot": [
            0,
            6.44501,
            -0.74044
          ],
          "cubes": [
            {
              "origin": [
                -6,
                1.44501,
                -7.99044
              ],
              "size": [
                12,
                7,
                8
              ],
              "uv": [
                0,
                33
              ]
            },
            {
              "origin": [
                -7,
                6.94501,
                -9.74044
              ],
              "size": [
                14,
                3,
                10
              ],
              "uv": [
                0,
                20
              ]
            },
            {
              "origin": [
                -6,
                9.44501,
                -8.74044
              ],
              "size": [
                12,
                3,
                9
              ],
              "uv": [
                40,
                33
              ]
            }
          ]
        },
        {
          "name": "bone15",
          "parent": "head",
          "pivot": [
            2,
            2.44501,
            -2.01544
          ],
          "cubes": [
            {
              "origin": [
                -3,
                1.44501,
                -8.01544
              ],
              "size": [
                6,
                7,
                0
              ],
              "uv": [
                60,
                45
              ]
            }
          ]
        },
        {
          "name": "bone3",
          "parent": "head",
          "pivot": [
            6.1,
            5.44501,
            -4.24044
          ],
          "cubes": [
            {
              "origin": [
                6.025,
                3.44501,
                -6.74044
              ],
              "size": [
                0,
                5,
                4
              ],
              "uv": [
                12,
                58
              ]
            }
          ]
        },
        {
          "name": "bone4",
          "parent": "bone3",
          "pivot": [
            5.05,
            6.19501,
            -3.74044
          ],
          "cubes": [
            {
              "origin": [
                6.05,
                4.19501,
                -6.24044
              ],
              "size": [
                0,
                5,
                3
              ],
              "uv": [
                40,
                62
              ]
            },
            {
              "origin": [
                6.075,
                4.94501,
                -5.74044
              ],
              "size": [
                0,
                4,
                2
              ],
              "uv": [
                26,
                64
              ]
            }
          ]
        },
        {
          "name": "bone13",
          "parent": "head",
          "pivot": [
            -6.1,
            5.44501,
            -4.24044
          ],
          "cubes": [
            {
              "origin": [
                -6.025,
                3.44501,
                -6.74044
              ],
              "size": [
                0,
                5,
                4
              ],
              "uv": [
                32,
                62
              ]
            }
          ]
        },
        {
          "name": "bone14",
          "parent": "bone13",
          "pivot": [
            -5.05,
            6.19501,
            -3.74044
          ],
          "cubes": [
            {
              "origin": [
                -6.05,
                4.19501,
                -6.24044
              ],
              "size": [
                0,
                5,
                3
              ],
              "uv": [
                46,
                62
              ]
            },
            {
              "origin": [
                -6.075,
                4.94501,
                -5.74044
              ],
              "size": [
                0,
                4,
                2
              ],
              "uv": [
                64,
                59
              ]
            }
          ]
        },
        {
          "name": "bone11",
          "parent": "head",
          "pivot": [
            1.5,
            4.69501,
            -7.74044
          ],
          "cubes": [
            {
              "origin": [
                1.75,
                3.19501,
                -19.74044
              ],
              "size": [
                3,
                3,
                6
              ],
              "pivot": [
                4.75,
                4.69501,
                -13.74044
              ],
              "rotation": [
                0,
                10,
                0
              ],
              "uv": [
                48,
                16
              ]
            },
            {
              "origin": [
                1.5,
                2.69501,
                -13.74044
              ],
              "size": [
                4,
                4,
                6
              ],
              "uv": [
                40,
                45
              ]
            }
          ]
        },
        {
          "name": "bone12",
          "parent": "head",
          "pivot": [
            -1.5,
            4.69501,
            -7.74044
          ],
          "cubes": [
            {
              "origin": [
                -4.75,
                3.19501,
                -19.74044
              ],
              "size": [
                3,
                3,
                6
              ],
              "pivot": [
                -4.75,
                4.69501,
                -13.74044
              ],
              "rotation": [
                0,
                -10,
                0
              ],
              "uv": [
                20,
                48
              ]
            },
            {
              "origin": [
                -5.5,
                2.69501,
                -13.74044
              ],
              "size": [
                4,
                4,
                6
              ],
              "uv": [
                0,
                48
              ]
            }
          ]
        },
        {
          "name": "bone5",
          "parent": "torso",
          "pivot": [
            4.25,
            2.44501,
            0.00956
          ],
          "cubes": [
            {
              "origin": [
                2.75,
                -1.30499,
                -1.24044
              ],
              "size": [
                3,
                4,
                3
              ],
              "uv": [
                48,
                25
              ]
            }
          ]
        },
        {
          "name": "bone8",
          "parent": "torso",
          "pivot": [
            -4.25,
            2.44501,
            0.00956
          ],
          "cubes": [
            {
              "origin": [
                -5.75,
                -1.30499,
                -1.24044
              ],
              "size": [
                3,
                4,
                3
              ],
              "uv": [
                20,
                57
              ]
            }
          ]
        },
        {
          "name": "bone6",
          "parent": "torso",
          "pivot": [
            4.25,
            2.44501,
            3.50956
          ],
          "cubes": [
            {
              "origin": [
                2.75,
                -0.30499,
                2.25956
              ],
              "size": [
                3,
                4,
                3
              ],
              "uv": [
                38,
                55
              ]
            }
          ]
        },
        {
          "name": "bone9",
          "parent": "torso",
          "pivot": [
            -4.25,
            2.44501,
            3.50956
          ],
          "cubes": [
            {
              "origin": [
                -5.75,
                -0.30499,
                2.25956
              ],
              "size": [
                3,
                4,
                3
              ],
              "uv": [
                0,
                58
              ]
            }
          ]
        },
        {
          "name": "bone7",
          "parent": "bone2",
          "pivot": [
            4.25,
            2.6,
            8
          ],
          "rotation": [
            5,
            0,
            0
          ],
          "cubes": [
            {
              "origin": [
                2.75,
                -0.15,
                6.75
              ],
              "size": [
                3,
                4,
                3
              ],
              "uv": [
                50,
                55
              ]
            }
          ]
        }
      ]
    }
  ]
}