{
  "portraitScale": 1.81,
  "portraitTranslation": [
    -0.65,
    2.63,
    0
  ],
  "profileScale": 0.47,
  "profileTranslation": [
    0,
    1.1,
    0
  ],
  "animations": {
    "faint": "q.bedrock_primary('moltres_galarian', 'faint', q.curve('one'))",
    "cry": "q.bedrock_stateful('moltres_galarian', 'cry', q.curve('symmetrical_wide'))",
    "recoil": "q.bedrock_stateful('moltres_galarian', 'recoil')",
    "physical": "q.bedrock_primary('moltres_galarian', 'physical', q.curve('symmetrical_wide'))",
    "special": "q.bedrock_primary('moltres_galarian', 'special', q.curve('symmetrical_wide'))",
    "status": "q.bedrock_primary('moltres_galarian', 'status', q.curve('symmetrical_wide'))"
  },
  "poses": {
    "battle-standing": {
      "poseTypes": [
        "STAND"
      ],
      "isBattle": true,
      "animations": [
        "q.look('head')",
        "q.bedrock('moltres_galarian', 'ground_idle')"
      ]
    },
    "standing": {
      "poseTypes": [
        "STAND",
        "NONE",
        "PORTRAIT",
        "FLOAT",
        "PROFILE"
      ],
      "isBattle": false,
      "animations": [
        "q.look('head')",
        "q.bedrock('moltres_galarian', 'ground_idle')"
      ]
    },
    "walking": {
      "poseTypes": [
        "WALK",
        "SWIM"
      ],
      "animations": [
        "q.look('head')",
        "q.bedrock('moltres_galarian', 'ground_walk')"
      ]
    },
    "float": {
      "poseTypes": [
        "HOVER"
      ],
      "animations": [
        "q.look('head')",
        "q.bedrock('moltres_galarian', 'air_idle')"
      ]
    },
    "fly": {
      "poseTypes": [
        "FLY"
      ],
      "animations": [
        "q.look('head')",
        "q.bedrock('moltres_galarian', 'air_fly')"
      ]
    }
  }
}