{
  "portraitScale": 1.9,
  "portraitTranslation": [
    -0.4,
    -0.5,
    0
  ],
  "profileScale": 0.85,
  "profileTranslation": [
    0,
    0.45,
    0
  ],
  "rootBone": "wurmple",
  "animations": {
    "cry": "q.bedrock_stateful('wurmple', 'cry')",
    "recoil": "q.bedrock_stateful('wurmple', 'recoil')",
    "physical": "q.bedrock_primary('wurmple', 'physical', q.curve('symmetrical_wide'))",
    "special": "q.bedrock_primary('wurmple', 'special', q.curve('symmetrical_wide'))",
    "status": "q.bedrock_primary('wurmple', 'special', q.curve('symmetrical_wide'))"
  },
  "poses": {
    "standing": {
      "poseName": "standing",
      "transformTicks": 10,
      "poseTypes": [
        "STAND",
        "NONE",
        "PORTRAIT",
        "PROFILE"
      ],
      "animations": [
        "q.bedrock('wurmple', 'ground_idle')"
      ],
      "quirks": [
        "q.bedrock_quirk('wurmple', 'blink')"
      ]
    },
    "walking": {
      "poseName": "walking",
      "transformTicks": 10,
      "poseTypes": [
        "WALK"
      ],
      "animations": [
        "q.bedrock('wurmple', 'ground_walk')"
      ],
      "quirks": [
        "q.bedrock_quirk('wurmple', 'blink')"
      ]
    },
    "sleeping": {
      "poseName": "sleeping",
      "transformTicks": 10,
      "poseTypes": [
        "SLEEP"
      ],
      "animations": [
        "q.bedrock('wurmple', 'sleep')"
      ]
    }
  }
}