{
  "format_version": "1.12.0",
  "minecraft:geometry": [
    {
      "description": {
        "identifier": "geometry.unknown",
        "texture_width": 128,
        "texture_height": 128,
        "visible_bounds_width": 4,
        "visible_bounds_height": 5.5,
        "visible_bounds_offset": [
          0,
          2.25,
          0
        ]
      },
      "bones": [
        {
          "name": "bombirdier",
          "pivot": [
            0,
            0,
            0
          ]
        },
        {
          "name": "body",
          "parent": "bombirdier",
          "pivot": [
            0,
            14,
            2.33517
          ]
        },
        {
          "name": "chest",
          "parent": "body",
          "pivot": [
            0,
            14,
            2.33517
          ],
          "cubes": [
            {
              "origin": [
                -3.5,
                14,
                -1.41483
              ],
              "size": [
                7,
                8,
                7
              ],
              "uv": [
                0,
                0
              ]
            }
          ]
        },
        {
          "name": "wing_left",
          "parent": "chest",
          "pivot": [
            3.02324,
            20.95305,
            1.82267
          ],
          "rotation": [
            0,
            0,
            -40
          ],
          "cubes": [
            {
              "origin": [
                3,
                19.5,
                0.33517
              ],
              "size": [
                10,
                3,
                3
              ],
              "uv": [
                24,
                18
              ]
            },
            {
              "origin": [
                10.3,
                11.95,
                1.83517
              ],
              "size": [
                3,
                8,
                0
              ],
              "pivot": [
                11.425,
                15.5,
                1.83517
              ],
              "rotation": [
                0,
                0,
                -7.5
              ],
              "uv": [
                79,
                44
              ]
            },
            {
              "origin": [
                7.25,
                12,
                1.78517
              ],
              "size": [
                3,
                8,
                0
              ],
              "pivot": [
                8.125,
                15.5,
                1.78517
              ],
              "rotation": [
                0,
                0,
                -5.5
              ],
              "uv": [
                48,
                79
              ]
            },
            {
              "origin": [
                4.175,
                12.925,
                1.83517
              ],
              "size": [
                3,
                7,
                0
              ],
              "pivot": [
                4.875,
                16,
                1.83517
              ],
              "rotation": [
                0,
                0,
                -2.5
              ],
              "uv": [
                0,
                81
              ]
            },
            {
              "origin": [
                3.325,
                15.925,
                1.41017
              ],
              "size": [
                3,
                4,
                1
              ],
              "pivot": [
                4.15,
                16,
                1.41017
              ],
              "rotation": [
                0,
                0,
                -2.5
              ],
              "uv": [
                80,
                7
              ]
            },
            {
              "origin": [
                6.525,
                15,
                1.36017
              ],
              "size": [
                3,
                5,
                1
              ],
              "pivot": [
                7.4,
                15.5,
                1.36017
              ],
              "rotation": [
                0,
                0,
                -5.5
              ],
              "uv": [
                76,
                14
              ]
            },
            {
              "origin": [
                9.7,
                14.95,
                1.41017
              ],
              "size": [
                3,
                5,
                1
              ],
              "pivot": [
                10.7,
                15.5,
                1.41017
              ],
              "rotation": [
                0,
                0,
                -7.5
              ],
              "uv": [
                76,
                21
              ]
            },
            {
              "origin": [
                12.44344,
                10.93976,
                1.83517
              ],
              "size": [
                3,
                8,
                0
              ],
              "pivot": [
                11.33963,
                16.74684,
                1.87267
              ],
              "rotation": [
                0,
                0,
                -22.5
              ],
              "uv": [
                74,
                68
              ]
            }
          ]
        },
        {
          "name": "wing_left2",
          "parent": "wing_left",
          "pivot": [
            12.55676,
            21.00922,
            1.81517
          ],
          "rotation": [
            0,
            0,
            -37.5
          ],
          "cubes": [
            {
              "origin": [
                12.8,
                12,
                1.78517
              ],
              "size": [
                3,
                8,
                0
              ],
              "uv": [
                78,
                59
              ]
            },
            {
              "origin": [
                12.5,
                20,
                0.33517
              ],
              "size": [
                8,
                2,
                3
              ],
              "uv": [
                25,
                33
              ]
            },
            {
              "origin": [
                15.975,
                11,
                1.83517
              ],
              "size": [
                3,
                9,
                0
              ],
              "pivot": [
                16.325,
                15.5,
                1.83517
              ],
              "rotation": [
                0,
                0,
                -7.5
              ],
              "uv": [
                67,
                70
              ]
            },
            {
              "origin": [
                18.1,
                11,
                1.78517
              ],
              "size": [
                3,
                9,
                0
              ],
              "uv": [
                60,
                70
              ]
            },
            {
              "origin": [
                20.76863,
                11.84599,
                1.83517
              ],
              "size": [
                3,
                9,
                0
              ],
              "pivot": [
                22.66863,
                15.64599,
                1.83517
              ],
              "rotation": [
                0,
                0,
                -25
              ],
              "uv": [
                18,
                70
              ]
            },
            {
              "origin": [
                12.075,
                15,
                1.36017
              ],
              "size": [
                3,
                5,
                1
              ],
              "uv": [
                76,
                28
              ]
            },
            {
              "origin": [
                15.3,
                15,
                1.41017
              ],
              "size": [
                3,
                5,
                1
              ],
              "pivot": [
                15.6,
                15.5,
                1.41017
              ],
              "rotation": [
                0,
                0,
                -7.5
              ],
              "uv": [
                39,
                77
              ]
            },
            {
              "origin": [
                17.375,
                15,
                1.36017
              ],
              "size": [
                3,
                5,
                1
              ],
              "uv": [
                74,
                77
              ]
            }
          ]
        },
        {
          "name": "wing_left3",
          "parent": "wing_left2",
          "pivot": [
            20.24245,
            21.08465,
            1.81851
          ],
          "rotation": [
            0,
            0,
            -27.5
          ],
          "cubes": [
            {
              "origin": [
                20.225,
                20,
                0.83517
              ],
              "size": [
                9,
                2,
                2
              ],
              "uv": [
                39,
                25
              ]
            },
            {
              "origin": [
                21.525,
                10.175,
                1.78517
              ],
              "size": [
                3,
                10,
                0
              ],
              "pivot": [
                25.2,
                14.5,
                1.78517
              ],
              "rotation": [
                0,
                0,
                -0.5
              ],
              "uv": [
                46,
                66
              ]
            },
            {
              "origin": [
                24.9,
                9.775,
                1.83517
              ],
              "size": [
                3,
                11,
                0
              ],
              "pivot": [
                25.2,
                14.5,
                1.83517
              ],
              "rotation": [
                0,
                0,
                -12.5
              ],
              "uv": [
                39,
                64
              ]
            },
            {
              "origin": [
                26.9,
                4.525,
                1.78517
              ],
              "size": [
                3,
                13,
                0
              ],
              "pivot": [
                21.725,
                15.5,
                1.78517
              ],
              "rotation": [
                0,
                0,
                -32.5
              ],
              "uv": [
                14,
                53
              ]
            },
            {
              "origin": [
                29.225,
                3.525,
                1.83517
              ],
              "size": [
                3,
                13,
                0
              ],
              "pivot": [
                24.725,
                15.5,
                1.83517
              ],
              "rotation": [
                0,
                0,
                -50
              ],
              "uv": [
                48,
                52
              ]
            },
            {
              "origin": [
                20.8,
                13.175,
                1.36017
              ],
              "size": [
                3,
                7,
                1
              ],
              "pivot": [
                24.475,
                14.5,
                1.36017
              ],
              "rotation": [
                0,
                0,
                -0.5
              ],
              "uv": [
                0,
                65
              ]
            },
            {
              "origin": [
                24.35,
                12.775,
                1.41017
              ],
              "size": [
                3,
                8,
                1
              ],
              "pivot": [
                24.475,
                14.5,
                1.41017
              ],
              "rotation": [
                0,
                0,
                -12.5
              ],
              "uv": [
                62,
                37
              ]
            },
            {
              "origin": [
                26.175,
                9.525,
                1.36017
              ],
              "size": [
                3,
                8,
                1
              ],
              "pivot": [
                21,
                15.5,
                1.36017
              ],
              "rotation": [
                0,
                0,
                -32.5
              ],
              "uv": [
                63,
                47
              ]
            },
            {
              "origin": [
                28.5,
                8.525,
                1.41017
              ],
              "size": [
                3,
                8,
                1
              ],
              "pivot": [
                24,
                15.5,
                1.41017
              ],
              "rotation": [
                0,
                0,
                -50
              ],
              "uv": [
                30,
                64
              ]
            },
            {
              "origin": [
                31.3,
                3.375,
                1.83517
              ],
              "size": [
                3,
                13,
                0
              ],
              "pivot": [
                27.725,
                15.5,
                1.83517
              ],
              "rotation": [
                0,
                0,
                -75
              ],
              "uv": [
                7,
                51
              ]
            }
          ]
        },
        {
          "name": "wing_right",
          "parent": "chest",
          "pivot": [
            -3.02324,
            20.95305,
            1.82267
          ],
          "rotation": [
            0,
            0,
            45
          ],
          "cubes": [
            {
              "origin": [
                -13,
                19.5,
                0.33517
              ],
              "size": [
                10,
                3,
                3
              ],
              "uv": [
                22,
                0
              ]
            },
            {
              "origin": [
                -13.3,
                11.95,
                1.83517
              ],
              "size": [
                3,
                8,
                0
              ],
              "pivot": [
                -11.425,
                15.5,
                1.83517
              ],
              "rotation": [
                0,
                0,
                7.5
              ],
              "uv": [
                32,
                74
              ]
            },
            {
              "origin": [
                -10.25,
                12,
                1.78517
              ],
              "size": [
                3,
                8,
                0
              ],
              "pivot": [
                -8.125,
                15.5,
                1.78517
              ],
              "rotation": [
                0,
                0,
                5.5
              ],
              "uv": [
                25,
                74
              ]
            },
            {
              "origin": [
                -7.175,
                12.925,
                1.83517
              ],
              "size": [
                3,
                7,
                0
              ],
              "pivot": [
                -4.875,
                16,
                1.83517
              ],
              "rotation": [
                0,
                0,
                2.5
              ],
              "uv": [
                62,
                80
              ]
            },
            {
              "origin": [
                -6.325,
                15.925,
                1.41017
              ],
              "size": [
                3,
                4,
                1
              ],
              "pivot": [
                -4.15,
                16,
                1.41017
              ],
              "rotation": [
                0,
                0,
                2.5
              ],
              "uv": [
                79,
                53
              ]
            },
            {
              "origin": [
                -9.525,
                15,
                1.36017
              ],
              "size": [
                3,
                5,
                1
              ],
              "pivot": [
                -7.4,
                15.5,
                1.36017
              ],
              "rotation": [
                0,
                0,
                5.5
              ],
              "uv": [
                9,
                74
              ]
            },
            {
              "origin": [
                -12.7,
                14.95,
                1.41017
              ],
              "size": [
                3,
                5,
                1
              ],
              "pivot": [
                -10.7,
                15.5,
                1.41017
              ],
              "rotation": [
                0,
                0,
                7.5
              ],
              "uv": [
                0,
                74
              ]
            },
            {
              "origin": [
                -15.41671,
                10.99708,
                1.83517
              ],
              "size": [
                3,
                8,
                0
              ],
              "pivot": [
                -11.33963,
                16.74684,
                1.87267
              ],
              "rotation": [
                0,
                0,
                22.5
              ],
              "uv": [
                72,
                44
              ]
            }
          ]
        },
        {
          "name": "wing_right2",
          "parent": "wing_right",
          "pivot": [
            -12.55676,
            21.00922,
            1.81517
          ],
          "rotation": [
            0,
            0,
            37.5
          ],
          "cubes": [
            {
              "origin": [
                -15.8,
                12,
                1.78517
              ],
              "size": [
                3,
                8,
                0
              ],
              "uv": [
                71,
                59
              ]
            },
            {
              "origin": [
                -20.5,
                20,
                0.33517
              ],
              "size": [
                8,
                2,
                3
              ],
              "uv": [
                19,
                27
              ]
            },
            {
              "origin": [
                -18.975,
                11,
                1.83517
              ],
              "size": [
                3,
                9,
                0
              ],
              "pivot": [
                -16.325,
                15.5,
                1.83517
              ],
              "rotation": [
                0,
                0,
                7.5
              ],
              "uv": [
                53,
                69
              ]
            },
            {
              "origin": [
                -21.1,
                11,
                1.78517
              ],
              "size": [
                3,
                9,
                0
              ],
              "uv": [
                69,
                27
              ]
            },
            {
              "origin": [
                -23.76863,
                11.84599,
                1.83517
              ],
              "size": [
                3,
                9,
                0
              ],
              "pivot": [
                -22.66863,
                15.64599,
                1.83517
              ],
              "rotation": [
                0,
                0,
                25
              ],
              "uv": [
                69,
                17
              ]
            },
            {
              "origin": [
                -15.075,
                15,
                1.36017
              ],
              "size": [
                3,
                5,
                1
              ],
              "uv": [
                71,
                37
              ]
            },
            {
              "origin": [
                -18.3,
                15,
                1.41017
              ],
              "size": [
                3,
                5,
                1
              ],
              "pivot": [
                -15.6,
                15.5,
                1.41017
              ],
              "rotation": [
                0,
                0,
                7.5
              ],
              "uv": [
                71,
                7
              ]
            },
            {
              "origin": [
                -20.375,
                15,
                1.36017
              ],
              "size": [
                3,
                5,
                1
              ],
              "uv": [
                70,
                0
              ]
            }
          ]
        },
        {
          "name": "wing_right3",
          "parent": "wing_right2",
          "pivot": [
            -20.24245,
            21.08465,
            1.81851
          ],
          "rotation": [
            0,
            0,
            27.5
          ],
          "cubes": [
            {
              "origin": [
                -29.225,
                20,
                0.83517
              ],
              "size": [
                9,
                2,
                2
              ],
              "uv": [
                25,
                39
              ]
            },
            {
              "origin": [
                -24.525,
                10.175,
                1.78517
              ],
              "size": [
                3,
                10,
                0
              ],
              "pivot": [
                -25.2,
                14.5,
                1.78517
              ],
              "rotation": [
                0,
                0,
                0.5
              ],
              "uv": [
                64,
                59
              ]
            },
            {
              "origin": [
                -27.9,
                9.775,
                1.83517
              ],
              "size": [
                3,
                11,
                0
              ],
              "pivot": [
                -25.2,
                14.5,
                1.83517
              ],
              "rotation": [
                0,
                0,
                12.5
              ],
              "uv": [
                62,
                23
              ]
            },
            {
              "origin": [
                -29.9,
                4.525,
                1.78517
              ],
              "size": [
                3,
                13,
                0
              ],
              "pivot": [
                -21.725,
                15.5,
                1.78517
              ],
              "rotation": [
                0,
                0,
                32.5
              ],
              "uv": [
                0,
                51
              ]
            },
            {
              "origin": [
                -32.225,
                3.525,
                1.83517
              ],
              "size": [
                3,
                13,
                0
              ],
              "pivot": [
                -24.725,
                15.5,
                1.83517
              ],
              "rotation": [
                0,
                0,
                50
              ],
              "uv": [
                41,
                50
              ]
            },
            {
              "origin": [
                -23.8,
                13.175,
                1.36017
              ],
              "size": [
                3,
                7,
                1
              ],
              "pivot": [
                -24.475,
                14.5,
                1.36017
              ],
              "rotation": [
                0,
                0,
                0.5
              ],
              "uv": [
                0,
                16
              ]
            },
            {
              "origin": [
                -27.35,
                12.775,
                1.41017
              ],
              "size": [
                3,
                8,
                1
              ],
              "pivot": [
                -24.475,
                14.5,
                1.41017
              ],
              "rotation": [
                0,
                0,
                12.5
              ],
              "uv": [
                62,
                7
              ]
            },
            {
              "origin": [
                -29.175,
                9.525,
                1.36017
              ],
              "size": [
                3,
                8,
                1
              ],
              "pivot": [
                -21,
                15.5,
                1.36017
              ],
              "rotation": [
                0,
                0,
                32.5
              ],
              "uv": [
                21,
                60
              ]
            },
            {
              "origin": [
                -31.5,
                8.525,
                1.41017
              ],
              "size": [
                3,
                8,
                1
              ],
              "pivot": [
                -24,
                15.5,
                1.41017
              ],
              "rotation": [
                0,
                0,
                50
              ],
              "uv": [
                55,
                59
              ]
            },
            {
              "origin": [
                -34.3,
                3.375,
                1.83517
              ],
              "size": [
                3,
                13,
                0
              ],
              "pivot": [
                -27.725,
                15.5,
                1.83517
              ],
              "rotation": [
                0,
                0,
                75
              ],
              "uv": [
                34,
                50
              ]
            }
          ]
        },
        {
          "name": "neck",
          "parent": "chest",
          "pivot": [
            0,
            19,
            0.83517
          ],
          "cubes": [
            {
              "origin": [
                -3,
                15,
                -2.16483
              ],
              "size": [
                6,
                8,
                6
              ],
              "uv": [
                0,
                27
              ]
            },
            {
              "origin": [
                0.75,
                22,
                -0.46483
              ],
              "size": [
                2,
                2,
                5
              ],
              "pivot": [
                2.75,
                23,
                2.03517
              ],
              "rotation": [
                0,
                -35,
                0
              ],
              "uv": [
                48,
                30
              ]
            },
            {
              "origin": [
                -2.85,
                22,
                -0.46483
              ],
              "size": [
                2,
                2,
                5
              ],
              "pivot": [
                -2.75,
                23,
                2.03517
              ],
              "rotation": [
                0,
                35,
                0
              ],
              "uv": [
                47,
                2
              ]
            },
            {
              "origin": [
                -1.5,
                20.725,
                -2.38983
              ],
              "size": [
                3,
                2,
                0
              ],
              "pivot": [
                0,
                21.5,
                -2.18983
              ],
              "rotation": [
                -11.25,
                0,
                0
              ],
              "uv": [
                13,
                42
              ]
            }
          ]
        },
        {
          "name": "bib",
          "parent": "neck",
          "pivot": [
            2.75,
            22.25,
            -0.46483
          ],
          "rotation": [
            -5,
            0,
            0
          ],
          "cubes": [
            {
              "origin": [
                -4,
                22.525,
                -3.78983
              ],
              "size": [
                2,
                2,
                4
              ],
              "pivot": [
                -2.75,
                22.75,
                -0.46483
              ],
              "rotation": [
                72.5,
                0,
                0
              ],
              "uv": [
                49,
                38
              ]
            },
            {
              "origin": [
                2,
                22.525,
                -3.78983
              ],
              "size": [
                2,
                2,
                4
              ],
              "pivot": [
                2.75,
                22.75,
                -0.46483
              ],
              "rotation": [
                72.5,
                0,
                0
              ],
              "uv": [
                21,
                53
              ]
            }
          ]
        },
        {
          "name": "bib2",
          "parent": "bib",
          "pivot": [
            0,
            20.20433,
            -2.21679
          ],
          "rotation": [
            -95,
            0,
            0
          ],
          "cubes": [
            {
              "origin": [
                -3.5,
                19.70433,
                -2.21679
              ],
              "size": [
                7,
                1,
                8
              ],
              "uv": [
                24,
                8
              ]
            }
          ]
        },
        {
          "name": "bib3",
          "parent": "bib2",
          "pivot": [
            0,
            20.50433,
            5.78321
          ],
          "rotation": [
            10,
            0,
            0
          ],
          "cubes": [
            {
              "origin": [
                -3.5,
                19.70433,
                5.78321
              ],
              "size": [
                7,
                1,
                9
              ],
              "uv": [
                0,
                16
              ]
            }
          ]
        },
        {
          "name": "bib4",
          "parent": "bib3",
          "pivot": [
            0,
            20.50433,
            14.78321
          ],
          "rotation": [
            -47.5,
            0,
            0
          ],
          "cubes": [
            {
              "origin": [
                -2.5,
                19.70433,
                14.78321
              ],
              "size": [
                5,
                1,
                4
              ],
              "uv": [
                34,
                44
              ]
            }
          ]
        },
        {
          "name": "neck2",
          "parent": "neck",
          "pivot": [
            0.5,
            21.575,
            0.33517
          ],
          "rotation": [
            -10,
            0,
            0
          ],
          "cubes": [
            {
              "origin": [
                -2,
                22.575,
                -2.16483
              ],
              "size": [
                4,
                4,
                4
              ],
              "uv": [
                17,
                44
              ]
            }
          ]
        },
        {
          "name": "neck3",
          "parent": "neck2",
          "pivot": [
            1,
            26.2,
            -0.18983
          ],
          "rotation": [
            2.5,
            0,
            0
          ],
          "cubes": [
            {
              "origin": [
                -1.5,
                26.53088,
                -1.69307
              ],
              "size": [
                3,
                4,
                3
              ],
              "uv": [
                52,
                15
              ]
            }
          ]
        },
        {
          "name": "neck4",
          "parent": "neck3",
          "pivot": [
            1.5,
            30.30281,
            -0.12304
          ],
          "rotation": [
            2.5,
            0,
            0
          ],
          "cubes": [
            {
              "origin": [
                -1,
                30.36554,
                -1.19395
              ],
              "size": [
                2,
                4,
                2
              ],
              "uv": [
                79,
                0
              ]
            }
          ]
        },
        {
          "name": "head",
          "parent": "neck4",
          "pivot": [
            0,
            34.36554,
            -0.19395
          ],
          "rotation": [
            10,
            0,
            0
          ],
          "cubes": [
            {
              "origin": [
                -2,
                34.36554,
                -2.19395
              ],
              "size": [
                4,
                4,
                4
              ],
              "uv": [
                0,
                42
              ]
            },
            {
              "origin": [
                0,
                35.21554,
                1.28105
              ],
              "size": [
                0,
                4,
                4
              ],
              "pivot": [
                0,
                36.36554,
                3.80605
              ],
              "rotation": [
                16.75,
                0,
                0
              ],
              "uv": [
                9,
                65
              ]
            },
            {
              "origin": [
                2.075,
                35.41554,
                -1.86895
              ],
              "size": [
                0,
                1,
                3
              ],
              "uv": [
                80,
                81
              ]
            },
            {
              "origin": [
                2.05,
                37.41554,
                -1.66895
              ],
              "size": [
                0,
                1,
                1
              ],
              "pivot": [
                2.05,
                36.59054,
                -0.61895
              ],
              "rotation": [
                17.5,
                0,
                0
              ],
              "uv": [
                24,
                18
              ]
            },
            {
              "origin": [
                -2.075,
                35.41554,
                -1.86895
              ],
              "size": [
                0,
                1,
                3
              ],
              "uv": [
                45,
                30
              ]
            },
            {
              "origin": [
                -2.05,
                37.41554,
                -1.66895
              ],
              "size": [
                0,
                1,
                1
              ],
              "pivot": [
                -2.05,
                36.59054,
                -0.61895
              ],
              "rotation": [
                17.5,
                0,
                0
              ],
              "uv": [
                22,
                0
              ]
            },
            {
              "origin": [
                -1,
                35.61554,
                -7.19395
              ],
              "size": [
                2,
                1,
                5
              ],
              "uv": [
                48,
                45
              ]
            },
            {
              "origin": [
                -0.5,
                35.61554,
                -11.19395
              ],
              "size": [
                1,
                1,
                4
              ],
              "uv": [
                68,
                53
              ]
            },
            {
              "origin": [
                -0.5,
                36.11554,
                -11.19395
              ],
              "size": [
                1,
                1,
                1
              ],
              "uv": [
                42,
                30
              ]
            }
          ]
        },
        {
          "name": "eye_left",
          "parent": "head",
          "pivot": [
            2.03333,
            36.81554,
            0.08105
          ],
          "cubes": [
            {
              "origin": [
                2.05,
                35.86639,
                -1.13856
              ],
              "size": [
                0,
                1,
                1
              ],
              "uv": [
                25,
                33
              ]
            },
            {
              "origin": [
                2.025,
                36.34054,
                -1.86895
              ],
              "size": [
                0,
                1,
                3
              ],
              "uv": [
                30,
                83
              ]
            },
            {
              "origin": [
                2.025,
                36.51554,
                0.73105
              ],
              "size": [
                0,
                1,
                1
              ],
              "uv": [
                19,
                27
              ]
            }
          ]
        },
        {
          "name": "eye_right",
          "parent": "head",
          "pivot": [
            -2.03333,
            36.81554,
            0.08105
          ],
          "cubes": [
            {
              "origin": [
                -2.05,
                35.86639,
                -1.13856
              ],
              "size": [
                0,
                1,
                1
              ],
              "uv": [
                4,
                0
              ]
            },
            {
              "origin": [
                -2.025,
                36.34054,
                -1.86895
              ],
              "size": [
                0,
                1,
                3
              ],
              "uv": [
                0,
                0
              ]
            },
            {
              "origin": [
                -2.025,
                36.51554,
                0.73105
              ],
              "size": [
                0,
                1,
                1
              ],
              "uv": [
                0,
                0
              ]
            }
          ]
        },
        {
          "name": "mouth",
          "parent": "head",
          "pivot": [
            0,
            35.75304,
            -2.19395
          ],
          "rotation": [
            2.5,
            0,
            0
          ],
          "cubes": [
            {
              "origin": [
                -1,
                34.91554,
                -4.19395
              ],
              "size": [
                2,
                1,
                2
              ],
              "uv": [
                47,
                10
              ]
            },
            {
              "origin": [
                -0.5,
                35.09054,
                -9.19395
              ],
              "size": [
                1,
                1,
                5
              ],
              "uv": [
                55,
                52
              ]
            }
          ]
        },
        {
          "name": "tail",
          "parent": "chest",
          "pivot": [
            0.5,
            19.65,
            4.88517
          ],
          "rotation": [
            15,
            0,
            0
          ],
          "cubes": [
            {
              "origin": [
                -1.5,
                7.975,
                6.41017
              ],
              "size": [
                3,
                8,
                0
              ],
              "pivot": [
                0.5,
                16,
                5.41017
              ],
              "rotation": [
                13.75,
                0,
                0
              ],
              "uv": [
                55,
                80
              ]
            },
            {
              "origin": [
                -0.975,
                8,
                5.96017
              ],
              "size": [
                3,
                8,
                0
              ],
              "pivot": [
                0.5,
                16,
                5.41017
              ],
              "rotation": [
                14.36043,
                19.22991,
                -15.86417
              ],
              "uv": [
                80,
                35
              ]
            },
            {
              "origin": [
                -2.025,
                8,
                5.96017
              ],
              "size": [
                3,
                8,
                0
              ],
              "pivot": [
                -0.5,
                16,
                5.41017
              ],
              "rotation": [
                14.36043,
                -19.22991,
                15.86417
              ],
              "uv": [
                18,
                80
              ]
            },
            {
              "origin": [
                -2,
                15.6,
                4.56017
              ],
              "size": [
                4,
                4,
                2
              ],
              "pivot": [
                0.5,
                16,
                5.58517
              ],
              "rotation": [
                13.75,
                0,
                0
              ],
              "uv": [
                57,
                0
              ]
            }
          ]
        },
        {
          "name": "leg_left",
          "parent": "body",
          "pivot": [
            2,
            14.775,
            1.86017
          ],
          "rotation": [
            17.56274,
            -4.76804,
            -1.50701
          ],
          "cubes": [
            {
              "origin": [
                1.5,
                9.525,
                1.33517
              ],
              "size": [
                1,
                3,
                1
              ],
              "uv": [
                55,
                52
              ]
            },
            {
              "origin": [
                1,
                11.775,
                0.83517
              ],
              "size": [
                2,
                3,
                2
              ],
              "uv": [
                81,
                68
              ]
            }
          ]
        },
        {
          "name": "leg_left2",
          "parent": "leg_left",
          "pivot": [
            2,
            9.625,
            1.83517
          ],
          "rotation": [
            -22.57734,
            -4.61854,
            1.91757
          ],
          "cubes": [
            {
              "origin": [
                1.5,
                1.59043,
                1.31411
              ],
              "size": [
                1,
                8,
                1
              ],
              "uv": [
                25,
                83
              ]
            }
          ]
        },
        {
          "name": "foot_left",
          "parent": "leg_left2",
          "pivot": [
            2.025,
            1.89043,
            1.81411
          ],
          "rotation": [
            0,
            -2.5,
            0
          ]
        },
        {
          "name": "finger_left",
          "parent": "foot_left",
          "pivot": [
            1.87514,
            1.89043,
            1.32066
          ],
          "rotation": [
            37.59468,
            -4.32875,
            -2.50477
          ],
          "cubes": [
            {
              "origin": [
                1.87514,
                1.39043,
                -1.17934
              ],
              "size": [
                1,
                2,
                1
              ],
              "pivot": [
                2.37514,
                1.39043,
                -0.67934
              ],
              "rotation": [
                -90,
                0,
                0
              ],
              "uv": [
                82,
                74
              ]
            }
          ]
        },
        {
          "name": "finger_left4",
          "parent": "finger_left",
          "pivot": [
            2.37514,
            1.39043,
            -0.67934
          ],
          "rotation": [
            -22.5,
            0,
            0
          ],
          "cubes": [
            {
              "origin": [
                1.87514,
                0.39043,
                -1.17934
              ],
              "size": [
                1,
                1,
                1
              ],
              "pivot": [
                2.37514,
                1.39043,
                -0.67934
              ],
              "rotation": [
                -90,
                0,
                0
              ],
              "uv": [
                74,
                84
              ]
            },
            {
              "origin": [
                2.37514,
                -0.85957,
                -1.17934
              ],
              "size": [
                0,
                2,
                1
              ],
              "pivot": [
                2.37514,
                1.39043,
                -0.67934
              ],
              "rotation": [
                -90,
                0,
                0
              ],
              "uv": [
                21,
                53
              ]
            }
          ]
        },
        {
          "name": "finger_left2",
          "parent": "foot_left",
          "pivot": [
            1.22514,
            1.96543,
            1.44566
          ],
          "rotation": [
            37.88126,
            8.64917,
            5.03837
          ],
          "cubes": [
            {
              "origin": [
                1.22514,
                1.46543,
                -1.05434
              ],
              "size": [
                1,
                2,
                1
              ],
              "pivot": [
                1.72514,
                1.46543,
                -0.55434
              ],
              "rotation": [
                -90,
                0,
                0
              ],
              "uv": [
                25,
                70
              ]
            }
          ]
        },
        {
          "name": "finger_left5",
          "parent": "finger_left2",
          "pivot": [
            1.72514,
            1.46543,
            -0.55434
          ],
          "rotation": [
            -20,
            0,
            0
          ],
          "cubes": [
            {
              "origin": [
                1.22514,
                0.46543,
                -1.05434
              ],
              "size": [
                1,
                1,
                1
              ],
              "pivot": [
                1.72514,
                1.46543,
                -0.55434
              ],
              "rotation": [
                -90,
                0,
                0
              ],
              "uv": [
                39,
                84
              ]
            },
            {
              "origin": [
                1.72514,
                -0.78457,
                -1.05434
              ],
              "size": [
                0,
                2,
                1
              ],
              "pivot": [
                1.72514,
                1.46543,
                -0.55434
              ],
              "rotation": [
                -90,
                0,
                0
              ],
              "uv": [
                49,
                3
              ]
            }
          ]
        },
        {
          "name": "finger_left3",
          "parent": "foot_left",
          "pivot": [
            2.00014,
            2.09043,
            1.84566
          ],
          "rotation": [
            -142.99654,
            -10.59131,
            -179.95397
          ],
          "cubes": [
            {
              "origin": [
                1.50014,
                1.59043,
                -0.65434
              ],
              "size": [
                1,
                2,
                1
              ],
              "pivot": [
                2.00014,
                1.59043,
                -0.15434
              ],
              "rotation": [
                -90,
                0,
                0
              ],
              "uv": [
                58,
                46
              ]
            }
          ]
        },
        {
          "name": "finger_left6",
          "parent": "finger_left3",
          "pivot": [
            2.00014,
            1.59043,
            -0.15434
          ],
          "rotation": [
            -35,
            0,
            0
          ],
          "cubes": [
            {
              "origin": [
                1.50014,
                0.59043,
                -0.65434
              ],
              "size": [
                1,
                1,
                1
              ],
              "pivot": [
                2.00014,
                1.59043,
                -0.15434
              ],
              "rotation": [
                -90,
                0,
                0
              ],
              "uv": [
                83,
                78
              ]
            },
            {
              "origin": [
                2.00014,
                -0.65957,
                -0.65434
              ],
              "size": [
                0,
                2,
                1
              ],
              "pivot": [
                2.00014,
                1.59043,
                -0.15434
              ],
              "rotation": [
                -90,
                0,
                0
              ],
              "uv": [
                35,
                44
              ]
            }
          ]
        },
        {
          "name": "leg_right",
          "parent": "body",
          "pivot": [
            -2,
            14.775,
            1.86017
          ],
          "rotation": [
            17.56274,
            4.76804,
            1.50701
          ],
          "cubes": [
            {
              "origin": [
                -2.5,
                9.525,
                1.33517
              ],
              "size": [
                1,
                3,
                1
              ],
              "uv": [
                0,
                27
              ]
            },
            {
              "origin": [
                -3,
                11.775,
                0.83517
              ],
              "size": [
                2,
                3,
                2
              ],
              "uv": [
                7,
                81
              ]
            }
          ]
        },
        {
          "name": "leg_right2",
          "parent": "leg_right",
          "pivot": [
            -2,
            9.625,
            1.83517
          ],
          "rotation": [
            -22.50945,
            1.61675,
            -0.66987
          ],
          "cubes": [
            {
              "origin": [
                -2.5,
                1.59043,
                1.31411
              ],
              "size": [
                1,
                8,
                1
              ],
              "uv": [
                69,
                80
              ]
            }
          ]
        },
        {
          "name": "foot_right",
          "parent": "leg_right2",
          "pivot": [
            -2.125,
            1.89043,
            1.81411
          ]
        },
        {
          "name": "finger_right",
          "parent": "foot_right",
          "pivot": [
            -1.875,
            1.89043,
            1.31411
          ],
          "rotation": [
            37.59468,
            4.32875,
            2.50477
          ],
          "cubes": [
            {
              "origin": [
                -2.875,
                1.39043,
                -1.18589
              ],
              "size": [
                1,
                2,
                1
              ],
              "pivot": [
                -2.375,
                1.39043,
                -0.68589
              ],
              "rotation": [
                -90,
                0,
                0
              ],
              "uv": [
                56,
                10
              ]
            }
          ]
        },
        {
          "name": "finger_right4",
          "parent": "finger_right",
          "pivot": [
            -2.375,
            1.39043,
            -0.68589
          ],
          "rotation": [
            -22.5,
            0,
            0
          ],
          "cubes": [
            {
              "origin": [
                -2.875,
                0.39043,
                -1.18589
              ],
              "size": [
                1,
                1,
                1
              ],
              "pivot": [
                -2.375,
                1.39043,
                -0.68589
              ],
              "rotation": [
                -90,
                0,
                0
              ],
              "uv": [
                34,
                83
              ]
            },
            {
              "origin": [
                -2.375,
                -0.85957,
                -1.18589
              ],
              "size": [
                0,
                2,
                1
              ],
              "pivot": [
                -2.375,
                1.39043,
                -0.68589
              ],
              "rotation": [
                -90,
                0,
                0
              ],
              "uv": [
                0,
                42
              ]
            }
          ]
        },
        {
          "name": "finger_right2",
          "parent": "foot_right",
          "pivot": [
            -1.225,
            1.96543,
            1.43911
          ],
          "rotation": [
            37.88126,
            -8.64917,
            -5.03837
          ],
          "cubes": [
            {
              "origin": [
                -2.225,
                1.46543,
                -1.06089
              ],
              "size": [
                1,
                2,
                1
              ],
              "pivot": [
                -1.725,
                1.46543,
                -0.56089
              ],
              "rotation": [
                -90,
                0,
                0
              ],
              "uv": [
                48,
                38
              ]
            }
          ]
        },
        {
          "name": "finger_right5",
          "parent": "finger_right2",
          "pivot": [
            -1.725,
            1.46543,
            -0.56089
          ],
          "rotation": [
            -20,
            0,
            0
          ],
          "cubes": [
            {
              "origin": [
                -2.225,
                0.46543,
                -1.06089
              ],
              "size": [
                1,
                1,
                1
              ],
              "pivot": [
                -1.725,
                1.46543,
                -0.56089
              ],
              "rotation": [
                -90,
                0,
                0
              ],
              "uv": [
                71,
                14
              ]
            },
            {
              "origin": [
                -1.725,
                -0.78457,
                -1.06089
              ],
              "size": [
                0,
                2,
                1
              ],
              "pivot": [
                -1.725,
                1.46543,
                -0.56089
              ],
              "rotation": [
                -90,
                0,
                0
              ],
              "uv": [
                29,
                11
              ]
            }
          ]
        },
        {
          "name": "finger_right3",
          "parent": "foot_right",
          "pivot": [
            -2,
            2.09043,
            1.83911
          ],
          "rotation": [
            -142.99654,
            10.59131,
            179.95397
          ],
          "cubes": [
            {
              "origin": [
                -2.5,
                1.59043,
                -0.66089
              ],
              "size": [
                1,
                2,
                1
              ],
              "pivot": [
                -2,
                1.59043,
                -0.16089
              ],
              "rotation": [
                -90,
                0,
                0
              ],
              "uv": [
                30,
                44
              ]
            }
          ]
        },
        {
          "name": "finger_right6",
          "parent": "finger_right3",
          "pivot": [
            -2,
            1.59043,
            -0.16089
          ],
          "rotation": [
            -35,
            0,
            0
          ],
          "cubes": [
            {
              "origin": [
                -2.5,
                0.59043,
                -0.66089
              ],
              "size": [
                1,
                1,
                1
              ],
              "pivot": [
                -2,
                1.59043,
                -0.16089
              ],
              "rotation": [
                -90,
                0,
                0
              ],
              "uv": [
                46,
                0
              ]
            },
            {
              "origin": [
                -2,
                -0.65957,
                -0.66089
              ],
              "size": [
                0,
                2,
                1
              ],
              "pivot": [
                -2,
                1.59043,
                -0.16089
              ],
              "rotation": [
                -90,
                0,
                0
              ],
              "uv": [
                29,
                7
              ]
            }
          ]
        }
      ]
    }
  ]
}