{"enabled":true,"neededInstalledMods":[],"neededUninstalledMods":[],"spawns":[{"id":"charmander-1","pokemon":"charmander","presets":["natural"],"type":"pokemon","spawnablePositionType":"grounded","bucket":"ultra-rare","level":"5-31","weight":6.0,"condition":{"minSkyLight":8,"maxSkyLight":15,"biomes":["#cobblemon:is_hills","#cobblemon:is_volcanic"],"isRaining":false}},{"id":"charmander-2","pokemon":"charmander","presets":["natural"],"type":"pokemon","spawnablePositionType":"grounded","bucket":"ultra-rare","level":"5-31","weight":6.0,"condition":{"biomes":["#cobblemon:nether/is_basalt"]}}]}