{"enabled":true,"neededInstalledMods":[],"neededUninstalledMods":[],"spawns":[{"id":"charizard-1","pokemon":"charizard","presets":["natural"],"type":"pokemon","spawnablePositionType":"grounded","bucket":"ultra-rare","level":"36-53","weight":0.4,"condition":{"minSkyLight":8,"maxSkyLight":15,"biomes":["#cobblemon:is_hills","#cobblemon:is_volcanic"],"isRaining":false}},{"id":"charizard-2","pokemon":"charizard","presets":["natural"],"type":"pokemon","spawnablePositionType":"grounded","bucket":"ultra-rare","level":"36-53","weight":0.4,"condition":{"biomes":["#cobblemon:nether/is_basalt"]}}]}