{"enabled":true,"neededInstalledMods":[],"neededUninstalledMods":[],"spawns":[{"id":"squirtle-1","pokemon":"squirtle","presets":["natural"],"type":"pokemon","spawnablePositionType":"grounded","bucket":"ultra-rare","level":"5-31","weight":6.0,"condition":{"minSkyLight":8,"maxSkyLight":15,"biomes":["#cobblemon:is_freshwater","#cobblemon:is_hills","#cobblemon:is_jungle","#cobblemon:is_temperate","#cobblemon:is_tropical_island"],"neededNearbyBlocks":["minecraft:water"]},"anticondition":{"biomes":["#cobblemon:is_freezing"]}},{"id":"squirtle-2","pokemon":"squirtle","presets":["water"],"type":"pokemon","spawnablePositionType":"submerged","bucket":"ultra-rare","level":"5-31","weight":6.0,"condition":{"canSeeSky":true,"biomes":["#cobblemon:is_freshwater","#cobblemon:is_hills","#cobblemon:is_jungle","#cobblemon:is_temperate","#cobblemon:is_tropical_island"]},"anticondition":{"biomes":["#cobblemon:is_freezing"]}},{"id":"squirtle-3","pokemon":"squirtle","type":"pokemon","spawnablePositionType":"fishing","bucket":"ultra-rare","level":"5-31","weight":6.0,"condition":{"canSeeSky":true,"biomes":["#cobblemon:is_freshwater","#cobblemon:is_hills","#cobblemon:is_jungle","#cobblemon:is_temperate","#cobblemon:is_tropical_island"]},"anticondition":{"biomes":["#cobblemon:is_freezing"]}},{"id":"squirtle-4","pokemon":"squirtle","presets":["water"],"type":"pokemon","spawnablePositionType":"submerged","bucket":"ultra-rare","level":"5-31","weight":6.0,"condition":{"canSeeSky":false,"minSkyLight":8,"maxSkyLight":15,"biomes":["#cobblemon:is_freshwater","#cobblemon:is_hills","#cobblemon:is_jungle","#cobblemon:is_temperate","#cobblemon:is_tropical_island"]},"anticondition":{"biomes":["#cobblemon:is_freezing"]}},{"id":"squirtle-5","pokemon":"squirtle","type":"pokemon","spawnablePositionType":"fishing","bucket":"ultra-rare","level":"5-31","weight":6.0,"condition":{"canSeeSky":false,"minSkyLight":8,"maxSkyLight":15,"biomes":["#cobblemon:is_freshwater","#cobblemon:is_hills","#cobblemon:is_jungle","#cobblemon:is_temperate","#cobblemon:is_tropical_island"]},"anticondition":{"biomes":["#cobblemon:is_freezing"]}}]}