{
  "enabled": true,
  "neededInstalledMods": [],
  "neededUninstalledMods": [],
  "spawns": [
    {
      "id": "wartortle-1",
      "pokemon": "wartortle",
      "presets": [
        "natural"
      ],
      "type": "pokemon",
      "spawnablePositionType": "grounded",
      "bucket": "ultra-rare",
      "level": "16-40",
      "weight": 3.6,
      "condition": {
        "minSkyLight": 8,
        "maxSkyLight": 15,
        "biomes": [
          "#cobblemon:is_freshwater",
          "#cobblemon:is_hills",
          "#cobblemon:is_jungle",
          "#cobblemon:is_temperate",
          "#cobblemon:is_tropical_island"
        ],
        "neededNearbyBlocks": [
          "minecraft:water"
        ]
      },
      "anticondition": {
        "biomes": [
          "#cobblemon:is_freezing"
        ]
      }
    },
    {
      "id": "wartortle-2",
      "pokemon": "wartortle",
      "presets": [
        "water"
      ],
      "type": "pokemon",
      "spawnablePositionType": "submerged",
      "bucket": "ultra-rare",
      "level": "16-40",
      "weight": 3.6,
      "condition": {
        "canSeeSky": true,
        "biomes": [
          "#cobblemon:is_freshwater",
          "#cobblemon:is_hills",
          "#cobblemon:is_jungle",
          "#cobblemon:is_temperate",
          "#cobblemon:is_tropical_island"
        ]
      },
      "anticondition": {
        "biomes": [
          "#cobblemon:is_freezing"
        ]
      }
    },
    {
      "id": "wartortle-3",
      "pokemon": "wartortle",
      "type": "pokemon",
      "spawnablePositionType": "fishing",
      "bucket": "ultra-rare",
      "level": "16-40",
      "weight": 3.6,
      "condition": {
        "canSeeSky": true,
        "biomes": [
          "#cobblemon:is_freshwater",
          "#cobblemon:is_hills",
          "#cobblemon:is_jungle",
          "#cobblemon:is_temperate",
          "#cobblemon:is_tropical_island"
        ]
      },
      "anticondition": {
        "biomes": [
          "#cobblemon:is_freezing"
        ]
      }
    },
    {
      "id": "wartortle-4",
      "pokemon": "wartortle",
      "presets": [
        "water"
      ],
      "type": "pokemon",
      "spawnablePositionType": "submerged",
      "bucket": "ultra-rare",
      "level": "16-40",
      "weight": 3.6,
      "condition": {
        "canSeeSky": false,
        "minSkyLight": 8,
        "maxSkyLight": 15,
        "biomes": [
          "#cobblemon:is_freshwater",
          "#cobblemon:is_hills",
          "#cobblemon:is_jungle",
          "#cobblemon:is_temperate",
          "#cobblemon:is_tropical_island"
        ]
      },
      "anticondition": {
        "biomes": [
          "#cobblemon:is_freezing"
        ]
      }
    },
    {
      "id": "wartortle-5",
      "pokemon": "wartortle",
      "type": "pokemon",
      "spawnablePositionType": "fishing",
      "bucket": "ultra-rare",
      "level": "16-40",
      "weight": 3.6,
      "condition": {
        "canSeeSky": false,
        "minSkyLight": 8,
        "maxSkyLight": 15,
        "biomes": [
          "#cobblemon:is_freshwater",
          "#cobblemon:is_hills",
          "#cobblemon:is_jungle",
          "#cobblemon:is_temperate",
          "#cobblemon:is_tropical_island"
        ]
      },
      "anticondition": {
        "biomes": [
          "#cobblemon:is_freezing"
        ]
      }
    },
    {
      "id": "wartortle-6",
      "pokemon": "wartortle",
      "presets": [
        "natural",
        "wild"
      ],
      "type": "pokemon",
      "context": "grounded",
      "bucket": "rare",
      "level": "17-35",
      "weight": 5.4,
      "condition": {
        "minSkyLight": 0,
        "maxSkyLight": 15,
        "biomes": [
          "aether:skyroot_meadow",
          "aether:skyroot_grove",
          "aether:skyroot_woodland",
          "aether:skyroot_forest"
        ],
        "dimensions": [
          "aether:the_aether"
        ]
      }
    }
  ]
}
