{
  "enabled": true,
  "neededInstalledMods": [],
  "neededUninstalledMods": [],
  "spawns": [
    {
      "id": "caterpie-1",
      "pokemon": "caterpie",
      "presets": [
        "natural",
        "foliage",
        "treetop"
      ],
      "type": "pokemon",
      "spawnablePositionType": "grounded",
      "bucket": "common",
      "level": "1-20",
      "weight": 7.0,
      "condition": {
        "minSkyLight": 8,
        "maxSkyLight": 15,
        "biomes": [
          "#cobblemon:is_forest",
          "#cobblemon:is_plains"
        ]
      },
      "anticondition": {
        "biomes": [
          "#cobblemon:is_freezing",
          "#cobblemon:is_spooky"
        ]
      }
    },
    {
      "id": "caterpie-1-aether",
      "pokemon": "caterpie",
      "presets": [
        "natural",
        "foliage",
        "treetop"
      ],
      "type": "pokemon",
      "spawnablePositionType": "grounded",
      "bucket": "common",
      "level": "1-20",
      "weight": 7.0,
      "condition": {
        "minSkyLight": 8,
        "maxSkyLight": 15,
        "biomes": [
          "aether:skyroot_forest",
          "aether:skyroot_woodland"
        ],
        "dimensions": [
          "aether:the_aether"
        ]
      },
      "anticondition": {
        "biomes": [
          "#cobblemon:is_freezing",
          "#cobblemon:is_spooky"
        ]
      }
    },
    {
      "id": "caterpie-valencian-2",
      "pokemon": "caterpie valencian",
      "presets": [
        "natural",
        "treetop"
      ],
      "type": "pokemon",
      "spawnablePositionType": "grounded",
      "bucket": "common",
      "level": "1-20",
      "weight": 7.0,
      "condition": {
        "minSkyLight": 8,
        "maxSkyLight": 15,
        "biomes": [
          "#cobblemon:is_jungle",
          "#cobblemon:is_tropical_island"
        ]
      }
    },
    {
      "id": "caterpie-valencian-3",
      "pokemon": "caterpie valencian",
      "type": "pokemon",
      "spawnablePositionType": "grounded",
      "bucket": "common",
      "level": "1-20",
      "weight": 4.5,
      "condition": {
        "biomes": [
          "the_bumblezone:floral_meadow"
        ],
        "dimensions": [
          "the_bumblezone:the_bumblezone"
        ]
      },
      "anticondition": {
        "structures": [
          "#the_bumblezone:sempiternal_sanctums"
        ]
      }
    }
  ]
}
