{"enabled":true,"neededInstalledMods":[],"neededUninstalledMods":[],"spawns":[{"id":"rattata-1","pokemon":"rattata","presets":["natural"],"type":"pokemon","spawnablePositionType":"grounded","bucket":"common","level":"1-25","weight":9.0,"condition":{"minSkyLight":8,"maxSkyLight":15,"biomes":["#cobblemon:is_grassland"],"timeRange":"night"},"anticondition":{"biomes":["#cobblemon:is_spooky"]}},{"id":"rattata-2","pokemon":"rattata","presets":["natural"],"type":"pokemon","spawnablePositionType":"grounded","bucket":"common","level":"1-25","weight":9.0,"condition":{"minSkyLight":0,"maxSkyLight":7,"biomes":["#cobblemon:is_overworld"],"minY":0},"anticondition":{"biomes":["#cobblemon:is_deep_dark"]}},{"id":"rattata-3","pokemon":"rattata","presets":["derelict"],"type":"pokemon","spawnablePositionType":"grounded","bucket":"uncommon","level":"1-25","weight":8.4,"condition":{"canSeeSky":false,"biomes":["#cobblemon:is_overworld"],"minY":0},"anticondition":{"biomes":["#cobblemon:is_deep_dark"]}},{"id":"rattata-alolan-4","pokemon":"rattata alolan","presets":["natural"],"type":"pokemon","spawnablePositionType":"grounded","bucket":"common","level":"1-25","weight":9.0,"condition":{"minSkyLight":0,"maxSkyLight":7,"biomes":["#cobblemon:is_overworld"],"maxY":0},"anticondition":{"biomes":["#cobblemon:is_deep_dark"]}},{"id":"rattata-alolan-5","pokemon":"rattata alolan","presets":["derelict"],"type":"pokemon","spawnablePositionType":"grounded","bucket":"uncommon","level":"1-25","weight":8.4,"condition":{"canSeeSky":false,"biomes":["#cobblemon:is_overworld"],"maxY":0},"anticondition":{"biomes":["#cobblemon:is_deep_dark"]}},{"id":"rattata-alolan-6","pokemon":"rattata alolan","presets":["natural"],"type":"pokemon","spawnablePositionType":"grounded","bucket":"common","level":"1-25","weight":9.0,"condition":{"minSkyLight":8,"maxSkyLight":15,"biomes":["#cobblemon:is_spooky"],"timeRange":"night"}},{"id":"rattata-alolan-7","pokemon":"rattata alolan","presets":["derelict"],"type":"pokemon","spawnablePositionType":"grounded","bucket":"uncommon","level":"1-25","weight":8.4,"condition":{"canSeeSky":false,"biomes":["#cobblemon:is_spooky"]},"anticondition":{"biomes":["#cobblemon:is_deep_dark"]}}]}