{"enabled":true,"neededInstalledMods":[],"neededUninstalledMods":[],"spawns":[{"id":"raticate-1","pokemon":"raticate","presets":["natural"],"type":"pokemon","spawnablePositionType":"grounded","bucket":"common","level":"20-41","weight":1.0,"condition":{"minSkyLight":8,"maxSkyLight":15,"biomes":["#cobblemon:is_grassland"],"timeRange":"night"},"anticondition":{"biomes":["#cobblemon:is_spooky"]}},{"id":"raticate-2","pokemon":"raticate","presets":["natural"],"type":"pokemon","spawnablePositionType":"grounded","bucket":"common","level":"20-41","weight":1.0,"condition":{"minSkyLight":0,"maxSkyLight":7,"biomes":["#cobblemon:is_overworld"],"minY":0},"anticondition":{"biomes":["#cobblemon:is_deep_dark"]}},{"id":"raticate-3","pokemon":"raticate","presets":["derelict"],"type":"pokemon","spawnablePositionType":"grounded","bucket":"uncommon","level":"20-41","weight":1.6,"condition":{"canSeeSky":false,"biomes":["#cobblemon:is_overworld"],"minY":0},"anticondition":{"biomes":["#cobblemon:is_deep_dark"]}},{"id":"raticate-alolan-4","pokemon":"raticate alolan","presets":["natural"],"type":"pokemon","spawnablePositionType":"grounded","bucket":"common","level":"20-41","weight":1.0,"condition":{"minSkyLight":0,"maxSkyLight":7,"biomes":["#cobblemon:is_overworld"],"maxY":0},"anticondition":{"biomes":["#cobblemon:is_deep_dark"]}},{"id":"raticate-alolan-5","pokemon":"raticate alolan","presets":["derelict"],"type":"pokemon","spawnablePositionType":"grounded","bucket":"uncommon","level":"20-41","weight":1.6,"condition":{"canSeeSky":false,"biomes":["#cobblemon:is_overworld"],"maxY":0},"anticondition":{"biomes":["#cobblemon:is_deep_dark"]}},{"id":"raticate-alolan-6","pokemon":"raticate alolan","presets":["natural"],"type":"pokemon","spawnablePositionType":"grounded","bucket":"common","level":"20-41","weight":1.0,"condition":{"minSkyLight":8,"maxSkyLight":15,"biomes":["#cobblemon:is_spooky"],"timeRange":"night"}},{"id":"raticate-alolan-7","pokemon":"raticate alolan","presets":["derelict"],"type":"pokemon","spawnablePositionType":"grounded","bucket":"uncommon","level":"20-41","weight":1.6,"condition":{"canSeeSky":false,"biomes":["#cobblemon:is_spooky"]},"anticondition":{"biomes":["#cobblemon:is_deep_dark"]}}]}