{
  "enabled": true,
  "neededInstalledMods": [],
  "neededUninstalledMods": [],
  "spawns": [
    {
      "id": "sandshrew-1",
      "pokemon": "sandshrew",
      "presets": [
        "natural"
      ],
      "type": "pokemon",
      "spawnablePositionType": "grounded",
      "bucket": "common",
      "level": "5-28",
      "weight": 10.0,
      "condition": {
        "biomes": [
          "#cobblemon:is_arid"
        ]
      }
    },
    {
      "id": "sandshrew-alolan-freezing-1",
      "pokemon": "sandshrew alolan",
      "presets": [
        "natural"
      ],
      "type": "pokemon",
      "spawnablePositionType": "grounded",
      "bucket": "uncommon",
      "level": "8-30",
      "weight": 6.0,
      "condition": {
        "biomes": [
          "#cobblemon:is_freezing"
        ]
      }
    },
    {
      "id": "sandshrew-alolan-glacial-1",
      "pokemon": "sandshrew alolan",
      "presets": [
        "natural"
      ],
      "type": "pokemon",
      "spawnablePositionType": "grounded",
      "bucket": "rare",
      "level": "12-35",
      "weight": 3.5,
      "condition": {
        "biomes": [
          "#cobblemon:is_glacial"
        ]
      }
    }
  ]
}
