{"enabled":true,"neededInstalledMods":[],"neededUninstalledMods":[],"spawns":[{"id":"vulpix-1","pokemon":"vulpix","presets":["natural"],"type":"pokemon","spawnablePositionType":"grounded","bucket":"uncommon","level":"5-30","weight":5.52,"weightMultiplier":{"multiplier":2.5,"condition":{"timeRange":"twilight"}},"condition":{"minSkyLight":8,"maxSkyLight":15,"biomes":["#cobblemon:is_forest","#cobblemon:is_taiga"]},"anticondition":{"biomes":["#cobblemon:is_freezing"]}},{"id":"vulpix-2","pokemon":"vulpix","presets":["natural"],"type":"pokemon","spawnablePositionType":"grounded","bucket":"common","level":"5-30","weight":1.9,"condition":{"biomes":["#cobblemon:nether/is_forest"]},"anticondition":{"biomes":["#cobblemon:nether/is_frozen"]}},{"id":"vulpix-alolan-3","pokemon":"vulpix alolan","presets":["natural"],"type":"pokemon","spawnablePositionType":"grounded","bucket":"uncommon","level":"5-30","weight":5.52,"weightMultiplier":{"multiplier":2.5,"condition":{"timeRange":"twilight"}},"condition":{"minSkyLight":8,"maxSkyLight":15,"biomes":["#cobblemon:is_snowy_forest","#cobblemon:is_snowy_taiga"]}},{"id":"vulpix-alolan-4","pokemon":"vulpix alolan","presets":["natural"],"type":"pokemon","spawnablePositionType":"grounded","bucket":"common","level":"5-30","weight":1.9,"condition":{"biomes":["#cobblemon:nether/is_frozen"]}}]}