{
  "enabled": true,
  "neededInstalledMods": [],
  "neededUninstalledMods": [],
  "spawns": [
    {
      "id": "zubat-1",
      "pokemon": "zubat",
      "presets": [
        "natural"
      ],
      "type": "pokemon",
      "spawnablePositionType": "grounded",
      "bucket": "common",
      "level": "1-25",
      "weight": 1.8,
      "condition": {
        "minSkyLight": 8,
        "maxSkyLight": 15,
        "biomes": [
          "#cobblemon:is_forest",
          "#cobblemon:is_swamp"
        ],
        "timeRange": "night",
        "isRaining": false
      },
      "anticondition": {
        "biomes": [
          "#cobblemon:is_spooky",
          "#cobblemon:is_freezing"
        ]
      }
    },
    {
      "id": "zubat-3",
      "pokemon": "zubat",
      "presets": [
        "natural"
      ],
      "type": "pokemon",
      "spawnablePositionType": "grounded",
      "bucket": "common",
      "level": "1-25",
      "weight": 1.8,
      "weightMultiplier": {
        "multiplier": 0.25,
        "condition": {
          "timeRange": "night"
        }
      },
      "condition": {
        "minSkyLight": 0,
        "maxSkyLight": 7,
        "biomes": [
          "#cobblemon:is_forest",
          "#cobblemon:is_swamp"
        ]
      },
      "anticondition": {
        "biomes": [
          "#cobblemon:is_spooky",
          "#cobblemon:is_freezing"
        ]
      }
    },
    {
      "id": "zubat-4",
      "pokemon": "zubat",
      "presets": [
        "natural"
      ],
      "type": "pokemon",
      "spawnablePositionType": "grounded",
      "bucket": "common",
      "level": "1-25",
      "weight": 9.0,
      "weightMultiplier": {
        "multiplier": 1.5,
        "condition": {
          "timeRange": "day"
        }
      },
      "condition": {
        "minSkyLight": 0,
        "maxSkyLight": 7,
        "biomes": [
          "#cobblemon:is_overworld"
        ]
      },
      "anticondition": {
        "biomes": [
          "#cobblemon:is_deep_dark",
          "#cobblemon:is_forest",
          "#cobblemon:is_swamp"
        ]
      }
    },
    {
      "id": "zubat-5",
      "pokemon": "zubat",
      "presets": [
        "derelict"
      ],
      "type": "pokemon",
      "spawnablePositionType": "grounded",
      "bucket": "uncommon",
      "level": "1-25",
      "weight": 8.4,
      "weightMultiplier": {
        "multiplier": 1.5,
        "condition": {
          "timeRange": "day"
        }
      },
      "condition": {
        "canSeeSky": false,
        "biomes": [
          "#cobblemon:is_overworld"
        ]
      },
      "anticondition": {
        "biomes": [
          "#cobblemon:is_deep_dark",
          "#cobblemon:is_forest",
          "#cobblemon:is_swamp"
        ]
      }
    },
    {
      "id": "zubat-6",
      "pokemon": "zubat",
      "presets": [
        "natural"
      ],
      "type": "pokemon",
      "spawnablePositionType": "grounded",
      "bucket": "common",
      "level": "1-25",
      "weight": 9.0,
      "weightMultiplier": {
        "multiplier": 1.5,
        "condition": {
          "timeRange": "night"
        }
      },
      "condition": {
        "minSkyLight": 8,
        "maxSkyLight": 15,
        "biomes": [
          "#cobblemon:is_spooky"
        ],
        "isRaining": false
      }
    },
    {
      "id": "zubat-8",
      "pokemon": "zubat",
      "presets": [
        "natural"
      ],
      "type": "pokemon",
      "spawnablePositionType": "grounded",
      "bucket": "uncommon",
      "level": "1-25",
      "weight": 8.4,
      "condition": {
        "minSkyLight": 0,
        "maxSkyLight": 7,
        "biomes": [
          "#cobblemon:is_deep_dark"
        ]
      }
    },
    {
      "id": "zubat-9",
      "pokemon": "zubat",
      "presets": [
        "natural"
      ],
      "type": "pokemon",
      "spawnablePositionType": "grounded",
      "bucket": "common",
      "level": "1-25",
      "weight": 9.0,
      "condition": {
        "minSkyLight": 0,
        "maxSkyLight": 7,
        "biomes": [
          "#aether:is_aether"
        ],
        "dimensions": [
          "aether:the_aether"
        ]
      }
    }
  ]
}
