{"enabled":true,"neededInstalledMods":[],"neededUninstalledMods":[],"spawns":[{"id":"oddish-1","pokemon":"oddish","presets":["natural"],"type":"pokemon","spawnablePositionType":"grounded","bucket":"common","level":"7-32","weight":9.0,"weightMultiplier":{"multiplier":0.25,"condition":{"timeRange":"day"}},"condition":{"minSkyLight":8,"maxSkyLight":15,"biomes":["#cobblemon:is_jungle"]}},{"id":"oddish-2","pokemon":"oddish","presets":["natural"],"type":"pokemon","spawnablePositionType":"grounded","bucket":"common","level":"7-32","weight":1.8,"weightMultiplier":{"multiplier":0.25,"condition":{"timeRange":"day"}},"condition":{"minSkyLight":8,"maxSkyLight":15,"biomes":["#cobblemon:is_temperate"]}},{"id":"oddish-valencian-3","pokemon":"oddish valencian","presets":["natural"],"type":"pokemon","spawnablePositionType":"grounded","bucket":"common","level":"7-32","weight":1.8,"weightMultiplier":{"multiplier":0.25,"condition":{"timeRange":"day"}},"condition":{"minSkyLight":8,"maxSkyLight":15,"biomes":["#cobblemon:is_savanna","#cobblemon:is_tropical_island"]}}]}