{"enabled":true,"neededInstalledMods":[],"neededUninstalledMods":[],"spawns":[{"id":"gloom-1","pokemon":"gloom","presets":["natural"],"type":"pokemon","spawnablePositionType":"grounded","bucket":"common","level":"21-40","weight":0.95,"weightMultiplier":{"multiplier":0.25,"condition":{"timeRange":"day"}},"condition":{"minSkyLight":8,"maxSkyLight":15,"biomes":["#cobblemon:is_jungle"]}},{"id":"gloom-2","pokemon":"gloom","presets":["natural"],"type":"pokemon","spawnablePositionType":"grounded","bucket":"common","level":"21-40","weight":0.19,"weightMultiplier":{"multiplier":0.25,"condition":{"timeRange":"day"}},"condition":{"minSkyLight":8,"maxSkyLight":15,"biomes":["#cobblemon:is_temperate"]}},{"id":"gloom-valencian-3","pokemon":"gloom valencian","presets":["natural"],"type":"pokemon","spawnablePositionType":"grounded","bucket":"common","level":"21-40","weight":0.19,"weightMultiplier":{"multiplier":0.25,"condition":{"timeRange":"day"}},"condition":{"minSkyLight":8,"maxSkyLight":15,"biomes":["#cobblemon:is_savanna","#cobblemon:is_tropical_island"]}}]}