{"enabled":true,"neededInstalledMods":[],"neededUninstalledMods":[],"spawns":[{"id":"paras-1","pokemon":"paras","presets":["natural"],"type":"pokemon","spawnablePositionType":"grounded","bucket":"uncommon","level":"4-29","weight":8.4,"condition":{"minSkyLight":0,"maxSkyLight":7,"biomes":["#cobblemon:is_lush"]},"anticondition":{"structures":["cobblemon:shipwreck_coves/lush_shipwreck_cove"],"minY":-41,"maxY":9}},{"id":"paras-2","pokemon":"paras","presets":["natural"],"type":"pokemon","spawnablePositionType":"grounded","bucket":"common","level":"4-29","weight":9.0,"condition":{"biomes":["#cobblemon:is_mushroom"]}},{"id":"paras-3","pokemon":"paras","presets":["natural"],"type":"pokemon","spawnablePositionType":"grounded","bucket":"common","level":"4-29","weight":9.0,"condition":{"biomes":["#cobblemon:nether/is_fungus"]},"anticondition":{"biomes":["#cobblemon:nether/is_warped"]}},{"id":"paras-4","pokemon":"paras","presets":["natural"],"type":"pokemon","spawnablePositionType":"grounded","bucket":"uncommon","level":"4-29","weight":8.4,"condition":{"minSkyLight":0,"maxSkyLight":7,"biomes":["#cobblemon:is_overworld"],"structures":["cobblemon:shipwreck_coves/lush_shipwreck_cove"],"minY":-41,"maxY":9},"anticondition":{"biomes":["#cobblemon:is_lush"]}}]}