{"enabled":true,"neededInstalledMods":[],"neededUninstalledMods":[],"spawns":[{"id":"diglett-1","pokemon":"diglett","presets":["natural"],"type":"pokemon","spawnablePositionType":"grounded","bucket":"common","level":"2-27","weight":9.0,"condition":{"minSkyLight":0,"maxSkyLight":7,"biomes":["#cobblemon:is_overworld"],"minY":0},"anticondition":{"biomes":["#cobblemon:is_deep_dark"]}},{"id":"diglett-alolan-2","pokemon":"diglett alolan","presets":["natural"],"type":"pokemon","spawnablePositionType":"grounded","bucket":"common","level":"2-27","weight":9.0,"condition":{"minSkyLight":0,"maxSkyLight":7,"biomes":["#cobblemon:is_overworld"],"maxY":0},"anticondition":{"biomes":["#cobblemon:is_deep_dark"]}}]}