{
  "enabled": true,
  "neededInstalledMods": [],
  "neededUninstalledMods": [],
  "spawns": [
    {
      "id": "meowth-1",
      "pokemon": "meowth",
      "presets": [
        "natural",
        "urban"
      ],
      "type": "pokemon",
      "spawnablePositionType": "grounded",
      "bucket": "common",
      "level": "4-29",
      "weight": 9.0,
      "weightMultiplier": {
        "multiplier": 1.5,
        "condition": {
          "timeRange": "night"
        }
      },
      "condition": {
        "minSkyLight": 8,
        "maxSkyLight": 15,
        "biomes": [
          "#cobblemon:is_overworld"
        ],
        "isRaining": false
      },
      "anticondition": {
        "biomes": [
          "#cobblemon:is_arid",
          "#cobblemon:is_freezing",
          "#cobblemon:is_taiga"
        ]
      }
    },
    {
      "id": "meowth-2",
      "pokemon": "meowth",
      "presets": [
        "natural"
      ],
      "type": "pokemon",
      "spawnablePositionType": "grounded",
      "bucket": "common",
      "level": "4-29",
      "weight": 9.0,
      "weightMultiplier": {
        "multiplier": 1.5,
        "condition": {
          "timeRange": "night"
        }
      },
      "condition": {
        "minSkyLight": 8,
        "maxSkyLight": 15,
        "biomes": [
          "#cobblemon:is_overworld"
        ],
        "isRaining": false,
        "structures": [
          "#minecraft:village"
        ]
      },
      "anticondition": {
        "biomes": [
          "#cobblemon:is_arid",
          "#cobblemon:is_freezing",
          "#cobblemon:is_taiga"
        ]
      }
    },
    {
      "id": "meowth-3",
      "pokemon": "meowth",
      "presets": [
        "natural",
        "urban"
      ],
      "type": "pokemon",
      "spawnablePositionType": "grounded",
      "bucket": "common",
      "level": "4-29",
      "weight": 9.0,
      "weightMultiplier": {
        "multiplier": 1.5,
        "condition": {
          "timeRange": "night"
        }
      },
      "condition": {
        "minSkyLight": 8,
        "maxSkyLight": 15,
        "biomes": [
          "#cobblemon:is_arid"
        ]
      }
    },
    {
      "id": "meowth-4",
      "pokemon": "meowth",
      "presets": [
        "natural"
      ],
      "type": "pokemon",
      "spawnablePositionType": "grounded",
      "bucket": "common",
      "level": "4-29",
      "weight": 9.0,
      "weightMultiplier": {
        "multiplier": 1.5,
        "condition": {
          "timeRange": "night"
        }
      },
      "condition": {
        "minSkyLight": 8,
        "maxSkyLight": 15,
        "biomes": [
          "#cobblemon:is_arid"
        ],
        "structures": [
          "#minecraft:village"
        ]
      }
    },
    {
      "id": "meowth-alolan-5",
      "pokemon": "meowth alolan",
      "presets": [
        "natural",
        "illager_structures"
      ],
      "type": "pokemon",
      "spawnablePositionType": "grounded",
      "bucket": "common",
      "level": "4-29",
      "weight": 54.0,
      "weightMultiplier": {
        "multiplier": 1.5,
        "condition": {
          "timeRange": "night"
        }
      },
      "condition": {
        "minSkyLight": 8,
        "maxSkyLight": 15,
        "biomes": [
          "#cobblemon:is_overworld"
        ],
        "isRaining": false
      },
      "anticondition": {
        "biomes": [
          "#cobblemon:is_arid",
          "#cobblemon:is_freezing"
        ]
      }
    },
    {
      "id": "meowth-alolan-6",
      "pokemon": "meowth alolan",
      "presets": [
        "natural",
        "illager_structures"
      ],
      "type": "pokemon",
      "spawnablePositionType": "grounded",
      "bucket": "common",
      "level": "4-29",
      "weight": 54.0,
      "weightMultiplier": {
        "multiplier": 1.5,
        "condition": {
          "timeRange": "night"
        }
      },
      "condition": {
        "minSkyLight": 8,
        "maxSkyLight": 15,
        "biomes": [
          "#cobblemon:is_arid",
          "#cobblemon:is_freezing"
        ]
      }
    },
    {
      "id": "meowth-alolan-7",
      "pokemon": "meowth alolan",
      "presets": [
        "illager_structures"
      ],
      "type": "pokemon",
      "spawnablePositionType": "grounded",
      "bucket": "uncommon",
      "level": "4-29",
      "weight": 50.4,
      "condition": {
        "canSeeSky": false,
        "biomes": [
          "#cobblemon:is_overworld"
        ],
        "minY": 62
      }
    },
    {
      "id": "meowth-galarian-8",
      "pokemon": "meowth galarian",
      "presets": [
        "natural",
        "urban"
      ],
      "type": "pokemon",
      "spawnablePositionType": "grounded",
      "bucket": "common",
      "level": "4-29",
      "weight": 9.0,
      "weightMultiplier": {
        "multiplier": 1.5,
        "condition": {
          "timeRange": "night"
        }
      },
      "condition": {
        "minSkyLight": 8,
        "maxSkyLight": 15,
        "biomes": [
          "#cobblemon:is_freezing",
          "#cobblemon:is_taiga"
        ]
      }
    },
    {
      "id": "meowth-galarian-9",
      "pokemon": "meowth galarian",
      "presets": [
        "natural"
      ],
      "type": "pokemon",
      "spawnablePositionType": "grounded",
      "bucket": "common",
      "level": "4-29",
      "weight": 9.0,
      "weightMultiplier": {
        "multiplier": 1.5,
        "condition": {
          "timeRange": "night"
        }
      },
      "condition": {
        "minSkyLight": 8,
        "maxSkyLight": 15,
        "biomes": [
          "#cobblemon:is_freezing",
          "#cobblemon:is_taiga"
        ],
        "structures": [
          "#minecraft:village"
        ]
      }
    },
    {
      "id": "deeper-meowth-alolan-1",
      "pokemon": "meowth alolan",
      "presets": [
        "deep_dark"
      ],
      "type": "pokemon",
      "spawnablePositionType": "grounded",
      "bucket": "common",
      "level": "21-34",
      "weight": 9.0,
      "condition": {
        "biomes": [
          "#cobblemon:is_deep_dark"
        ],
        "structures": [
          "deeperdarker:ancient_temple"
        ],
        "dimensions": [
          "deeperdarker:otherside"
        ]
      }
    }
  ]
}