{
  "enabled": true,
  "neededInstalledMods": [],
  "neededUninstalledMods": [],
  "spawns": [
    {
      "id": "persian-1",
      "pokemon": "persian",
      "presets": [
        "natural",
        "urban"
      ],
      "type": "pokemon",
      "spawnablePositionType": "grounded",
      "bucket": "common",
      "level": "28-44",
      "weight": 1.0,
      "weightMultiplier": {
        "multiplier": 1.5,
        "condition": {
          "timeRange": "night"
        }
      },
      "condition": {
        "minSkyLight": 8,
        "maxSkyLight": 15,
        "biomes": [
          "#cobblemon:is_overworld"
        ],
        "isRaining": false
      },
      "anticondition": {
        "biomes": [
          "#cobblemon:is_arid",
          "#cobblemon:is_freezing",
          "#cobblemon:is_taiga"
        ]
      }
    },
    {
      "id": "persian-2",
      "pokemon": "persian",
      "presets": [
        "natural"
      ],
      "type": "pokemon",
      "spawnablePositionType": "grounded",
      "bucket": "common",
      "level": "28-44",
      "weight": 1.0,
      "weightMultiplier": {
        "multiplier": 1.5,
        "condition": {
          "timeRange": "night"
        }
      },
      "condition": {
        "minSkyLight": 8,
        "maxSkyLight": 15,
        "biomes": [
          "#cobblemon:is_overworld"
        ],
        "isRaining": false,
        "structures": [
          "#minecraft:village"
        ]
      },
      "anticondition": {
        "biomes": [
          "#cobblemon:is_arid",
          "#cobblemon:is_freezing",
          "#cobblemon:is_taiga"
        ]
      }
    },
    {
      "id": "persian-3",
      "pokemon": "persian",
      "presets": [
        "natural",
        "urban"
      ],
      "type": "pokemon",
      "spawnablePositionType": "grounded",
      "bucket": "common",
      "level": "28-44",
      "weight": 1.0,
      "weightMultiplier": {
        "multiplier": 1.5,
        "condition": {
          "timeRange": "night"
        }
      },
      "condition": {
        "minSkyLight": 8,
        "maxSkyLight": 15,
        "biomes": [
          "#cobblemon:is_arid"
        ]
      }
    },
    {
      "id": "persian-4",
      "pokemon": "persian",
      "presets": [
        "natural"
      ],
      "type": "pokemon",
      "spawnablePositionType": "grounded",
      "bucket": "common",
      "level": "28-44",
      "weight": 1.0,
      "weightMultiplier": {
        "multiplier": 1.5,
        "condition": {
          "timeRange": "night"
        }
      },
      "condition": {
        "minSkyLight": 8,
        "maxSkyLight": 15,
        "biomes": [
          "#cobblemon:is_arid"
        ],
        "structures": [
          "#minecraft:village"
        ]
      }
    },
    {
      "id": "persian-alolan-5",
      "pokemon": "persian alolan",
      "presets": [
        "natural",
        "illager_structures"
      ],
      "type": "pokemon",
      "spawnablePositionType": "grounded",
      "bucket": "common",
      "level": "28-44",
      "weight": 6.0,
      "weightMultiplier": {
        "multiplier": 1.5,
        "condition": {
          "timeRange": "night"
        }
      },
      "condition": {
        "minSkyLight": 8,
        "maxSkyLight": 15,
        "biomes": [
          "#cobblemon:is_overworld"
        ],
        "isRaining": false
      },
      "anticondition": {
        "biomes": [
          "#cobblemon:is_arid",
          "#cobblemon:is_freezing"
        ]
      }
    },
    {
      "id": "persian-alolan-6",
      "pokemon": "persian alolan",
      "presets": [
        "natural",
        "illager_structures"
      ],
      "type": "pokemon",
      "spawnablePositionType": "grounded",
      "bucket": "common",
      "level": "28-44",
      "weight": 6.0,
      "weightMultiplier": {
        "multiplier": 1.5,
        "condition": {
          "timeRange": "night"
        }
      },
      "condition": {
        "minSkyLight": 8,
        "maxSkyLight": 15,
        "biomes": [
          "#cobblemon:is_arid",
          "#cobblemon:is_freezing"
        ]
      }
    },
    {
      "id": "persian-alolan-7",
      "pokemon": "persian alolan",
      "presets": [
        "illager_structures"
      ],
      "type": "pokemon",
      "spawnablePositionType": "grounded",
      "bucket": "uncommon",
      "level": "28-44",
      "weight": 9.6,
      "condition": {
        "canSeeSky": false,
        "biomes": [
          "#cobblemon:is_overworld"
        ],
        "minY": 62
      }
    },
    {
      "id": "deeper-persian-alolan-1",
      "pokemon": "persian alolan",
      "presets": [
        "deep_dark"
      ],
      "type": "pokemon",
      "spawnablePositionType": "grounded",
      "bucket": "common",
      "level": "33-49",
      "weight": 2.9,
      "condition": {
        "biomes": [
          "#cobblemon:is_deep_dark"
        ],
        "structures": [
          "deeperdarker:ancient_temple"
        ],
        "dimensions": [
          "deeperdarker:otherside"
        ]
      }
    }
  ]
}