{
  "enabled": true,
  "neededInstalledMods": [],
  "neededUninstalledMods": [],
  "spawns": [
    {
      "id": "growlithe-1",
      "pokemon": "growlithe",
      "presets": [
        "natural",
        "urban"
      ],
      "type": "pokemon",
      "spawnablePositionType": "grounded",
      "bucket": "uncommon",
      "level": "10-35",
      "weight": 8.5,
      "condition": {
        "minSkyLight": 8,
        "maxSkyLight": 15,
        "biomes": [
          "#cobblemon:is_overworld"
        ]
      },
      "anticondition": {
        "biomes": [
          "#cobblemon:is_desert"
        ]
      }
    },
    {
      "id": "growlithe-hisuian-1",
      "pokemon": "growlithe hisuian",
      "presets": [
        "natural"
      ],
      "type": "pokemon",
      "spawnablePositionType": "grounded",
      "bucket": "common",
      "level": "14-40",
      "weight": 4.0,
      "condition": {
        "canSeeSky": true,
        "biomes": [
          "#cobblemon:is_mountain",
          "#cobblemon:is_peak",
          "#cobblemon:is_volcanic"
        ]
      }
    }
  ]
}
