{
  "enabled": true,
  "neededInstalledMods": [],
  "neededUninstalledMods": [],
  "spawns": [
    {
      "id": "arcanine-1",
      "pokemon": "arcanine",
      "presets": [
        "natural",
        "urban"
      ],
      "type": "pokemon",
      "spawnablePositionType": "grounded",
      "bucket": "uncommon",
      "level": "32-56",
      "weight": 0.9,
      "condition": {
        "minSkyLight": 8,
        "maxSkyLight": 15,
        "biomes": [
          "#cobblemon:is_overworld"
        ]
      },
      "anticondition": {
        "biomes": [
          "#cobblemon:is_desert"
        ]
      }
    },
    {
      "id": "arcanine-hisuian-1",
      "pokemon": "arcanine hisuian",
      "presets": [
        "natural"
      ],
      "type": "pokemon",
      "spawnablePositionType": "grounded",
      "bucket": "rare",
      "level": "38-57",
      "weight": 2.2,
      "condition": {
        "canSeeSky": true,
        "biomes": [
          "#cobblemon:is_peak",
          "#cobblemon:is_mountain",
          "#cobblemon:is_volcanic"
        ]
      }
    }
  ]
}
