{"enabled":true,"neededInstalledMods":[],"neededUninstalledMods":[],"spawns":[{"id":"poliwag-1","pokemon":"poliwag","presets":["natural"],"type":"pokemon","spawnablePositionType":"grounded","bucket":"common","level":"5-30","weight":9.0,"condition":{"minSkyLight":8,"maxSkyLight":15,"biomes":["#cobblemon:is_swamp"],"isRaining":true}},{"id":"poliwag-2","pokemon":"poliwag","presets":["water"],"type":"pokemon","spawnablePositionType":"submerged","bucket":"common","level":"5-30","weight":9.0,"condition":{"canSeeSky":true,"biomes":["#cobblemon:is_swamp"],"neededNearbyBlocks":["minecraft:lily_pad"]}},{"id":"poliwag-3","pokemon":"poliwag","presets":["natural"],"type":"pokemon","spawnablePositionType":"grounded","bucket":"common","level":"5-30","weight":5.4,"condition":{"minSkyLight":8,"maxSkyLight":15,"biomes":["#cobblemon:is_freshwater","#cobblemon:is_hills","#cobblemon:is_jungle","#cobblemon:is_magical","#cobblemon:is_mushroom","#cobblemon:is_temperate"],"isRaining":true,"neededNearbyBlocks":["minecraft:water"]},"anticondition":{"biomes":["#cobblemon:is_freezing","#cobblemon:is_swamp"]}},{"id":"poliwag-4","pokemon":"poliwag","presets":["water"],"type":"pokemon","spawnablePositionType":"submerged","bucket":"common","level":"5-30","weight":5.4,"condition":{"canSeeSky":true,"biomes":["#cobblemon:is_freshwater","#cobblemon:is_hills","#cobblemon:is_jungle","#cobblemon:is_magical","#cobblemon:is_mushroom","#cobblemon:is_temperate"]},"anticondition":{"biomes":["#cobblemon:is_freezing","#cobblemon:is_swamp"]}},{"id":"poliwag-5","pokemon":"poliwag","presets":["natural"],"type":"pokemon","spawnablePositionType":"grounded","bucket":"common","level":"5-30","weight":1.8,"condition":{"minSkyLight":0,"maxSkyLight":7,"biomes":["#cobblemon:is_lush"]},"anticondition":{"structures":["cobblemon:shipwreck_coves/lush_shipwreck_cove"],"minY":-41,"maxY":9}},{"id":"poliwag-6","pokemon":"poliwag","presets":["water"],"type":"pokemon","spawnablePositionType":"submerged","bucket":"common","level":"5-30","weight":5.4,"condition":{"minSkyLight":0,"maxSkyLight":7,"biomes":["#cobblemon:is_lush"]},"anticondition":{"structures":["cobblemon:shipwreck_coves/lush_shipwreck_cove"],"minY":-41,"maxY":9}},{"id":"poliwag-7","pokemon":"poliwag","type":"pokemon","spawnablePositionType":"fishing","bucket":"common","level":"5-30","weight":9.0,"condition":{"canSeeSky":true,"biomes":["#cobblemon:is_freshwater","#cobblemon:is_hills","#cobblemon:is_jungle","#cobblemon:is_magical","#cobblemon:is_mushroom","#cobblemon:is_temperate"]},"anticondition":{"biomes":["#cobblemon:is_freezing"]}},{"id":"poliwag-8","pokemon":"poliwag","type":"pokemon","spawnablePositionType":"fishing","bucket":"common","level":"5-30","weight":9.0,"weightMultiplier":{"multiplier":0.6,"condition":{"minLureLevel":0,"maxLureLevel":1}},"condition":{"minSkyLight":0,"maxSkyLight":7,"biomes":["#cobblemon:is_lush"]},"anticondition":{"structures":["cobblemon:shipwreck_coves/lush_shipwreck_cove"],"minY":-41,"maxY":9}},{"id":"poliwag-9","pokemon":"poliwag","presets":["water"],"type":"pokemon","spawnablePositionType":"submerged","bucket":"common","level":"5-30","weight":9.0,"condition":{"canSeeSky":false,"minSkyLight":8,"maxSkyLight":15,"biomes":["#cobblemon:is_swamp"],"neededNearbyBlocks":["minecraft:lily_pad"]}},{"id":"poliwag-10","pokemon":"poliwag","presets":["water"],"type":"pokemon","spawnablePositionType":"submerged","bucket":"common","level":"5-30","weight":5.4,"condition":{"canSeeSky":false,"minSkyLight":8,"maxSkyLight":15,"biomes":["#cobblemon:is_freshwater","#cobblemon:is_hills","#cobblemon:is_jungle","#cobblemon:is_magical","#cobblemon:is_mushroom","#cobblemon:is_temperate"]},"anticondition":{"biomes":["#cobblemon:is_freezing","#cobblemon:is_swamp"]}},{"id":"poliwag-11","pokemon":"poliwag","type":"pokemon","spawnablePositionType":"fishing","bucket":"common","level":"5-30","weight":9.0,"condition":{"canSeeSky":false,"minSkyLight":8,"maxSkyLight":15,"biomes":["#cobblemon:is_freshwater","#cobblemon:is_hills","#cobblemon:is_jungle","#cobblemon:is_magical","#cobblemon:is_mushroom","#cobblemon:is_temperate"]},"anticondition":{"biomes":["#cobblemon:is_freezing"]}},{"id":"poliwag-12","pokemon":"poliwag","presets":["natural"],"type":"pokemon","spawnablePositionType":"grounded","bucket":"common","level":"5-30","weight":1.8,"condition":{"minSkyLight":0,"maxSkyLight":7,"biomes":["#cobblemon:is_overworld"],"structures":["cobblemon:shipwreck_coves/lush_shipwreck_cove"],"minY":-41,"maxY":9},"anticondition":{"biomes":["#cobblemon:is_lush"]}},{"id":"poliwag-13","pokemon":"poliwag","presets":["water"],"type":"pokemon","spawnablePositionType":"submerged","bucket":"common","level":"5-30","weight":5.4,"condition":{"minSkyLight":0,"maxSkyLight":7,"biomes":["#cobblemon:is_overworld"],"structures":["cobblemon:shipwreck_coves/lush_shipwreck_cove"],"minY":-41,"maxY":9},"anticondition":{"biomes":["#cobblemon:is_lush"]}},{"id":"poliwag-14","pokemon":"poliwag","type":"pokemon","spawnablePositionType":"fishing","bucket":"common","level":"5-30","weight":9.0,"weightMultiplier":{"multiplier":0.6,"condition":{"minLureLevel":0,"maxLureLevel":1}},"condition":{"minSkyLight":0,"maxSkyLight":7,"biomes":["#cobblemon:is_overworld"],"structures":["cobblemon:shipwreck_coves/lush_shipwreck_cove"],"minY":-41,"maxY":9},"anticondition":{"biomes":["#cobblemon:is_lush"]}}]}