{"enabled":true,"neededInstalledMods":[],"neededUninstalledMods":[],"spawns":[{"id":"poliwrath-1","pokemon":"poliwrath","presets":["natural"],"type":"pokemon","spawnablePositionType":"grounded","bucket":"common","level":"34-51","weight":0.025,"condition":{"minSkyLight":8,"maxSkyLight":15,"biomes":["#cobblemon:is_swamp"],"isRaining":true}},{"id":"poliwrath-2","pokemon":"poliwrath","presets":["water"],"type":"pokemon","spawnablePositionType":"submerged","bucket":"common","level":"34-51","weight":0.025,"condition":{"canSeeSky":true,"biomes":["#cobblemon:is_swamp"],"neededNearbyBlocks":["minecraft:lily_pad"]}},{"id":"poliwrath-3","pokemon":"poliwrath","presets":["natural"],"type":"pokemon","spawnablePositionType":"grounded","bucket":"common","level":"34-51","weight":0.015,"condition":{"minSkyLight":8,"maxSkyLight":15,"biomes":["#cobblemon:is_freshwater","#cobblemon:is_hills","#cobblemon:is_jungle","#cobblemon:is_magical","#cobblemon:is_mushroom","#cobblemon:is_temperate"],"isRaining":true,"neededNearbyBlocks":["minecraft:water"]},"anticondition":{"biomes":["#cobblemon:is_freezing","#cobblemon:is_swamp"]}},{"id":"poliwrath-4","pokemon":"poliwrath","presets":["water"],"type":"pokemon","spawnablePositionType":"submerged","bucket":"common","level":"34-51","weight":0.015,"condition":{"canSeeSky":true,"biomes":["#cobblemon:is_freshwater","#cobblemon:is_hills","#cobblemon:is_jungle","#cobblemon:is_magical","#cobblemon:is_mushroom","#cobblemon:is_temperate"]},"anticondition":{"biomes":["#cobblemon:is_freezing","#cobblemon:is_swamp"]}},{"id":"poliwrath-5","pokemon":"poliwrath","presets":["natural"],"type":"pokemon","spawnablePositionType":"grounded","bucket":"common","level":"34-51","weight":0.005,"condition":{"minSkyLight":0,"maxSkyLight":7,"biomes":["#cobblemon:is_lush"]},"anticondition":{"structures":["cobblemon:shipwreck_coves/lush_shipwreck_cove"],"minY":-41,"maxY":9}},{"id":"poliwrath-6","pokemon":"poliwrath","presets":["water"],"type":"pokemon","spawnablePositionType":"submerged","bucket":"common","level":"34-51","weight":0.015,"condition":{"minSkyLight":0,"maxSkyLight":7,"biomes":["#cobblemon:is_lush"]},"anticondition":{"structures":["cobblemon:shipwreck_coves/lush_shipwreck_cove"],"minY":-41,"maxY":9}},{"id":"poliwrath-7","pokemon":"poliwrath","type":"pokemon","spawnablePositionType":"fishing","bucket":"common","level":"34-51","weight":0.025,"condition":{"canSeeSky":true,"biomes":["#cobblemon:is_freshwater","#cobblemon:is_hills","#cobblemon:is_jungle","#cobblemon:is_magical","#cobblemon:is_mushroom","#cobblemon:is_temperate"]},"anticondition":{"biomes":["#cobblemon:is_freezing"]}},{"id":"poliwrath-8","pokemon":"poliwrath","type":"pokemon","spawnablePositionType":"fishing","bucket":"common","level":"34-51","weight":0.025,"weightMultiplier":{"multiplier":0.6,"condition":{"minLureLevel":0,"maxLureLevel":1}},"condition":{"minSkyLight":0,"maxSkyLight":7,"biomes":["#cobblemon:is_lush"]},"anticondition":{"structures":["cobblemon:shipwreck_coves/lush_shipwreck_cove"],"minY":-41,"maxY":9}},{"id":"poliwrath-9","pokemon":"poliwrath","presets":["water"],"type":"pokemon","spawnablePositionType":"submerged","bucket":"common","level":"34-51","weight":0.025,"condition":{"canSeeSky":false,"minSkyLight":8,"maxSkyLight":15,"biomes":["#cobblemon:is_swamp"],"neededNearbyBlocks":["minecraft:lily_pad"]}},{"id":"poliwrath-10","pokemon":"poliwrath","presets":["water"],"type":"pokemon","spawnablePositionType":"submerged","bucket":"common","level":"34-51","weight":0.015,"condition":{"canSeeSky":false,"minSkyLight":8,"maxSkyLight":15,"biomes":["#cobblemon:is_freshwater","#cobblemon:is_hills","#cobblemon:is_jungle","#cobblemon:is_magical","#cobblemon:is_mushroom","#cobblemon:is_temperate"]},"anticondition":{"biomes":["#cobblemon:is_freezing","#cobblemon:is_swamp"]}},{"id":"poliwrath-11","pokemon":"poliwrath","type":"pokemon","spawnablePositionType":"fishing","bucket":"common","level":"34-51","weight":0.025,"condition":{"canSeeSky":false,"minSkyLight":8,"maxSkyLight":15,"biomes":["#cobblemon:is_freshwater","#cobblemon:is_hills","#cobblemon:is_jungle","#cobblemon:is_magical","#cobblemon:is_mushroom","#cobblemon:is_temperate"]},"anticondition":{"biomes":["#cobblemon:is_freezing"]}},{"id":"poliwrath-12","pokemon":"poliwrath","presets":["natural"],"type":"pokemon","spawnablePositionType":"grounded","bucket":"common","level":"34-51","weight":0.005,"condition":{"minSkyLight":0,"maxSkyLight":7,"biomes":["#cobblemon:is_overworld"],"structures":["cobblemon:shipwreck_coves/lush_shipwreck_cove"],"minY":-41,"maxY":9},"anticondition":{"biomes":["#cobblemon:is_lush"]}},{"id":"poliwrath-13","pokemon":"poliwrath","presets":["water"],"type":"pokemon","spawnablePositionType":"submerged","bucket":"common","level":"34-51","weight":0.015,"condition":{"minSkyLight":0,"maxSkyLight":7,"biomes":["#cobblemon:is_overworld"],"structures":["cobblemon:shipwreck_coves/lush_shipwreck_cove"],"minY":-41,"maxY":9},"anticondition":{"biomes":["#cobblemon:is_lush"]}},{"id":"poliwrath-14","pokemon":"poliwrath","type":"pokemon","spawnablePositionType":"fishing","bucket":"common","level":"34-51","weight":0.025,"weightMultiplier":{"multiplier":0.6,"condition":{"minLureLevel":0,"maxLureLevel":1}},"condition":{"minSkyLight":0,"maxSkyLight":7,"biomes":["#cobblemon:is_overworld"],"structures":["cobblemon:shipwreck_coves/lush_shipwreck_cove"],"minY":-41,"maxY":9},"anticondition":{"biomes":["#cobblemon:is_lush"]}}]}