{"enabled":true,"neededInstalledMods":[],"neededUninstalledMods":[],"spawns":[{"id":"tentacool-1","pokemon":"tentacool","presets":["water"],"type":"pokemon","spawnablePositionType":"surface","bucket":"common","level":"9-34","weight":9.0,"condition":{"canSeeSky":true,"biomes":["#cobblemon:is_ocean"]}},{"id":"tentacool-2","pokemon":"tentacool","presets":["water"],"type":"pokemon","spawnablePositionType":"submerged","bucket":"uncommon","level":"9-34","weight":8.4,"condition":{"canSeeSky":false,"minSkyLight":0,"maxSkyLight":7,"biomes":["#cobblemon:is_overworld"]},"anticondition":{"structures":["#cobblemon:shipwreck_cove"],"minY":-60,"maxY":13,"biomes":["#cobblemon:is_dripstone","#cobblemon:is_lush"]}},{"id":"tentacool-3","pokemon":"tentacool","presets":["water"],"type":"pokemon","spawnablePositionType":"submerged","bucket":"common","level":"9-34","weight":1.8,"condition":{"minSkyLight":8,"maxSkyLight":15,"biomes":["#cobblemon:is_ocean"]}},{"id":"tentacool-4","pokemon":"tentacool","type":"pokemon","spawnablePositionType":"fishing","bucket":"common","level":"9-34","weight":9.0,"condition":{"canSeeSky":true,"biomes":["#cobblemon:is_ocean"]}},{"id":"tentacool-5","pokemon":"tentacool","type":"pokemon","spawnablePositionType":"fishing","bucket":"common","level":"9-34","weight":9.0,"weightMultiplier":{"multiplier":0.6,"condition":{"minLureLevel":0,"maxLureLevel":1}},"condition":{"canSeeSky":false,"minSkyLight":0,"maxSkyLight":7,"biomes":["#cobblemon:is_overworld"]},"anticondition":{"structures":["#cobblemon:shipwreck_cove"],"minY":-60,"maxY":13,"biomes":["#cobblemon:is_dripstone","#cobblemon:is_lush"]}},{"id":"tentacool-6","pokemon":"tentacool","type":"pokemon","spawnablePositionType":"fishing","bucket":"common","level":"9-34","weight":9.0,"condition":{"canSeeSky":false,"minSkyLight":8,"maxSkyLight":15,"biomes":["#cobblemon:is_ocean"]}},{"id":"tentacool-7","pokemon":"tentacool","presets":["water"],"type":"pokemon","spawnablePositionType":"submerged","bucket":"common","level":"9-34","weight":9.0,"condition":{"canSeeSky":false,"biomes":["#cobblemon:is_overworld"],"structures":["cobblemon:shipwreck_coves/submerged_shipwreck_cove"],"minY":-60,"maxY":13}},{"id":"tentacool-8","pokemon":"tentacool","type":"pokemon","spawnablePositionType":"fishing","bucket":"common","level":"9-34","weight":9.0,"condition":{"canSeeSky":false,"biomes":["#cobblemon:is_overworld"],"structures":["cobblemon:shipwreck_coves/submerged_shipwreck_cove"],"minY":-60,"maxY":13}}]}