{"enabled":true,"neededInstalledMods":[],"neededUninstalledMods":[],"spawns":[{"id":"geodude-1","pokemon":"geodude","presets":["natural","wild"],"type":"pokemon","spawnablePositionType":"grounded","bucket":"common","level":"5-30","weight":9.0,"condition":{"minSkyLight":8,"maxSkyLight":15,"biomes":["#cobblemon:is_mountain"]}},{"id":"geodude-2","pokemon":"geodude","presets":["natural"],"type":"pokemon","spawnablePositionType":"grounded","bucket":"common","level":"5-30","weight":9.0,"condition":{"minSkyLight":0,"maxSkyLight":7,"biomes":["#cobblemon:is_overworld"]},"anticondition":{"biomes":["#cobblemon:is_deep_dark"]}},{"id":"geodude-alolan-3","pokemon":"geodude alolan","presets":["natural"],"type":"pokemon","spawnablePositionType":"grounded","bucket":"common","level":"5-30","weight":9.0,"condition":{"biomes":["#cobblemon:is_overworld"],"neededNearbyBlocks":["#minecraft:iron_ores"]}}]}