{"enabled":true,"neededInstalledMods":[],"neededUninstalledMods":[],"spawns":[{"id":"graveler-1","pokemon":"graveler","presets":["natural","wild"],"type":"pokemon","spawnablePositionType":"grounded","bucket":"common","level":"25-39","weight":0.95,"condition":{"minSkyLight":8,"maxSkyLight":15,"biomes":["#cobblemon:is_mountain"]}},{"id":"graveler-2","pokemon":"graveler","presets":["natural"],"type":"pokemon","spawnablePositionType":"grounded","bucket":"common","level":"25-39","weight":0.95,"condition":{"minSkyLight":0,"maxSkyLight":7,"biomes":["#cobblemon:is_overworld"]},"anticondition":{"biomes":["#cobblemon:is_deep_dark"]}},{"id":"graveler-alolan-3","pokemon":"graveler alolan","presets":["natural"],"type":"pokemon","spawnablePositionType":"grounded","bucket":"common","level":"25-39","weight":0.95,"condition":{"biomes":["#cobblemon:is_overworld"],"neededNearbyBlocks":["#minecraft:iron_ores"]}}]}