{"enabled":true,"neededInstalledMods":[],"neededUninstalledMods":[],"spawns":[{"id":"golem-1","pokemon":"golem","presets":["natural","wild"],"type":"pokemon","spawnablePositionType":"grounded","bucket":"common","level":"34-50","weight":0.05,"condition":{"minSkyLight":8,"maxSkyLight":15,"biomes":["#cobblemon:is_mountain"]}},{"id":"golem-2","pokemon":"golem","presets":["natural"],"type":"pokemon","spawnablePositionType":"grounded","bucket":"common","level":"34-50","weight":0.05,"condition":{"minSkyLight":0,"maxSkyLight":7,"biomes":["#cobblemon:is_overworld"]},"anticondition":{"biomes":["#cobblemon:is_deep_dark"]}},{"id":"golem-alolan-3","pokemon":"golem alolan","presets":["natural"],"type":"pokemon","spawnablePositionType":"grounded","bucket":"common","level":"34-50","weight":0.05,"condition":{"biomes":["#cobblemon:is_overworld"],"neededNearbyBlocks":["#minecraft:iron_ores"]}}]}