{"enabled":true,"neededInstalledMods":[],"neededUninstalledMods":[],"spawns":[{"id":"magnemite-1","pokemon":"magnemite","presets":["redstone"],"type":"pokemon","spawnablePositionType":"grounded","bucket":"uncommon","level":"8-33","weight":84.0,"condition":{"biomes":["#cobblemon:is_overworld"]},"anticondition":{"biomes":["#cobblemon:is_deep_dark"]}},{"id":"magnemite-2","pokemon":"magnemite","type":"pokemon","spawnablePositionType":"grounded","bucket":"common","level":"8-33","weight":1.8,"weightMultiplier":{"multiplier":5.0,"condition":{"isThundering":true}},"condition":{"minSkyLight":8,"maxSkyLight":15,"biomes":["#cobblemon:is_overworld"],"neededNearbyBlocks":["minecraft:lightning_rod"]}}]}