{"enabled":true,"neededInstalledMods":[],"neededUninstalledMods":[],"spawns":[{"id":"magneton-1","pokemon":"magneton","presets":["redstone"],"type":"pokemon","spawnablePositionType":"grounded","bucket":"uncommon","level":"30-47","weight":15.2,"condition":{"biomes":["#cobblemon:is_overworld"]},"anticondition":{"biomes":["#cobblemon:is_deep_dark"]}},{"id":"magneton-2","pokemon":"magneton","type":"pokemon","spawnablePositionType":"grounded","bucket":"common","level":"30-47","weight":0.19,"weightMultiplier":{"multiplier":5.0,"condition":{"isThundering":true}},"condition":{"minSkyLight":8,"maxSkyLight":15,"biomes":["#cobblemon:is_overworld"],"neededNearbyBlocks":["minecraft:lightning_rod"]}}]}