{"enabled":true,"neededInstalledMods":[],"neededUninstalledMods":[],"spawns":[{"id":"farfetchd-1","pokemon":"farfetchd","presets":["natural","treetop","wild"],"type":"pokemon","spawnablePositionType":"grounded","bucket":"common","level":"13-38","weight":10.0,"weightMultiplier":{"multiplier":0.25,"condition":{"timeRange":"night"}},"condition":{"minSkyLight":8,"maxSkyLight":15,"biomes":["#cobblemon:is_overworld"],"neededNearbyBlocks":["cobblemon:medicinal_leek"]}},{"id":"farfetchd-galarian-2","pokemon":"farfetchd galarian","presets":["natural","wild"],"type":"pokemon","spawnablePositionType":"grounded","bucket":"rare","level":"13-38","weight":8.75,"weightMultiplier":{"multiplier":0.25,"condition":{"timeRange":"night"}},"condition":{"minSkyLight":8,"maxSkyLight":15,"biomes":["#cobblemon:is_forest"]},"anticondition":{"neededNearbyBlocks":["minecraft:water"]}}]}