{"enabled":true,"neededInstalledMods":[],"neededUninstalledMods":[],"spawns":[{"id":"dewgong-1","pokemon":"dewgong","presets":["natural","wild"],"type":"pokemon","spawnablePositionType":"grounded","bucket":"common","level":"34-48","weight":1.0,"weightMultiplier":{"multiplier":0.25,"condition":{"timeRange":"night"}},"condition":{"minSkyLight":8,"maxSkyLight":15,"biomes":["#cobblemon:is_frozen_ocean"]}},{"id":"dewgong-2","pokemon":"dewgong","presets":["water"],"type":"pokemon","spawnablePositionType":"submerged","bucket":"common","level":"34-48","weight":1.0,"weightMultiplier":{"multiplier":0.25,"condition":{"timeRange":"day"}},"condition":{"canSeeSky":true,"biomes":["#cobblemon:is_frozen_ocean"]}},{"id":"dewgong-3","pokemon":"dewgong","type":"pokemon","spawnablePositionType":"fishing","bucket":"common","level":"34-48","weight":1.0,"weightMultipliers":[{"multiplier":0.25,"condition":{"timeRange":"day"}},{"multiplier":0.6,"condition":{"minLureLevel":0,"maxLureLevel":1}}],"condition":{"canSeeSky":true,"biomes":["#cobblemon:is_cold_ocean","#cobblemon:is_frozen_ocean"]}},{"id":"dewgong-4","pokemon":"dewgong","presets":["water"],"type":"pokemon","spawnablePositionType":"submerged","bucket":"common","level":"34-48","weight":1.0,"weightMultiplier":{"multiplier":0.25,"condition":{"timeRange":"day"}},"condition":{"canSeeSky":false,"minSkyLight":8,"maxSkyLight":15,"biomes":["#cobblemon:is_frozen_ocean"]}},{"id":"dewgong-5","pokemon":"dewgong","type":"pokemon","spawnablePositionType":"fishing","bucket":"common","level":"34-48","weight":1.0,"weightMultipliers":[{"multiplier":0.25,"condition":{"timeRange":"day"}},{"multiplier":0.6,"condition":{"minLureLevel":0,"maxLureLevel":1}}],"condition":{"canSeeSky":false,"minSkyLight":8,"maxSkyLight":15,"biomes":["#cobblemon:is_cold_ocean","#cobblemon:is_frozen_ocean"]}}]}