{
  "enabled": true,
  "neededInstalledMods": [],
  "neededUninstalledMods": [],
  "spawns": [
    {
      "id": "grimer-1",
      "pokemon": "grimer",
      "presets": [
        "water"
      ],
      "type": "pokemon",
      "spawnablePositionType": "surface",
      "bucket": "uncommon",
      "level": "8-33",
      "weight": 1.6,
      "weightMultiplier": {
        "multiplier": 1.5,
        "condition": {
          "timeRange": "night"
        }
      },
      "condition": {
        "minSkyLight": 8,
        "maxSkyLight": 15,
        "biomes": [
          "#cobblemon:is_swamp"
        ]
      }
    },
    {
      "id": "grimer-alolan-1",
      "pokemon": "grimer alolan",
      "presets": [
        "natural"
      ],
      "type": "pokemon",
      "spawnablePositionType": "grounded",
      "bucket": "uncommon",
      "level": "14-37",
      "weight": 6.5,
      "condition": {
        "canSeeSky": true,
        "biomes": [
          "#cobblemon:is_beach",
          "#minecraft:is_beach"
        ]
      }
    }
  ]
}
