{
  "enabled": true,
  "neededInstalledMods": [],
  "neededUninstalledMods": [],
  "spawns": [
    {
      "id": "muk-1",
      "pokemon": "muk",
      "presets": [
        "water"
      ],
      "type": "pokemon",
      "spawnablePositionType": "surface",
      "bucket": "uncommon",
      "level": "38-50",
      "weight": 0.35,
      "weightMultiplier": {
        "multiplier": 1.5,
        "condition": {
          "timeRange": "night"
        }
      },
      "condition": {
        "minSkyLight": 8,
        "maxSkyLight": 15,
        "biomes": [
          "#cobblemon:is_swamp"
        ]
      }
    },
    {
      "id": "muk-alolan-1",
      "pokemon": "muk alolan",
      "presets": [
        "natural"
      ],
      "type": "pokemon",
      "spawnablePositionType": "grounded",
      "bucket": "rare",
      "level": "38-48",
      "weight": 4.0,
      "condition": {
        "canSeeSky": true,
        "biomes": [
          "#cobblemon:is_beach",
          "#minecraft:is_beach"
        ]
      }
    }
  ]
}
