{"enabled":true,"neededInstalledMods":[],"neededUninstalledMods":[],"spawns":[{"id":"cloyster-1","pokemon":"cloyster","presets":["water"],"type":"pokemon","spawnablePositionType":"seafloor","bucket":"common","level":"26-53","weight":0.5,"condition":{"canSeeSky":true,"biomes":["#cobblemon:is_cold_ocean","#cobblemon:is_frozen_ocean"]}},{"id":"cloyster-2","pokemon":"cloyster","presets":["water"],"type":"pokemon","spawnablePositionType":"seafloor","bucket":"common","level":"26-53","weight":0.3,"condition":{"canSeeSky":true,"biomes":["#cobblemon:is_ocean"]},"anticondition":{"biomes":["#cobblemon:is_cold_ocean","#cobblemon:is_frozen_ocean"]}},{"id":"cloyster-3","pokemon":"cloyster","type":"pokemon","spawnablePositionType":"fishing","bucket":"common","level":"26-53","weight":0.5,"weightMultiplier":{"multiplier":0.6,"condition":{"minLureLevel":0,"maxLureLevel":1}},"condition":{"canSeeSky":true,"biomes":["#cobblemon:is_cold_ocean","#cobblemon:is_frozen_ocean"]}},{"id":"cloyster-4","pokemon":"cloyster","type":"pokemon","spawnablePositionType":"fishing","bucket":"common","level":"26-53","weight":0.1,"weightMultipliers":[{"multiplier":3.0,"condition":{"minLureLevel":2,"maxLureLevel":2}},{"multiplier":5.0,"condition":{"minLureLevel":3}}],"condition":{"canSeeSky":true,"biomes":["#cobblemon:is_coast","#cobblemon:is_ocean"]},"anticondition":{"biomes":["#cobblemon:is_cold_ocean","#cobblemon:is_frozen_ocean"]}},{"id":"cloyster-5","pokemon":"cloyster","type":"pokemon","spawnablePositionType":"fishing","bucket":"common","level":"26-53","weight":0.5,"weightMultiplier":{"multiplier":0.6,"condition":{"minLureLevel":0,"maxLureLevel":1}},"condition":{"canSeeSky":false,"minSkyLight":8,"maxSkyLight":15,"biomes":["#cobblemon:is_cold_ocean","#cobblemon:is_frozen_ocean"]}},{"id":"cloyster-6","pokemon":"cloyster","type":"pokemon","spawnablePositionType":"fishing","bucket":"common","level":"26-53","weight":0.1,"weightMultipliers":[{"multiplier":3.0,"condition":{"minLureLevel":2,"maxLureLevel":2}},{"multiplier":5.0,"condition":{"minLureLevel":3}}],"condition":{"canSeeSky":false,"minSkyLight":8,"maxSkyLight":15,"biomes":["#cobblemon:is_coast","#cobblemon:is_ocean"]},"anticondition":{"biomes":["#cobblemon:is_cold_ocean","#cobblemon:is_frozen_ocean"]}},{"id":"cloyster-7","pokemon":"cloyster","presets":["water"],"type":"pokemon","spawnablePositionType":"seafloor","bucket":"common","level":"26-53","weight":0.3,"condition":{"canSeeSky":false,"biomes":["#cobblemon:is_overworld"],"structures":["cobblemon:shipwreck_coves/submerged_shipwreck_cove"],"minY":-60,"maxY":13}},{"id":"cloyster-8","pokemon":"cloyster","type":"pokemon","spawnablePositionType":"fishing","bucket":"common","level":"26-53","weight":0.5,"weightMultiplier":{"multiplier":0.6,"condition":{"minLureLevel":0,"maxLureLevel":1}},"condition":{"canSeeSky":false,"biomes":["#cobblemon:is_overworld"],"structures":["cobblemon:shipwreck_coves/submerged_shipwreck_cove"],"minY":-60,"maxY":13}}]}