{
  "enabled": true,
  "neededInstalledMods": [],
  "neededUninstalledMods": [],
  "spawns": [
    {
      "id": "gastly-1",
      "pokemon": "gastly",
      "presets": [
        "natural"
      ],
      "type": "pokemon",
      "spawnablePositionType": "grounded",
      "bucket": "common",
      "level": "6-31",
      "weight": 9.0,
      "condition": {
        "minSkyLight": 0,
        "maxSkyLight": 0,
        "biomes": [
          "#cobblemon:is_overworld"
        ],
        "maxLight": 0
      },
      "anticondition": {
        "biomes": [
          "#cobblemon:is_deep_dark"
        ]
      }
    },
    {
      "id": "gastly-1-aether",
      "pokemon": "gastly",
      "presets": [
        "natural"
      ],
      "type": "pokemon",
      "spawnablePositionType": "grounded",
      "bucket": "common",
      "level": "6-31",
      "weight": 9.0,
      "condition": {
        "minSkyLight": 0,
        "maxSkyLight": 0,
        "biomes": [
          "#aether:is_aether"
        ],
        "maxLight": 0,
        "dimensions": [
          "aether:the_aether"
        ]
      },
      "anticondition": {
        "biomes": [
          "#cobblemon:is_deep_dark"
        ]
      }
    },
    {
      "id": "gastly-2",
      "pokemon": "gastly",
      "presets": [
        "derelict"
      ],
      "type": "pokemon",
      "spawnablePositionType": "grounded",
      "bucket": "uncommon",
      "level": "6-31",
      "weight": 5.04,
      "condition": {
        "canSeeSky": false,
        "biomes": [
          "#cobblemon:is_overworld"
        ]
      },
      "anticondition": {
        "biomes": [
          "#cobblemon:is_deep_dark"
        ]
      }
    },
    {
      "id": "gastly-3",
      "pokemon": "gastly",
      "presets": [
        "natural"
      ],
      "type": "pokemon",
      "spawnablePositionType": "grounded",
      "bucket": "common",
      "level": "6-31",
      "weight": 9.0,
      "condition": {
        "minSkyLight": 8,
        "maxSkyLight": 15,
        "biomes": [
          "#cobblemon:is_spooky"
        ],
        "maxLight": 0
      }
    },
    {
      "id": "gastly-4",
      "pokemon": "gastly",
      "presets": [
        "natural"
      ],
      "type": "pokemon",
      "spawnablePositionType": "grounded",
      "bucket": "common",
      "level": "6-31",
      "weight": 9.0,
      "condition": {
        "biomes": [
          "#minecraft:is_nether"
        ]
      },
      "drops": {
        "amount": 3,
        "entries": [
          {
            "item": "cobblemon:spell_tag",
            "percentage": 2.5
          },
          {
            "item": "cobblemon:payapa_berry",
            "percentage": 2.5
          },
          {
            "item": "minecraft:ghast_tear",
            "percentage": 5.0
          }
        ]
      }
    },
    {
      "id": "deeper-gastly-1",
      "pokemon": "gastly",
      "presets": [
        "deep_dark"
      ],
      "type": "pokemon",
      "spawnablePositionType": "grounded",
      "bucket": "uncommon",
      "level": "14-33",
      "weight": 11.8,
      "condition": {
        "biomes": [
          "deeperdarker:deeplands"
        ],
        "dimensions": [
          "deeperdarker:otherside"
        ]
      }
    }
  ]
}
