{"enabled":true,"neededInstalledMods":[],"neededUninstalledMods":[],"spawns":[{"id":"drowzee-1","pokemon":"drowzee","presets":["natural","urban"],"type":"pokemon","spawnablePositionType":"grounded","bucket":"common","level":"8-33","weight":9.0,"condition":{"minSkyLight":8,"maxSkyLight":15,"biomes":["#cobblemon:is_overworld"],"timeRange":"night"},"anticondition":{"biomes":["#cobblemon:is_freezing"]}},{"id":"drowzee-2","pokemon":"drowzee","presets":["natural"],"type":"pokemon","spawnablePositionType":"grounded","bucket":"common","level":"8-33","weight":9.0,"condition":{"minSkyLight":8,"maxSkyLight":15,"biomes":["#cobblemon:is_overworld"],"timeRange":"night","structures":["#minecraft:village"]},"anticondition":{"biomes":["#cobblemon:is_freezing"]}}]}