{"enabled":true,"neededInstalledMods":[],"neededUninstalledMods":[],"spawns":[{"id":"hypno-1","pokemon":"hypno","presets":["natural","urban"],"type":"pokemon","spawnablePositionType":"grounded","bucket":"common","level":"26-48","weight":1.0,"condition":{"minSkyLight":8,"maxSkyLight":15,"biomes":["#cobblemon:is_overworld"],"timeRange":"night"},"anticondition":{"biomes":["#cobblemon:is_freezing"]}},{"id":"hypno-2","pokemon":"hypno","presets":["natural"],"type":"pokemon","spawnablePositionType":"grounded","bucket":"common","level":"26-48","weight":1.0,"condition":{"minSkyLight":8,"maxSkyLight":15,"biomes":["#cobblemon:is_overworld"],"timeRange":"night","structures":["#minecraft:village"]},"anticondition":{"biomes":["#cobblemon:is_freezing"]}}]}