{"enabled":true,"neededInstalledMods":[],"neededUninstalledMods":[],"spawns":[{"id":"krabby-1","pokemon":"krabby","presets":["natural"],"type":"pokemon","spawnablePositionType":"grounded","bucket":"common","level":"8-33","weight":9.0,"condition":{"minSkyLight":8,"maxSkyLight":15,"biomes":["#cobblemon:is_coast"]}},{"id":"krabby-2","pokemon":"krabby","presets":["water"],"type":"pokemon","spawnablePositionType":"seafloor","bucket":"common","level":"8-33","weight":1.8,"condition":{"canSeeSky":true,"biomes":["#cobblemon:is_coast","#cobblemon:is_ocean"]}},{"id":"krabby-3","pokemon":"krabby","type":"pokemon","spawnablePositionType":"fishing","bucket":"common","level":"8-33","weight":9.0,"weightMultiplier":{"multiplier":0.6,"condition":{"minLureLevel":0,"maxLureLevel":1}},"condition":{"canSeeSky":true,"biomes":["#cobblemon:is_coast","#cobblemon:is_ocean"]}},{"id":"krabby-4","pokemon":"krabby","type":"pokemon","spawnablePositionType":"fishing","bucket":"common","level":"8-33","weight":9.0,"weightMultiplier":{"multiplier":0.6,"condition":{"minLureLevel":0,"maxLureLevel":1}},"condition":{"canSeeSky":false,"minSkyLight":8,"maxSkyLight":15,"biomes":["#cobblemon:is_coast","#cobblemon:is_ocean"]}},{"id":"krabby-5","pokemon":"krabby","presets":["water"],"type":"pokemon","spawnablePositionType":"seafloor","bucket":"common","level":"8-33","weight":1.8,"condition":{"canSeeSky":false,"biomes":["#cobblemon:is_overworld"],"structures":["cobblemon:shipwreck_coves/submerged_shipwreck_cove"],"minY":-60,"maxY":13}},{"id":"krabby-6","pokemon":"krabby","type":"pokemon","spawnablePositionType":"fishing","bucket":"common","level":"8-33","weight":9.0,"weightMultiplier":{"multiplier":0.6,"condition":{"minLureLevel":0,"maxLureLevel":1}},"condition":{"canSeeSky":false,"biomes":["#cobblemon:is_overworld"],"structures":["cobblemon:shipwreck_coves/submerged_shipwreck_cove"],"minY":-60,"maxY":13}}]}