{"enabled":true,"neededInstalledMods":[],"neededUninstalledMods":[],"spawns":[{"id":"voltorb-1","pokemon":"voltorb","presets":["natural","urban"],"type":"pokemon","spawnablePositionType":"grounded","bucket":"common","level":"8-33","weight":1.8,"weightMultiplier":{"multiplier":5.0,"condition":{"isThundering":true}},"condition":{"minSkyLight":8,"maxSkyLight":15,"biomes":["#cobblemon:is_overworld"]}},{"id":"voltorb-2","pokemon":"voltorb","presets":["natural"],"type":"pokemon","spawnablePositionType":"grounded","bucket":"common","level":"8-33","weight":1.8,"weightMultiplier":{"multiplier":5.0,"condition":{"isThundering":true}},"condition":{"minSkyLight":8,"maxSkyLight":15,"biomes":["#cobblemon:is_overworld"],"structures":["#minecraft:village"]}},{"id":"voltorb-3","pokemon":"voltorb","type":"pokemon","spawnablePositionType":"grounded","bucket":"uncommon","level":"8-33","weight":84.0,"weightMultiplier":{"multiplier":5.0,"condition":{"isThundering":true}},"condition":{"minSkyLight":8,"maxSkyLight":15,"biomes":["#cobblemon:is_overworld"],"neededNearbyBlocks":["minecraft:lightning_rod"]}},{"id":"voltorb-hisuian-4","pokemon":"voltorb hisuian","presets":["natural"],"type":"pokemon","spawnablePositionType":"grounded","bucket":"uncommon","level":"8-33","weight":92.0,"weightMultiplier":{"multiplier":5.0,"condition":{"isThundering":true}},"condition":{"minSkyLight":8,"maxSkyLight":15,"biomes":["#cobblemon:is_overworld"],"neededNearbyBlocks":["#cobblemon:apricorns"]}}]}