{"enabled":true,"neededInstalledMods":[],"neededUninstalledMods":[],"spawns":[{"id":"exeggcute-1","pokemon":"exeggcute","presets":["natural"],"type":"pokemon","spawnablePositionType":"grounded","bucket":"common","level":"8-33","weight":1.9,"condition":{"minSkyLight":8,"maxSkyLight":15,"biomes":["#cobblemon:is_jungle","#cobblemon:is_savanna"]}},{"id":"exeggcute-alola-2","pokemon":"exeggcute region_bias=alola","presets":["natural"],"type":"pokemon","spawnablePositionType":"grounded","bucket":"uncommon","level":"8-33","weight":9.2,"condition":{"minSkyLight":8,"maxSkyLight":15,"biomes":["#cobblemon:is_beach","#cobblemon:is_tropical_island"]},"anticondition":{"biomes":["#cobblemon:is_freezing"]}}]}