{
  "enabled": true,
  "neededInstalledMods": [],
  "neededUninstalledMods": [],
  "spawns": [
    {
      "id": "koffing-1",
      "pokemon": "koffing",
      "presets": [
        "natural",
        "urban"
      ],
      "type": "pokemon",
      "spawnablePositionType": "grounded",
      "bucket": "common",
      "level": "9-34",
      "weight": 2.0,
      "weightMultiplier": {
        "multiplier": 4.0,
        "condition": {
          "timeRange": "night"
        }
      },
      "condition": {
        "minSkyLight": 8,
        "maxSkyLight": 15,
        "biomes": [
          "#cobblemon:is_overworld"
        ]
      }
    },
    {
      "id": "koffing-toxic-1",
      "pokemon": "koffing",
      "presets": [
        "natural"
      ],
      "type": "pokemon",
      "spawnablePositionType": "grounded",
      "bucket": "common",
      "level": "9-34",
      "weight": 8.0,
      "condition": {
        "biomes": [
          "#cobblemon:nether/is_toxic"
        ]
      }
    },
    {
      "id": "koffing-galarian-1",
      "pokemon": "koffing galarian",
      "presets": [
        "natural"
      ],
      "type": "pokemon",
      "spawnablePositionType": "grounded",
      "bucket": "uncommon",
      "level": "9-34",
      "weight": 1.6,
      "weightMultiplier": {
        "multiplier": 1.5,
        "condition": {
          "timeRange": "night"
        }
      },
      "condition": {
        "minSkyLight": 8,
        "maxSkyLight": 15,
        "biomes": [
          "#cobblemon:is_magical",
          "#cobblemon:is_spooky"
        ]
      }
    }
  ]
}
