{
  "enabled": true,
  "neededInstalledMods": [],
  "neededUninstalledMods": [],
  "spawns": [
    {
      "id": "weezing-1",
      "pokemon": "weezing",
      "presets": [
        "natural",
        "urban"
      ],
      "type": "pokemon",
      "spawnablePositionType": "grounded",
      "bucket": "common",
      "level": "35-49",
      "weight": 0.25,
      "weightMultiplier": {
        "multiplier": 4.0,
        "condition": {
          "timeRange": "night"
        }
      },
      "condition": {
        "minSkyLight": 8,
        "maxSkyLight": 15,
        "biomes": [
          "#cobblemon:is_overworld"
        ]
      }
    },
    {
      "id": "weezing-toxic-1",
      "pokemon": "weezing",
      "presets": [
        "natural"
      ],
      "type": "pokemon",
      "spawnablePositionType": "grounded",
      "bucket": "common",
      "level": "35-49",
      "weight": 1.1,
      "condition": {
        "biomes": [
          "#cobblemon:nether/is_toxic"
        ]
      }
    },
    {
      "id": "weezing-galarian-1",
      "pokemon": "weezing galarian",
      "presets": [
        "natural"
      ],
      "type": "pokemon",
      "spawnablePositionType": "grounded",
      "bucket": "uncommon",
      "level": "35-49",
      "weight": 0.9,
      "weightMultiplier": {
        "multiplier": 1.5,
        "condition": {
          "timeRange": "night"
        }
      },
      "condition": {
        "biomes": [
          "#cobblemon:is_magical",
          "#cobblemon:is_spooky",
          "#cobblemon:nether/is_fungus"
        ]
      }
    }
  ]
}
