{"enabled":true,"neededInstalledMods":[],"neededUninstalledMods":[],"spawns":[{"id":"horsea-1","pokemon":"horsea","presets":["water"],"type":"pokemon","spawnablePositionType":"submerged","bucket":"common","level":"5-30","weight":1.8,"condition":{"canSeeSky":true,"biomes":["#cobblemon:is_lukewarm_ocean","#cobblemon:is_warm_ocean"]}},{"id":"horsea-2","pokemon":"horsea","type":"pokemon","spawnablePositionType":"fishing","bucket":"common","level":"5-30","weight":1.8,"weightMultipliers":[{"multiplier":3.0,"condition":{"minLureLevel":2,"maxLureLevel":2}},{"multiplier":5.0,"condition":{"minLureLevel":3}}],"condition":{"canSeeSky":true,"biomes":["#cobblemon:is_ocean"]},"anticondition":{"biomes":["#cobblemon:is_cold_ocean","#cobblemon:is_frozen_ocean"]}},{"id":"horsea-3","pokemon":"horsea","presets":["water"],"type":"pokemon","spawnablePositionType":"submerged","bucket":"common","level":"5-30","weight":1.8,"condition":{"canSeeSky":false,"minSkyLight":8,"maxSkyLight":15,"biomes":["#cobblemon:is_lukewarm_ocean","#cobblemon:is_warm_ocean"]}},{"id":"horsea-4","pokemon":"horsea","type":"pokemon","spawnablePositionType":"fishing","bucket":"common","level":"5-30","weight":1.8,"weightMultipliers":[{"multiplier":3.0,"condition":{"minLureLevel":2,"maxLureLevel":2}},{"multiplier":5.0,"condition":{"minLureLevel":3}}],"condition":{"canSeeSky":false,"minSkyLight":8,"maxSkyLight":15,"biomes":["#cobblemon:is_ocean"]},"anticondition":{"biomes":["#cobblemon:is_cold_ocean","#cobblemon:is_frozen_ocean"]}},{"id":"horsea-5","pokemon":"horsea","presets":["water"],"type":"pokemon","spawnablePositionType":"submerged","bucket":"common","level":"5-30","weight":1.8,"condition":{"canSeeSky":false,"biomes":["#cobblemon:is_overworld"],"structures":["cobblemon:shipwreck_coves/submerged_shipwreck_cove"],"minY":-60,"maxY":13}},{"id":"horsea-6","pokemon":"horsea","type":"pokemon","spawnablePositionType":"fishing","bucket":"common","level":"5-30","weight":1.8,"weightMultipliers":[{"multiplier":3.0,"condition":{"minLureLevel":2,"maxLureLevel":2}},{"multiplier":5.0,"condition":{"minLureLevel":3}}],"condition":{"canSeeSky":false,"biomes":["#cobblemon:is_overworld"],"structures":["cobblemon:shipwreck_coves/submerged_shipwreck_cove"],"minY":-60,"maxY":13}}]}