{"enabled":true,"neededInstalledMods":[],"neededUninstalledMods":[],"spawns":[{"id":"seadra-1","pokemon":"seadra","presets":["water"],"type":"pokemon","spawnablePositionType":"submerged","bucket":"common","level":"32-44","weight":0.19,"condition":{"canSeeSky":true,"biomes":["#cobblemon:is_lukewarm_ocean","#cobblemon:is_warm_ocean"]}},{"id":"seadra-2","pokemon":"seadra","type":"pokemon","spawnablePositionType":"fishing","bucket":"common","level":"32-44","weight":0.19,"weightMultipliers":[{"multiplier":3.0,"condition":{"minLureLevel":2,"maxLureLevel":2}},{"multiplier":5.0,"condition":{"minLureLevel":3}}],"condition":{"canSeeSky":true,"biomes":["#cobblemon:is_ocean"]},"anticondition":{"biomes":["#cobblemon:is_cold_ocean","#cobblemon:is_frozen_ocean"]}},{"id":"seadra-3","pokemon":"seadra","presets":["water"],"type":"pokemon","spawnablePositionType":"submerged","bucket":"common","level":"32-44","weight":0.19,"condition":{"canSeeSky":false,"minSkyLight":8,"maxSkyLight":15,"biomes":["#cobblemon:is_lukewarm_ocean","#cobblemon:is_warm_ocean"]}},{"id":"seadra-4","pokemon":"seadra","type":"pokemon","spawnablePositionType":"fishing","bucket":"common","level":"32-44","weight":0.19,"weightMultipliers":[{"multiplier":3.0,"condition":{"minLureLevel":2,"maxLureLevel":2}},{"multiplier":5.0,"condition":{"minLureLevel":3}}],"condition":{"canSeeSky":false,"minSkyLight":8,"maxSkyLight":15,"biomes":["#cobblemon:is_ocean"]},"anticondition":{"biomes":["#cobblemon:is_cold_ocean","#cobblemon:is_frozen_ocean"]}},{"id":"seadra-5","pokemon":"seadra","presets":["water"],"type":"pokemon","spawnablePositionType":"submerged","bucket":"common","level":"32-44","weight":0.19,"condition":{"canSeeSky":false,"biomes":["#cobblemon:is_overworld"],"structures":["cobblemon:shipwreck_coves/submerged_shipwreck_cove"],"minY":-60,"maxY":13}},{"id":"seadra-6","pokemon":"seadra","type":"pokemon","spawnablePositionType":"fishing","bucket":"common","level":"32-44","weight":0.19,"weightMultipliers":[{"multiplier":3.0,"condition":{"minLureLevel":2,"maxLureLevel":2}},{"multiplier":5.0,"condition":{"minLureLevel":3}}],"condition":{"canSeeSky":false,"biomes":["#cobblemon:is_overworld"],"structures":["cobblemon:shipwreck_coves/submerged_shipwreck_cove"],"minY":-60,"maxY":13}}]}