{
  "enabled": true,
  "neededInstalledMods": [],
  "neededUninstalledMods": [],
  "spawns": [
    {
      "id": "seaking-1",
      "pokemon": "seaking",
      "presets": [
        "water"
      ],
      "type": "pokemon",
      "spawnablePositionType": "submerged",
      "bucket": "common",
      "level": "33-45",
      "weight": 1.0,
      "condition": {
        "canSeeSky": true,
        "biomes": [
          "#cobblemon:is_river"
        ]
      }
    },
    {
      "id": "seaking-2",
      "pokemon": "seaking",
      "type": "pokemon",
      "spawnablePositionType": "fishing",
      "bucket": "common",
      "level": "33-45",
      "weight": 1.0,
      "condition": {
        "canSeeSky": true,
        "biomes": [
          "#cobblemon:is_bamboo",
          "#cobblemon:is_floral",
          "#cobblemon:is_freezing",
          "#cobblemon:is_freshwater",
          "#cobblemon:is_jungle",
          "#cobblemon:is_magical",
          "#cobblemon:is_mountain",
          "#cobblemon:is_taiga",
          "#cobblemon:is_temperate"
        ]
      }
    },
    {
      "id": "seaking-2-aether",
      "pokemon": "seaking",
      "type": "pokemon",
      "spawnablePositionType": "fishing",
      "bucket": "common",
      "level": "33-45",
      "weight": 1.0,
      "condition": {
        "canSeeSky": true,
        "biomes": [
          "#aether:is_aether"
        ],
        "dimensions": [
          "aether:the_aether"
        ]
      }
    },
    {
      "id": "seaking-3",
      "pokemon": "seaking",
      "presets": [
        "water"
      ],
      "type": "pokemon",
      "spawnablePositionType": "submerged",
      "bucket": "common",
      "level": "33-45",
      "weight": 1.0,
      "condition": {
        "canSeeSky": false,
        "minSkyLight": 8,
        "maxSkyLight": 15,
        "biomes": [
          "#cobblemon:is_river"
        ]
      }
    },
    {
      "id": "seaking-4",
      "pokemon": "seaking",
      "type": "pokemon",
      "spawnablePositionType": "fishing",
      "bucket": "common",
      "level": "33-45",
      "weight": 1.0,
      "condition": {
        "canSeeSky": false,
        "minSkyLight": 8,
        "maxSkyLight": 15,
        "biomes": [
          "#cobblemon:is_bamboo",
          "#cobblemon:is_floral",
          "#cobblemon:is_freezing",
          "#cobblemon:is_freshwater",
          "#cobblemon:is_jungle",
          "#cobblemon:is_magical",
          "#cobblemon:is_mountain",
          "#cobblemon:is_taiga",
          "#cobblemon:is_temperate"
        ]
      }
    },
    {
      "id": "seaking-4-aether",
      "pokemon": "seaking",
      "type": "pokemon",
      "spawnablePositionType": "fishing",
      "bucket": "common",
      "level": "33-45",
      "weight": 1.0,
      "condition": {
        "canSeeSky": false,
        "minSkyLight": 8,
        "maxSkyLight": 15,
        "biomes": [
          "#aether:is_aether"
        ],
        "dimensions": [
          "aether:the_aether"
        ]
      }
    }
  ]
}
