{
  "enabled": true,
  "neededInstalledMods": [],
  "neededUninstalledMods": [],
  "spawns": [
    {
      "id": "mrmime-1",
      "pokemon": "mrmime",
      "presets": [
        "natural",
        "urban"
      ],
      "type": "pokemon",
      "spawnablePositionType": "grounded",
      "bucket": "uncommon",
      "level": "26-46",
      "weight": 0.35,
      "condition": {
        "minSkyLight": 8,
        "maxSkyLight": 15,
        "biomes": [
          "#cobblemon:is_overworld"
        ]
      },
      "anticondition": {
        "biomes": [
          "#cobblemon:is_freezing"
        ]
      }
    },
    {
      "id": "mrmime-galarian-1",
      "pokemon": "mrmime galarian",
      "presets": [
        "natural"
      ],
      "type": "pokemon",
      "spawnablePositionType": "grounded",
      "bucket": "rare",
      "level": "28-46",
      "weight": 6.8,
      "condition": {
        "canSeeSky": true,
        "biomes": [
          "#cobblemon:is_freezing",
          "#cobblemon:is_snowy"
        ]
      }
    }
  ]
}
