{"enabled":true,"neededInstalledMods":[],"neededUninstalledMods":[],"spawns":[{"id":"magmar-1","pokemon":"magmar","presets":["natural"],"type":"pokemon","spawnablePositionType":"grounded","bucket":"common","level":"30-50","weight":0.95,"condition":{"minSkyLight":8,"maxSkyLight":15,"biomes":["#cobblemon:is_hills"],"isRaining":false,"neededNearbyBlocks":["minecraft:lava","minecraft:magma_block"]},"anticondition":{"biomes":["#cobblemon:is_volcanic"]}},{"id":"magmar-2","pokemon":"magmar","presets":["natural"],"type":"pokemon","spawnablePositionType":"grounded","bucket":"common","level":"30-50","weight":0.95,"condition":{"minSkyLight":8,"maxSkyLight":15,"biomes":["#cobblemon:is_volcanic"],"isRaining":false}},{"id":"magmar-3","pokemon":"magmar","presets":["natural"],"type":"pokemon","spawnablePositionType":"grounded","bucket":"common","level":"30-50","weight":0.95,"condition":{"biomes":["#cobblemon:nether/is_basalt","#cobblemon:nether/is_wasteland"]},"drops":{"amount":3,"entries":[{"item":"minecraft:blaze_powder","percentage":10.0},{"item":"cobblemon:magmarizer","percentage":5.0},{"item":"cobblemon:rawst_berry","percentage":5.0}]}}]}