{
  "enabled": true,
  "neededInstalledMods": [],
  "neededUninstalledMods": [],
  "spawns": [
    {
      "id": "pinsir-1",
      "pokemon": "pinsir",
      "presets": [
        "natural",
        "wild"
      ],
      "type": "pokemon",
      "spawnablePositionType": "grounded",
      "bucket": "rare",
      "level": "25-50",
      "weight": 10.0,
      "weightMultiplier": {
        "multiplier": 1.5,
        "condition": {
          "timeRange": "night"
        }
      },
      "condition": {
        "minSkyLight": 8,
        "maxSkyLight": 15,
        "biomes": [
          "#cobblemon:is_jungle",
          "#cobblemon:is_tropical_island"
        ]
      },
      "anticondition": {
        "neededNearbyBlocks": [
          "#cobblemon:saccharine_trees"
        ]
      }
    },
    {
      "id": "pinsir-1-aether",
      "pokemon": "pinsir",
      "presets": [
        "natural",
        "wild"
      ],
      "type": "pokemon",
      "spawnablePositionType": "grounded",
      "bucket": "rare",
      "level": "25-50",
      "weight": 10.0,
      "weightMultiplier": {
        "multiplier": 1.5,
        "condition": {
          "timeRange": "night"
        }
      },
      "condition": {
        "minSkyLight": 8,
        "maxSkyLight": 15,
        "biomes": [
          "aether:skyroot_forest",
          "aether:skyroot_woodland"
        ],
        "dimensions": [
          "aether:the_aether"
        ]
      },
      "anticondition": {
        "neededNearbyBlocks": [
          "#cobblemon:saccharine_trees"
        ]
      }
    },
    {
      "id": "pinsir-2",
      "pokemon": "pinsir",
      "presets": [
        "natural"
      ],
      "type": "pokemon",
      "spawnablePositionType": "grounded",
      "bucket": "uncommon",
      "level": "25-50",
      "weight": 2.0,
      "weightMultiplier": {
        "multiplier": 1.5,
        "condition": {
          "timeRange": "night"
        }
      },
      "condition": {
        "minSkyLight": 8,
        "maxSkyLight": 15,
        "biomes": [
          "#cobblemon:is_overworld"
        ],
        "neededNearbyBlocks": [
          "#cobblemon:saccharine_trees"
        ]
      },
      "anticondition": {
        "biomes": [
          "#cobblemon:is_freezing"
        ]
      }
    },
    {
      "id": "pinsir-2-aether",
      "pokemon": "pinsir",
      "presets": [
        "natural"
      ],
      "type": "pokemon",
      "spawnablePositionType": "grounded",
      "bucket": "uncommon",
      "level": "25-50",
      "weight": 2.0,
      "weightMultiplier": {
        "multiplier": 1.5,
        "condition": {
          "timeRange": "night"
        }
      },
      "condition": {
        "minSkyLight": 8,
        "maxSkyLight": 15,
        "biomes": [
          "#aether:is_aether"
        ],
        "neededNearbyBlocks": [
          "#cobblemon:saccharine_trees"
        ],
        "dimensions": [
          "aether:the_aether"
        ]
      },
      "anticondition": {
        "biomes": [
          "#cobblemon:is_freezing"
        ]
      }
    }
  ]
}
