{"enabled":true,"neededInstalledMods":[],"neededUninstalledMods":[],"spawns":[{"id":"tauros-1","pokemon":"tauros","presets":["natural"],"type":"pokemon","spawnablePositionType":"grounded","bucket":"common","level":"24-49","weight":2.0,"weightMultiplier":{"multiplier":0.25,"condition":{"timeRange":"night"}},"condition":{"minSkyLight":8,"maxSkyLight":15,"biomes":["#cobblemon:is_grassland"]},"anticondition":{"biomes":["#cobblemon:is_hills"]}},{"id":"tauros-combat-2","pokemon":"tauros paldean bull_breed=combat","presets":["natural"],"type":"pokemon","spawnablePositionType":"grounded","bucket":"common","level":"24-49","weight":1.8,"weightMultiplier":{"multiplier":0.25,"condition":{"timeRange":"night"}},"condition":{"minSkyLight":8,"maxSkyLight":15,"biomes":["#cobblemon:is_highlands"]}},{"id":"tauros-blaze-3","pokemon":"tauros paldean bull_breed=blaze","presets":["natural"],"type":"pokemon","spawnablePositionType":"grounded","bucket":"common","level":"24-49","weight":0.1,"weightMultipliers":[{"multiplier":0.25,"condition":{"timeRange":"night"}},{"multiplier":5.0,"condition":{"neededNearbyBlocks":["#minecraft:lava"]}}],"condition":{"minSkyLight":8,"maxSkyLight":15,"biomes":["#cobblemon:is_highlands"]}},{"id":"tauros-aqua-4","pokemon":"tauros paldean bull_breed=aqua","presets":["natural"],"type":"pokemon","spawnablePositionType":"grounded","bucket":"common","level":"24-49","weight":0.1,"weightMultipliers":[{"multiplier":0.25,"condition":{"timeRange":"night"}},{"multiplier":5.0,"condition":{"neededNearbyBlocks":["#minecraft:water"]}}],"condition":{"minSkyLight":8,"maxSkyLight":15,"biomes":["#cobblemon:is_highlands"]}}]}