{
  "enabled": true,
  "neededInstalledMods": [],
  "neededUninstalledMods": [],
  "spawns": [
    {
      "id": "gyarados-1",
      "pokemon": "gyarados",
      "presets": [
        "water"
      ],
      "type": "pokemon",
      "spawnablePositionType": "submerged",
      "bucket": "common",
      "level": "20-54",
      "weight": 0.1,
      "condition": {
        "canSeeSky": true,
        "biomes": [
          "#cobblemon:is_freshwater",
          "#cobblemon:is_ocean"
        ]
      }
    },
    {
      "id": "gyarados-2",
      "pokemon": "gyarados",
      "presets": [
        "water"
      ],
      "type": "pokemon",
      "spawnablePositionType": "surface",
      "bucket": "uncommon",
      "level": "20-54",
      "weight": 0.16,
      "condition": {
        "minSkyLight": 8,
        "maxSkyLight": 15,
        "biomes": [
          "#cobblemon:is_freshwater",
          "#cobblemon:is_ocean"
        ]
      }
    },
    {
      "id": "gyarados-3",
      "pokemon": "gyarados",
      "type": "pokemon",
      "spawnablePositionType": "fishing",
      "bucket": "common",
      "level": "20-54",
      "weight": 1.0,
      "condition": {
        "canSeeSky": true,
        "biomes": [
          "#cobblemon:is_overworld"
        ]
      }
    },
    {
      "id": "gyarados-3-aether",
      "pokemon": "gyarados",
      "type": "pokemon",
      "spawnablePositionType": "fishing",
      "bucket": "common",
      "level": "20-54",
      "weight": 1.0,
      "condition": {
        "canSeeSky": true,
        "biomes": [
          "#aether:is_aether"
        ],
        "dimensions": [
          "aether:the_aether"
        ]
      }
    },
    {
      "id": "gyarados-4",
      "pokemon": "gyarados",
      "presets": [
        "water"
      ],
      "type": "pokemon",
      "spawnablePositionType": "submerged",
      "bucket": "common",
      "level": "20-54",
      "weight": 0.1,
      "condition": {
        "canSeeSky": false,
        "minSkyLight": 8,
        "maxSkyLight": 15,
        "biomes": [
          "#cobblemon:is_freshwater",
          "#cobblemon:is_ocean"
        ]
      }
    },
    {
      "id": "gyarados-5",
      "pokemon": "gyarados",
      "type": "pokemon",
      "spawnablePositionType": "fishing",
      "bucket": "common",
      "level": "20-54",
      "weight": 1.0,
      "condition": {
        "canSeeSky": false,
        "minSkyLight": 8,
        "maxSkyLight": 15,
        "biomes": [
          "#cobblemon:is_overworld"
        ]
      }
    },
    {
      "id": "gyarados-5-aether",
      "pokemon": "gyarados",
      "type": "pokemon",
      "spawnablePositionType": "fishing",
      "bucket": "common",
      "level": "20-54",
      "weight": 1.0,
      "condition": {
        "canSeeSky": false,
        "minSkyLight": 8,
        "maxSkyLight": 15,
        "biomes": [
          "#aether:is_aether"
        ],
        "dimensions": [
          "aether:the_aether"
        ]
      }
    }
  ]
}
