{"enabled":true,"neededInstalledMods":[],"neededUninstalledMods":[],"spawns":[{"id":"lapras-1","pokemon":"lapras","presets":["water"],"type":"pokemon","spawnablePositionType":"surface","bucket":"uncommon","level":"29-54","weight":2.0,"condition":{"minSkyLight":8,"maxSkyLight":15,"biomes":["#cobblemon:is_frozen_ocean"]}},{"id":"lapras-2","pokemon":"lapras","presets":["water"],"type":"pokemon","spawnablePositionType":"surface","bucket":"ultra-rare","level":"29-54","weight":10.0,"condition":{"minSkyLight":8,"maxSkyLight":15,"biomes":["#cobblemon:is_ocean"]},"anticondition":{"biomes":["#cobblemon:is_frozen_ocean"]}},{"id":"lapras-3","pokemon":"lapras","type":"pokemon","spawnablePositionType":"fishing","bucket":"uncommon","level":"29-54","weight":2.0,"condition":{"canSeeSky":true,"biomes":["#cobblemon:is_frozen_ocean"]},"anticondition":{"minLureLevel":1}},{"id":"lapras-4","pokemon":"lapras","type":"pokemon","spawnablePositionType":"fishing","bucket":"common","level":"29-54","weight":2.0,"weightMultiplier":{"multiplier":3.0,"condition":{"minLureLevel":3}},"condition":{"canSeeSky":true,"biomes":["#cobblemon:is_frozen_ocean"],"minLureLevel":1}},{"id":"lapras-5","pokemon":"lapras","type":"pokemon","spawnablePositionType":"fishing","bucket":"ultra-rare","level":"29-54","weight":10.0,"condition":{"canSeeSky":true,"biomes":["#cobblemon:is_ocean"]},"anticondition":{"biomes":["#cobblemon:is_frozen_ocean"]}},{"id":"lapras-6","pokemon":"lapras","type":"pokemon","spawnablePositionType":"fishing","bucket":"uncommon","level":"29-54","weight":2.0,"condition":{"canSeeSky":false,"minSkyLight":8,"maxSkyLight":15,"biomes":["#cobblemon:is_frozen_ocean"]},"anticondition":{"minLureLevel":1}},{"id":"lapras-7","pokemon":"lapras","type":"pokemon","spawnablePositionType":"fishing","bucket":"common","level":"29-54","weight":2.0,"weightMultiplier":{"multiplier":3.0,"condition":{"minLureLevel":3}},"condition":{"canSeeSky":false,"minSkyLight":8,"maxSkyLight":15,"biomes":["#cobblemon:is_frozen_ocean"],"minLureLevel":1}},{"id":"lapras-8","pokemon":"lapras","type":"pokemon","spawnablePositionType":"fishing","bucket":"ultra-rare","level":"29-54","weight":10.0,"condition":{"canSeeSky":false,"minSkyLight":8,"maxSkyLight":15,"biomes":["#cobblemon:is_ocean"]},"anticondition":{"biomes":["#cobblemon:is_frozen_ocean"]}}]}