{"enabled":true,"neededInstalledMods":[],"neededUninstalledMods":[],"spawns":[{"id":"ditto-1","pokemon":"ditto","presets":["natural"],"type":"pokemon","spawnablePositionType":"grounded","bucket":"rare","level":"4-29","weight":10.0,"condition":{"minSkyLight":8,"maxSkyLight":15,"biomes":["#cobblemon:is_overworld"],"isSlimeChunk":true},"anticondition":{"biomes":["#cobblemon:is_ocean"]}},{"id":"ditto-2","pokemon":"ditto","presets":["natural"],"type":"pokemon","spawnablePositionType":"grounded","bucket":"ultra-rare","level":"4-29","weight":6.0,"condition":{"minSkyLight":8,"maxSkyLight":15,"biomes":["#cobblemon:is_overworld"]},"anticondition":{"biomes":["#cobblemon:is_ocean"]}},{"id":"ditto-3","pokemon":"ditto","presets":["mansion"],"type":"pokemon","spawnablePositionType":"grounded","bucket":"uncommon","level":"4-29","weight":10.0,"condition":{"canSeeSky":false,"biomes":["#cobblemon:is_overworld"]}}]}