{
  "enabled": true,
  "neededInstalledMods": [],
  "neededUninstalledMods": [],
  "spawns": [
    {
      "id": "eevee-1",
      "pokemon": "eevee",
      "presets": [
        "natural"
      ],
      "type": "pokemon",
      "spawnablePositionType": "grounded",
      "bucket": "ultra-rare",
      "level": "5-33",
      "weight": 4.8,
      "condition": {
        "minSkyLight": 8,
        "maxSkyLight": 15,
        "biomes": [
          "#cobblemon:is_overworld"
        ]
      },
      "anticondition": {
        "biomes": [
          "#cobblemon:is_ocean",
          "#cobblemon:is_temperate"
        ]
      }
    },
    {
      "id": "eevee-2",
      "pokemon": "eevee",
      "presets": [
        "natural"
      ],
      "type": "pokemon",
      "spawnablePositionType": "grounded",
      "bucket": "rare",
      "level": "5-33",
      "weight": 10.0,
      "condition": {
        "minSkyLight": 8,
        "maxSkyLight": 15,
        "biomes": [
          "#cobblemon:is_temperate"
        ]
      }
    },
    {
      "id": "eevee-2-aether",
      "pokemon": "eevee",
      "presets": [
        "natural"
      ],
      "type": "pokemon",
      "spawnablePositionType": "grounded",
      "bucket": "rare",
      "level": "5-33",
      "weight": 10.0,
      "condition": {
        "minSkyLight": 8,
        "maxSkyLight": 15,
        "biomes": [
          "#aether:is_aether"
        ],
        "dimensions": [
          "aether:the_aether"
        ]
      }
    },
    {
      "id": "eevee-3",
      "pokemon": "eevee",
      "presets": [
        "natural",
        "urban"
      ],
      "type": "pokemon",
      "spawnablePositionType": "grounded",
      "bucket": "uncommon",
      "level": "5-33",
      "weight": 1.84,
      "condition": {
        "minSkyLight": 8,
        "maxSkyLight": 15,
        "biomes": [
          "#cobblemon:is_overworld"
        ]
      }
    },
    {
      "id": "eevee-4",
      "pokemon": "eevee",
      "presets": [
        "natural"
      ],
      "type": "pokemon",
      "spawnablePositionType": "grounded",
      "bucket": "uncommon",
      "level": "5-33",
      "weight": 1.84,
      "condition": {
        "minSkyLight": 8,
        "maxSkyLight": 15,
        "biomes": [
          "#cobblemon:is_overworld"
        ],
        "structures": [
          "#minecraft:village"
        ]
      }
    },
    {
      "id": "eevee-5",
      "pokemon": "eevee",
      "presets": [
        "mansion"
      ],
      "type": "pokemon",
      "spawnablePositionType": "grounded",
      "bucket": "uncommon",
      "level": "5-33",
      "weight": 9.2,
      "condition": {
        "canSeeSky": false,
        "biomes": [
          "#cobblemon:is_overworld"
        ]
      }
    },
    {
      "id": "eevee-6",
      "pokemon": "eevee",
      "presets": [
        "wild"
      ],
      "type": "pokemon",
      "context": "grounded",
      "bucket": "rare",
      "level": "20-37",
      "weight": 2.4,
      "condition": {
        "minSkyLight": 0,
        "maxSkyLight": 15,
        "biomes": [
          "aether:skyroot_meadow",
          "aether:skyroot_grove",
          "aether:skyroot_woodland",
          "aether:skyroot_forest"
        ],
        "dimensions": [
          "aether:the_aether"
        ]
      }
    }
  ]
}
