{"enabled":true,"neededInstalledMods":[],"neededUninstalledMods":[],"spawns":[{"id":"jolteon-1","pokemon":"jolteon","presets":["natural"],"type":"pokemon","spawnablePositionType":"grounded","bucket":"ultra-rare","level":"28-53","weight":1.2,"condition":{"minSkyLight":8,"maxSkyLight":15,"biomes":["#cobblemon:is_grassland"]}},{"id":"jolteon-2","pokemon":"jolteon","presets":["natural","urban"],"type":"pokemon","spawnablePositionType":"grounded","bucket":"uncommon","level":"28-53","weight":0.02,"condition":{"minSkyLight":8,"maxSkyLight":15,"biomes":["#cobblemon:is_overworld"]}},{"id":"jolteon-3","pokemon":"jolteon","presets":["natural"],"type":"pokemon","spawnablePositionType":"grounded","bucket":"uncommon","level":"28-53","weight":0.02,"condition":{"minSkyLight":8,"maxSkyLight":15,"biomes":["#cobblemon:is_overworld"],"structures":["#minecraft:village"]}},{"id":"jolteon-4","pokemon":"jolteon","presets":["mansion"],"type":"pokemon","spawnablePositionType":"grounded","bucket":"uncommon","level":"28-53","weight":0.1,"condition":{"canSeeSky":false,"biomes":["#cobblemon:is_overworld"]}}]}