{"enabled":true,"neededInstalledMods":[],"neededUninstalledMods":[],"spawns":[{"id":"flareon-1","pokemon":"flareon","presets":["natural"],"type":"pokemon","spawnablePositionType":"grounded","bucket":"ultra-rare","level":"28-53","weight":1.2,"condition":{"minSkyLight":8,"maxSkyLight":15,"biomes":["#cobblemon:is_badlands","#cobblemon:is_desert"]}},{"id":"flareon-2","pokemon":"flareon","presets":["natural","urban"],"type":"pokemon","spawnablePositionType":"grounded","bucket":"uncommon","level":"28-53","weight":0.02,"condition":{"minSkyLight":8,"maxSkyLight":15,"biomes":["#cobblemon:is_overworld"]}},{"id":"flareon-3","pokemon":"flareon","presets":["natural"],"type":"pokemon","spawnablePositionType":"grounded","bucket":"uncommon","level":"28-53","weight":0.02,"condition":{"minSkyLight":8,"maxSkyLight":15,"biomes":["#cobblemon:is_overworld"],"structures":["#minecraft:village"]}},{"id":"flareon-4","pokemon":"flareon","presets":["mansion"],"type":"pokemon","spawnablePositionType":"grounded","bucket":"uncommon","level":"28-53","weight":0.1,"condition":{"canSeeSky":false,"biomes":["#cobblemon:is_overworld"]}}]}