{"enabled":true,"neededInstalledMods":[],"neededUninstalledMods":[],"spawns":[{"id":"kabutops-1","pokemon":"kabutops","presets":["natural"],"type":"pokemon","spawnablePositionType":"grounded","bucket":"ultra-rare","level":"40-50","weight":4.0,"condition":{"minSkyLight":0,"maxSkyLight":7,"biomes":["#cobblemon:is_lush"]}},{"id":"kabutops-2","pokemon":"kabutops","presets":["water"],"type":"pokemon","spawnablePositionType":"submerged","bucket":"ultra-rare","level":"40-50","weight":4.0,"condition":{"minSkyLight":0,"maxSkyLight":7,"biomes":["#cobblemon:is_lush"]}}]}