{
  "enabled": true,
  "neededInstalledMods": [],
  "neededUninstalledMods": [],
  "spawns": [
    {
      "id": "snorlax-1",
      "pokemon": "snorlax",
      "presets": [
        "natural"
      ],
      "type": "pokemon",
      "spawnablePositionType": "grounded",
      "bucket": "rare",
      "level": "34-54",
      "weight": 2.5,
      "condition": {
        "minSkyLight": 8,
        "maxSkyLight": 15,
        "biomes": [
          "#cobblemon:is_snowy_forest",
          "#cobblemon:is_forest",
          "#cobblemon:is_hills"
        ]
      },
      "anticondition": {
        "neededNearbyBlocks": [
          "#cobblemon:saccharine_trees"
        ]
      }
    },
    {
      "id": "snorlax-1-aether",
      "pokemon": "snorlax",
      "presets": [
        "natural"
      ],
      "type": "pokemon",
      "spawnablePositionType": "grounded",
      "bucket": "rare",
      "level": "34-54",
      "weight": 2.5,
      "condition": {
        "minSkyLight": 8,
        "maxSkyLight": 15,
        "biomes": [
          "aether:skyroot_forest",
          "aether:skyroot_woodland"
        ],
        "dimensions": [
          "aether:the_aether"
        ]
      },
      "anticondition": {
        "neededNearbyBlocks": [
          "#cobblemon:saccharine_trees"
        ]
      }
    },
    {
      "id": "snorlax-2",
      "pokemon": "snorlax",
      "presets": [
        "natural"
      ],
      "type": "pokemon",
      "spawnablePositionType": "grounded",
      "bucket": "uncommon",
      "level": "34-54",
      "weight": 0.32,
      "condition": {
        "minSkyLight": 8,
        "maxSkyLight": 15,
        "biomes": [
          "#cobblemon:is_overworld"
        ],
        "neededNearbyBlocks": [
          "#cobblemon:saccharine_trees"
        ]
      }
    },
    {
      "id": "snorlax-2-aether",
      "pokemon": "snorlax",
      "presets": [
        "natural"
      ],
      "type": "pokemon",
      "spawnablePositionType": "grounded",
      "bucket": "uncommon",
      "level": "34-54",
      "weight": 0.32,
      "condition": {
        "minSkyLight": 8,
        "maxSkyLight": 15,
        "biomes": [
          "#aether:is_aether"
        ],
        "neededNearbyBlocks": [
          "#cobblemon:saccharine_trees"
        ],
        "dimensions": [
          "aether:the_aether"
        ]
      }
    }
  ]
}
