{
  "enabled": true,
  "neededInstalledMods": [],
  "neededUninstalledMods": [],
  "spawns": [
    {
      "id": "dragonair-1",
      "pokemon": "dragonair",
      "presets": [
        "water"
      ],
      "type": "pokemon",
      "spawnablePositionType": "surface",
      "bucket": "rare",
      "level": "30-42",
      "weight": 2.25,
      "condition": {
        "minSkyLight": 0,
        "maxSkyLight": 7,
        "biomes": [
          "#cobblemon:is_overworld"
        ],
        "maxY": 32
      },
      "anticondition": {
        "biomes": [
          "#cobblemon:is_deep_dark"
        ]
      }
    },
    {
      "id": "dragonair-2",
      "pokemon": "dragonair",
      "presets": [
        "water"
      ],
      "type": "pokemon",
      "spawnablePositionType": "submerged",
      "bucket": "rare",
      "level": "30-42",
      "weight": 2.25,
      "condition": {
        "minSkyLight": 0,
        "maxSkyLight": 7,
        "biomes": [
          "#cobblemon:is_overworld"
        ],
        "maxY": 32
      },
      "anticondition": {
        "biomes": [
          "#cobblemon:is_deep_dark"
        ]
      }
    },
    {
      "id": "dragonair-3",
      "pokemon": "dragonair",
      "presets": [
        "water",
        "ocean_ruins"
      ],
      "type": "pokemon",
      "spawnablePositionType": "submerged",
      "bucket": "uncommon",
      "level": "30-42",
      "weight": 14.4,
      "condition": {
        "canSeeSky": true,
        "biomes": [
          "#cobblemon:is_ocean"
        ]
      }
    },
    {
      "id": "dragonair-4",
      "pokemon": "dragonair",
      "type": "pokemon",
      "spawnablePositionType": "fishing",
      "bucket": "rare",
      "level": "30-42",
      "weight": 0.45,
      "condition": {
        "minSkyLight": 0,
        "maxSkyLight": 7,
        "biomes": [
          "#cobblemon:is_overworld"
        ],
        "maxY": 32
      },
      "anticondition": {
        "biomes": [
          "#cobblemon:is_deep_dark"
        ]
      }
    },
    {
      "id": "dragonair-4-aether",
      "pokemon": "dragonair",
      "type": "pokemon",
      "spawnablePositionType": "fishing",
      "bucket": "rare",
      "level": "30-42",
      "weight": 0.45,
      "condition": {
        "minSkyLight": 0,
        "maxSkyLight": 7,
        "biomes": [
          "#aether:is_aether"
        ],
        "maxY": 32,
        "dimensions": [
          "aether:the_aether"
        ]
      },
      "anticondition": {
        "biomes": [
          "#cobblemon:is_deep_dark"
        ]
      }
    },
    {
      "id": "dragonair-5",
      "pokemon": "dragonair",
      "type": "pokemon",
      "spawnablePositionType": "fishing",
      "bucket": "ultra-rare",
      "level": "30-42",
      "weight": 3.6,
      "condition": {
        "canSeeSky": true,
        "biomes": [
          "#cobblemon:is_magical",
          "#cobblemon:is_ocean"
        ]
      },
      "anticondition": {
        "biomes": [
          "#cobblemon:is_frozen_ocean"
        ]
      }
    },
    {
      "id": "dragonair-5-aether",
      "pokemon": "dragonair",
      "type": "pokemon",
      "spawnablePositionType": "fishing",
      "bucket": "ultra-rare",
      "level": "30-42",
      "weight": 3.6,
      "condition": {
        "canSeeSky": true,
        "biomes": [
          "#aether:is_aether"
        ],
        "dimensions": [
          "aether:the_aether"
        ]
      },
      "anticondition": {
        "biomes": [
          "#cobblemon:is_frozen_ocean"
        ]
      }
    },
    {
      "id": "dragonair-6",
      "pokemon": "dragonair",
      "presets": [
        "water",
        "ocean_ruins"
      ],
      "type": "pokemon",
      "spawnablePositionType": "submerged",
      "bucket": "uncommon",
      "level": "30-42",
      "weight": 14.4,
      "condition": {
        "canSeeSky": false,
        "minSkyLight": 8,
        "maxSkyLight": 15,
        "biomes": [
          "#cobblemon:is_ocean"
        ]
      }
    },
    {
      "id": "dragonair-7",
      "pokemon": "dragonair",
      "type": "pokemon",
      "spawnablePositionType": "fishing",
      "bucket": "ultra-rare",
      "level": "30-42",
      "weight": 3.6,
      "condition": {
        "canSeeSky": false,
        "minSkyLight": 8,
        "maxSkyLight": 15,
        "biomes": [
          "#cobblemon:is_magical",
          "#cobblemon:is_ocean"
        ]
      },
      "anticondition": {
        "biomes": [
          "#cobblemon:is_frozen_ocean"
        ]
      }
    },
    {
      "id": "dragonair-7-aether",
      "pokemon": "dragonair",
      "type": "pokemon",
      "spawnablePositionType": "fishing",
      "bucket": "ultra-rare",
      "level": "30-42",
      "weight": 3.6,
      "condition": {
        "canSeeSky": false,
        "minSkyLight": 8,
        "maxSkyLight": 15,
        "biomes": [
          "#aether:is_aether"
        ],
        "dimensions": [
          "aether:the_aether"
        ]
      },
      "anticondition": {
        "biomes": [
          "#cobblemon:is_frozen_ocean"
        ]
      }
    },
    {
      "id": "dragonair-8",
      "pokemon": "dragonair",
      "presets": [
        "water"
      ],
      "type": "pokemon",
      "context": "submerged",
      "bucket": "rare",
      "level": "33-56",
      "weight": 1.4,
      "condition": {
        "minSkyLight": 0,
        "maxSkyLight": 15,
        "biomes": [
          "aether:skyroot_meadow",
          "aether:skyroot_grove",
          "aether:skyroot_woodland",
          "aether:skyroot_forest"
        ],
        "dimensions": [
          "aether:the_aether"
        ]
      }
    }
  ]
}
