{
  "enabled": true,
  "neededInstalledMods": [],
  "neededUninstalledMods": [],
  "spawns": [
    {
      "id": "dragonite-1",
      "pokemon": "dragonite",
      "presets": [
        "natural"
      ],
      "type": "pokemon",
      "spawnablePositionType": "grounded",
      "bucket": "rare",
      "level": "55-60",
      "weight": 0.25,
      "condition": {
        "minSkyLight": 0,
        "maxSkyLight": 7,
        "biomes": [
          "#cobblemon:is_overworld"
        ],
        "maxY": 32,
        "neededNearbyBlocks": [
          "minecraft:water"
        ]
      },
      "anticondition": {
        "biomes": [
          "#cobblemon:is_deep_dark"
        ]
      }
    },
    {
      "id": "dragonite-2",
      "pokemon": "dragonite",
      "presets": [
        "water",
        "ocean_ruins"
      ],
      "type": "pokemon",
      "spawnablePositionType": "submerged",
      "bucket": "uncommon",
      "level": "55-60",
      "weight": 1.6,
      "condition": {
        "canSeeSky": true,
        "biomes": [
          "#cobblemon:is_ocean"
        ]
      }
    },
    {
      "id": "dragonite-4",
      "pokemon": "dragonite",
      "presets": [
        "natural"
      ],
      "type": "pokemon",
      "spawnablePositionType": "grounded",
      "bucket": "ultra-rare",
      "level": "55-60",
      "weight": 0.4,
      "condition": {
        "minSkyLight": 8,
        "maxSkyLight": 15,
        "biomes": [
          "#cobblemon:is_sky"
        ],
        "isRaining": true
      }
    },
    {
      "id": "dragonite-5",
      "pokemon": "dragonite",
      "type": "pokemon",
      "spawnablePositionType": "fishing",
      "bucket": "rare",
      "level": "55-60",
      "weight": 0.05,
      "condition": {
        "minSkyLight": 0,
        "maxSkyLight": 7,
        "biomes": [
          "#cobblemon:is_overworld"
        ],
        "maxY": 32
      },
      "anticondition": {
        "biomes": [
          "#cobblemon:is_deep_dark"
        ]
      }
    },
    {
      "id": "dragonite-5-aether",
      "pokemon": "dragonite",
      "type": "pokemon",
      "spawnablePositionType": "fishing",
      "bucket": "rare",
      "level": "55-60",
      "weight": 0.05,
      "condition": {
        "minSkyLight": 0,
        "maxSkyLight": 7,
        "biomes": [
          "#aether:is_aether"
        ],
        "maxY": 32,
        "dimensions": [
          "aether:the_aether"
        ]
      },
      "anticondition": {
        "biomes": [
          "#cobblemon:is_deep_dark"
        ]
      }
    },
    {
      "id": "dragonite-6",
      "pokemon": "dragonite",
      "type": "pokemon",
      "spawnablePositionType": "fishing",
      "bucket": "ultra-rare",
      "level": "55-60",
      "weight": 0.4,
      "condition": {
        "canSeeSky": true,
        "biomes": [
          "#cobblemon:is_magical",
          "#cobblemon:is_ocean"
        ]
      },
      "anticondition": {
        "biomes": [
          "#cobblemon:is_frozen_ocean"
        ]
      }
    },
    {
      "id": "dragonite-6-aether",
      "pokemon": "dragonite",
      "type": "pokemon",
      "spawnablePositionType": "fishing",
      "bucket": "ultra-rare",
      "level": "55-60",
      "weight": 0.4,
      "condition": {
        "canSeeSky": true,
        "biomes": [
          "#aether:is_aether"
        ],
        "dimensions": [
          "aether:the_aether"
        ]
      },
      "anticondition": {
        "biomes": [
          "#cobblemon:is_frozen_ocean"
        ]
      }
    },
    {
      "id": "dragonite-7",
      "pokemon": "dragonite",
      "presets": [
        "water",
        "ocean_ruins"
      ],
      "type": "pokemon",
      "spawnablePositionType": "submerged",
      "bucket": "uncommon",
      "level": "55-60",
      "weight": 1.6,
      "condition": {
        "canSeeSky": false,
        "minSkyLight": 8,
        "maxSkyLight": 15,
        "biomes": [
          "#cobblemon:is_ocean"
        ]
      }
    },
    {
      "id": "dragonite-8",
      "pokemon": "dragonite",
      "type": "pokemon",
      "spawnablePositionType": "fishing",
      "bucket": "ultra-rare",
      "level": "55-60",
      "weight": 0.4,
      "condition": {
        "canSeeSky": false,
        "minSkyLight": 8,
        "maxSkyLight": 15,
        "biomes": [
          "#cobblemon:is_magical",
          "#cobblemon:is_ocean"
        ]
      },
      "anticondition": {
        "biomes": [
          "#cobblemon:is_frozen_ocean"
        ]
      }
    },
    {
      "id": "dragonite-8-aether",
      "pokemon": "dragonite",
      "type": "pokemon",
      "spawnablePositionType": "fishing",
      "bucket": "ultra-rare",
      "level": "55-60",
      "weight": 0.4,
      "condition": {
        "canSeeSky": false,
        "minSkyLight": 8,
        "maxSkyLight": 15,
        "biomes": [
          "#aether:is_aether"
        ],
        "dimensions": [
          "aether:the_aether"
        ]
      },
      "anticondition": {
        "biomes": [
          "#cobblemon:is_frozen_ocean"
        ]
      }
    },
    {
      "id": "dragonite-9",
      "pokemon": "dragonite",
      "presets": [
        "natural",
        "wild"
      ],
      "type": "pokemon",
      "spawnablePositionType": "grounded",
      "bucket": "ultra-rare",
      "level": "45-60",
      "weight": 3.4,
      "condition": {
        "minSkyLight": 0,
        "maxSkyLight": 15,
        "biomes": [
          "aether:skyroot_meadow",
          "aether:skyroot_grove",
          "aether:skyroot_woodland",
          "aether:skyroot_forest"
        ],
        "dimensions": [
          "aether:the_aether"
        ]
      }
    },
    {
      "id": "dragonite-9",
      "pokemon": "dragonite",
      "presets": [
        "natural",
        "wild"
      ],
      "type": "pokemon",
      "context": "grounded",
      "bucket": "ultra-rare",
      "level": "45-60",
      "weight": 3.4,
      "condition": {
        "minSkyLight": 0,
        "maxSkyLight": 15,
        "biomes": [
          "aether:skyroot_meadow",
          "aether:skyroot_grove",
          "aether:skyroot_woodland",
          "aether:skyroot_forest"
        ],
        "dimensions": [
          "aether:the_aether"
        ]
      }
    }
  ]
}
