{"enabled":true,"neededInstalledMods":[],"neededUninstalledMods":[],"spawns":[{"id":"cyndaquil-1","pokemon":"cyndaquil","presets":["natural"],"type":"pokemon","spawnablePositionType":"grounded","bucket":"ultra-rare","level":"5-31","weight":6.0,"condition":{"minSkyLight":8,"maxSkyLight":15,"biomes":["#cobblemon:is_temperate"]},"anticondition":{"biomes":["#cobblemon:is_spooky"]}},{"id":"cyndaquil-hisui-2","pokemon":"cyndaquil region_bias=hisui","presets":["natural"],"type":"pokemon","spawnablePositionType":"grounded","bucket":"ultra-rare","level":"5-31","weight":6.0,"condition":{"minSkyLight":8,"maxSkyLight":15,"biomes":["#cobblemon:is_taiga"],"isRaining":false}},{"id":"cyndaquil-hisui-3","pokemon":"cyndaquil region_bias=hisui","presets":["natural"],"type":"pokemon","spawnablePositionType":"grounded","bucket":"ultra-rare","level":"5-31","weight":6.0,"condition":{"biomes":["#cobblemon:nether/is_crimson","#cobblemon:nether/is_forest","#cobblemon:nether/is_overgrowth"]}}]}