{"enabled":true,"neededInstalledMods":[],"neededUninstalledMods":[],"spawns":[{"id":"quilava-1","pokemon":"quilava","presets":["natural"],"type":"pokemon","spawnablePositionType":"grounded","bucket":"ultra-rare","level":"17-41","weight":3.6,"condition":{"minSkyLight":8,"maxSkyLight":15,"biomes":["#cobblemon:is_temperate"]},"anticondition":{"biomes":["#cobblemon:is_spooky"]}},{"id":"quilava-hisui-2","pokemon":"quilava region_bias=hisui","presets":["natural"],"type":"pokemon","spawnablePositionType":"grounded","bucket":"ultra-rare","level":"17-41","weight":3.6,"condition":{"minSkyLight":8,"maxSkyLight":15,"biomes":["#cobblemon:is_taiga"],"isRaining":false}},{"id":"quilava-hisui-3","pokemon":"quilava region_bias=hisui","presets":["natural"],"type":"pokemon","spawnablePositionType":"grounded","bucket":"ultra-rare","level":"17-41","weight":3.6,"condition":{"biomes":["#cobblemon:nether/is_crimson","#cobblemon:nether/is_forest","#cobblemon:nether/is_overgrowth"]}}]}