{"enabled":true,"neededInstalledMods":[],"neededUninstalledMods":[],"spawns":[{"id":"typhlosion-1","pokemon":"typhlosion","presets":["natural"],"type":"pokemon","spawnablePositionType":"grounded","bucket":"ultra-rare","level":"36-53","weight":0.4,"condition":{"minSkyLight":8,"maxSkyLight":15,"biomes":["#cobblemon:is_temperate"]},"anticondition":{"biomes":["#cobblemon:is_spooky"]}},{"id":"typhlosion-hisuian-2","pokemon":"typhlosion hisuian","presets":["natural"],"type":"pokemon","spawnablePositionType":"grounded","bucket":"ultra-rare","level":"36-53","weight":0.4,"condition":{"minSkyLight":8,"maxSkyLight":15,"biomes":["#cobblemon:is_taiga"],"isRaining":false}},{"id":"typhlosion-hisuian-3","pokemon":"typhlosion hisuian","presets":["natural"],"type":"pokemon","spawnablePositionType":"grounded","bucket":"ultra-rare","level":"36-53","weight":0.4,"condition":{"biomes":["#cobblemon:nether/is_crimson","#cobblemon:nether/is_forest","#cobblemon:nether/is_overgrowth"]}}]}