{"enabled":true,"neededInstalledMods":[],"neededUninstalledMods":[],"spawns":[{"id":"totodile-1","pokemon":"totodile","presets":["natural"],"type":"pokemon","spawnablePositionType":"grounded","bucket":"ultra-rare","level":"5-31","weight":6.0,"condition":{"minSkyLight":8,"maxSkyLight":15,"biomes":["#cobblemon:is_swamp"]}},{"id":"totodile-2","pokemon":"totodile","presets":["water"],"type":"pokemon","spawnablePositionType":"submerged","bucket":"ultra-rare","level":"5-31","weight":6.0,"condition":{"canSeeSky":true,"biomes":["#cobblemon:is_swamp"]}},{"id":"totodile-3","pokemon":"totodile","type":"pokemon","spawnablePositionType":"fishing","bucket":"ultra-rare","level":"5-31","weight":6.0,"condition":{"canSeeSky":true,"biomes":["#cobblemon:is_arid","#cobblemon:is_jungle","#cobblemon:is_swamp"]}},{"id":"totodile-4","pokemon":"totodile","presets":["water"],"type":"pokemon","spawnablePositionType":"submerged","bucket":"ultra-rare","level":"5-31","weight":6.0,"condition":{"canSeeSky":false,"minSkyLight":8,"maxSkyLight":15,"biomes":["#cobblemon:is_swamp"]}},{"id":"totodile-5","pokemon":"totodile","type":"pokemon","spawnablePositionType":"fishing","bucket":"ultra-rare","level":"5-31","weight":6.0,"condition":{"canSeeSky":false,"minSkyLight":8,"maxSkyLight":15,"biomes":["#cobblemon:is_arid","#cobblemon:is_jungle","#cobblemon:is_swamp"]}}]}