{"enabled":true,"neededInstalledMods":[],"neededUninstalledMods":[],"spawns":[{"id":"feraligatr-1","pokemon":"feraligatr","presets":["natural"],"type":"pokemon","spawnablePositionType":"grounded","bucket":"ultra-rare","level":"30-53","weight":0.4,"condition":{"minSkyLight":8,"maxSkyLight":15,"biomes":["#cobblemon:is_swamp"]}},{"id":"feraligatr-2","pokemon":"feraligatr","presets":["water"],"type":"pokemon","spawnablePositionType":"submerged","bucket":"ultra-rare","level":"30-53","weight":0.4,"condition":{"canSeeSky":true,"biomes":["#cobblemon:is_swamp"]}},{"id":"feraligatr-3","pokemon":"feraligatr","type":"pokemon","spawnablePositionType":"fishing","bucket":"ultra-rare","level":"30-53","weight":0.4,"condition":{"canSeeSky":true,"biomes":["#cobblemon:is_arid","#cobblemon:is_jungle","#cobblemon:is_swamp"]}},{"id":"feraligatr-4","pokemon":"feraligatr","presets":["water"],"type":"pokemon","spawnablePositionType":"submerged","bucket":"ultra-rare","level":"30-53","weight":0.4,"condition":{"canSeeSky":false,"minSkyLight":8,"maxSkyLight":15,"biomes":["#cobblemon:is_swamp"]}},{"id":"feraligatr-5","pokemon":"feraligatr","type":"pokemon","spawnablePositionType":"fishing","bucket":"ultra-rare","level":"30-53","weight":0.4,"condition":{"canSeeSky":false,"minSkyLight":8,"maxSkyLight":15,"biomes":["#cobblemon:is_arid","#cobblemon:is_jungle","#cobblemon:is_swamp"]}}]}