{"enabled":true,"neededInstalledMods":[],"neededUninstalledMods":[],"spawns":[{"id":"ariados-1","pokemon":"ariados","presets":["natural","treetop"],"type":"pokemon","spawnablePositionType":"grounded","bucket":"common","level":"22-40","weight":0.6,"condition":{"minSkyLight":8,"maxSkyLight":15,"biomes":["#cobblemon:is_forest","#cobblemon:is_jungle","#cobblemon:is_spooky"],"timeRange":"night","isRaining":false},"anticondition":{"biomes":["#cobblemon:is_freezing"]}},{"id":"ariados-2","pokemon":"ariados","presets":["natural"],"type":"pokemon","spawnablePositionType":"grounded","bucket":"common","level":"22-40","weight":0.2,"condition":{"minSkyLight":0,"maxSkyLight":7,"biomes":["#cobblemon:is_overworld"]},"anticondition":{"biomes":["#cobblemon:is_deep_dark"]}},{"id":"ariados-3","pokemon":"ariados","presets":["derelict"],"type":"pokemon","spawnablePositionType":"grounded","bucket":"common","level":"22-40","weight":0.6,"condition":{"canSeeSky":false,"biomes":["#cobblemon:is_overworld"],"minY":0},"anticondition":{"biomes":["#cobblemon:is_deep_dark"]}},{"id":"ariados-4","pokemon":"ariados","presets":["webs","natural"],"type":"pokemon","spawnablePositionType":"grounded","bucket":"common","level":"22-40","weight":1.0,"condition":{"minSkyLight":0,"maxSkyLight":7}},{"id":"ariados-5","pokemon":"ariados","presets":["mansion"],"type":"pokemon","spawnablePositionType":"grounded","bucket":"common","level":"22-40","weight":1.0,"condition":{"canSeeSky":false,"biomes":["#cobblemon:is_overworld"],"neededNearbyBlocks":["minecraft:cobweb"]}}]}