{
  "enabled": true,
  "neededInstalledMods": [],
  "neededUninstalledMods": [],
  "spawns": [
    {
      "id": "lanturn-1",
      "pokemon": "lanturn",
      "presets": [
        "water"
      ],
      "type": "pokemon",
      "spawnablePositionType": "submerged",
      "bucket": "common",
      "level": "27-46",
      "weight": 0.6,
      "condition": {
        "canSeeSky": true,
        "biomes": [
          "#cobblemon:is_deep_ocean"
        ],
        "maxY": 48
      }
    },
    {
      "id": "lanturn-2",
      "pokemon": "lanturn",
      "type": "pokemon",
      "spawnablePositionType": "fishing",
      "bucket": "common",
      "level": "27-46",
      "weight": 1.0,
      "weightMultiplier": {
        "multiplier": 0.6,
        "condition": {
          "minLureLevel": 0,
          "maxLureLevel": 1
        }
      },
      "condition": {
        "canSeeSky": true,
        "biomes": [
          "#cobblemon:is_ocean"
        ]
      }
    },
    {
      "id": "lanturn-3",
      "pokemon": "lanturn",
      "presets": [
        "water"
      ],
      "type": "pokemon",
      "spawnablePositionType": "submerged",
      "bucket": "common",
      "level": "27-46",
      "weight": 0.6,
      "condition": {
        "canSeeSky": false,
        "minSkyLight": 8,
        "maxSkyLight": 15,
        "biomes": [
          "#cobblemon:is_deep_ocean"
        ],
        "maxY": 48
      }
    },
    {
      "id": "lanturn-4",
      "pokemon": "lanturn",
      "type": "pokemon",
      "spawnablePositionType": "fishing",
      "bucket": "common",
      "level": "27-46",
      "weight": 1.0,
      "weightMultiplier": {
        "multiplier": 0.6,
        "condition": {
          "minLureLevel": 0,
          "maxLureLevel": 1
        }
      },
      "condition": {
        "canSeeSky": false,
        "minSkyLight": 8,
        "maxSkyLight": 15,
        "biomes": [
          "#cobblemon:is_ocean"
        ]
      }
    },
    {
      "id": "lanturn-5",
      "pokemon": "lanturn",
      "presets": [
        "water"
      ],
      "type": "pokemon",
      "spawnablePositionType": "submerged",
      "bucket": "common",
      "level": "27-46",
      "weight": 0.6,
      "condition": {
        "canSeeSky": false,
        "biomes": [
          "#cobblemon:is_overworld"
        ],
        "structures": [
          "cobblemon:shipwreck_coves/submerged_shipwreck_cove"
        ],
        "minY": -60,
        "maxY": 13
      }
    },
    {
      "id": "lanturn-6",
      "pokemon": "lanturn",
      "type": "pokemon",
      "spawnablePositionType": "fishing",
      "bucket": "common",
      "level": "27-46",
      "weight": 1.0,
      "weightMultiplier": {
        "multiplier": 0.6,
        "condition": {
          "minLureLevel": 0,
          "maxLureLevel": 1
        }
      },
      "condition": {
        "canSeeSky": false,
        "biomes": [
          "#cobblemon:is_overworld"
        ],
        "structures": [
          "cobblemon:shipwreck_coves/submerged_shipwreck_cove"
        ],
        "minY": -60,
        "maxY": 13
      }
    },
    {
      "id": "deeper-lanturn-1",
      "pokemon": "lanturn",
            "presets": [
                "water"
            ],
            "type": "pokemon",
            "spawnablePositionType": "submerged",
      "bucket": "common",
      "level": "25-44",
      "weight": 2.64,
      "condition": {
        "biomes": [
          "deeperdarker:blooming_caverns",
          "deeperdarker:deeplands",
          "deeperdarker:echoing_forest"
        ],
        "dimensions": [
          "deeperdarker:otherside"
        ]
      }
    },
    {
      "id": "deeper-lanturn-2",
      "pokemon": "lanturn",
      "type": "pokemon",
      "spawnablePositionType": "fishing",
      "bucket": "common",
      "level": "25-44",
      "weight": 0.5,
      "weightMultipliers": [
        {
          "multiplier": 3.0,
          "condition": {
            "minLureLevel": 2,
            "maxLureLevel": 2
          }
        },
        {
          "multiplier": 5.0,
          "condition": {
            "minLureLevel": 3
          }
        }
      ],
      "condition": {
        "biomes": [
          "deeperdarker:blooming_caverns",
          "deeperdarker:deeplands",
          "deeperdarker:echoing_forest"
        ],
        "dimensions": [
          "deeperdarker:otherside"
        ]
      }
    }
  ]
}