{
  "enabled": true,
  "neededInstalledMods": [],
  "neededUninstalledMods": [],
  "spawns": [
    {
      "id": "igglybuff-1",
      "pokemon": "igglybuff",
      "presets": [
        "natural"
      ],
      "type": "pokemon",
      "spawnablePositionType": "grounded",
      "bucket": "common",
      "level": "1-21",
      "weight": 9.0,
      "weightMultiplier": {
        "multiplier": 1.5,
        "condition": {
          "timeRange": "night"
        }
      },
      "condition": {
        "minSkyLight": 8,
        "maxSkyLight": 15,
        "biomes": [
          "#cobblemon:is_floral"
        ]
      }
    },
    {
      "id": "igglybuff-2",
      "pokemon": "igglybuff",
      "presets": [
        "natural"
      ],
      "type": "pokemon",
      "spawnablePositionType": "grounded",
      "bucket": "common",
      "level": "1-21",
      "weight": 1.8,
      "weightMultiplier": {
        "multiplier": 1.5,
        "condition": {
          "timeRange": "night"
        }
      },
      "condition": {
        "minSkyLight": 8,
        "maxSkyLight": 15,
        "biomes": [
          "#cobblemon:is_plains"
        ]
      },
      "anticondition": {
        "biomes": [
          "#cobblemon:is_floral"
        ]
      }
    },
    {
      "id": "igglybuff-3",
      "pokemon": "igglybuff",
      "presets": [
        "natural"
      ],
      "type": "pokemon",
      "spawnablePositionType": "grounded",
      "bucket": "common",
      "level": "1-21",
      "weight": 9.0,
      "condition": {
        "minSkyLight": 8,
        "maxSkyLight": 15,
        "biomes": [
          "aether:skyroot_grove",
          "aether:skyroot_meadow"
        ],
        "dimensions": [
          "aether:the_aether"
        ]
      }
    },
    {
      "id": "igglybuff-3",
      "pokemon": "igglybuff",
      "presets": [
        "natural",
        "wild"
      ],
      "type": "pokemon",
      "context": "grounded",
      "bucket": "uncommon",
      "level": "1-22",
      "weight": 1.4,
      "condition": {
        "minSkyLight": 0,
        "maxSkyLight": 15,
        "biomes": [
          "aether:skyroot_meadow",
          "aether:skyroot_grove",
          "aether:skyroot_woodland",
          "aether:skyroot_forest"
        ],
        "dimensions": [
          "aether:the_aether"
        ]
      }
    },
    {
      "id": "aether_igglybuff_1",
      "pokemon": "igglybuff",
      "presets": [
        "natural"
      ],
      "type": "pokemon",
      "context": "grounded",
      "bucket": "common",
      "level": "40-80",
      "weight": 10.0,
      "condition": {
        "biomes": [
          "aether:skyroot_grove"
        ],
        "dimensions": [
          "aether:the_aether"
        ]
      }
    }
  ]
}
