{"enabled":true,"neededInstalledMods":[],"neededUninstalledMods":[],"spawns":[{"id":"natu-1","pokemon":"natu","presets":["natural","treetop"],"type":"pokemon","spawnablePositionType":"grounded","bucket":"common","level":"7-32","weight":5.4,"condition":{"minSkyLight":8,"maxSkyLight":15,"biomes":["#cobblemon:is_badlands","#cobblemon:is_plateau"],"timeRange":"day"}},{"id":"natu-3","pokemon":"natu","presets":["trail_ruins"],"type":"pokemon","spawnablePositionType":"grounded","bucket":"common","level":"7-32","weight":90.0,"condition":{"minSkyLight":8,"maxSkyLight":15,"biomes":["#cobblemon:is_overworld"],"timeRange":"day"}}]}