{"enabled":true,"neededInstalledMods":[],"neededUninstalledMods":[],"spawns":[{"id":"xatu-1","pokemon":"xatu","presets":["natural","treetop"],"type":"pokemon","spawnablePositionType":"grounded","bucket":"common","level":"25-47","weight":0.6,"condition":{"minSkyLight":8,"maxSkyLight":15,"biomes":["#cobblemon:is_badlands","#cobblemon:is_plateau"],"timeRange":"day"}},{"id":"xatu-3","pokemon":"xatu","presets":["trail_ruins"],"type":"pokemon","spawnablePositionType":"grounded","bucket":"common","level":"25-47","weight":10.0,"condition":{"minSkyLight":8,"maxSkyLight":15,"biomes":["#cobblemon:is_overworld"],"timeRange":"day"}}]}