{"enabled":true,"neededInstalledMods":[],"neededUninstalledMods":[],"spawns":[{"id":"bellossom-1","pokemon":"bellossom","presets":["natural"],"type":"pokemon","spawnablePositionType":"grounded","bucket":"common","level":"35-49","weight":0.05,"condition":{"minSkyLight":8,"maxSkyLight":15,"biomes":["#cobblemon:is_floral"],"timeRange":"day"}},{"id":"bellossom-2","pokemon":"bellossom","presets":["natural"],"type":"pokemon","spawnablePositionType":"grounded","bucket":"common","level":"35-49","weight":0.01,"condition":{"minSkyLight":8,"maxSkyLight":15,"biomes":["#cobblemon:is_jungle"],"timeRange":"day"}},{"id":"bellossom-valencian-3","pokemon":"bellossom valencian","presets":["natural"],"type":"pokemon","spawnablePositionType":"grounded","bucket":"common","level":"35-49","weight":0.01,"condition":{"minSkyLight":8,"maxSkyLight":15,"biomes":["#cobblemon:is_savanna","#cobblemon:is_tropical_island"],"timeRange":"day"}}]}