{
  "enabled": true,
  "neededInstalledMods": [],
  "neededUninstalledMods": [],
  "spawns": [
    {
      "id": "sunkern-1",
      "pokemon": "sunkern",
      "presets": [
        "natural"
      ],
      "type": "pokemon",
      "spawnablePositionType": "grounded",
      "bucket": "common",
      "level": "1-18",
      "weight": 9.5,
      "weightMultiplier": {
        "multiplier": 0.25,
        "condition": {
          "timeRange": "night"
        }
      },
      "condition": {
        "minSkyLight": 8,
        "maxSkyLight": 15,
        "biomes": [
          "minecraft:sunflower_plains"
        ],
        "neededNearbyBlocks": [
          "minecraft:sunflower"
        ]
      }
    },
    {
      "id": "sunkern-2",
      "pokemon": "sunkern",
      "presets": [
        "natural"
      ],
      "type": "pokemon",
      "spawnablePositionType": "grounded",
      "bucket": "common",
      "level": "1-18",
      "weight": 9.5,
      "weightMultiplier": {
        "multiplier": 0.25,
        "condition": {
          "timeRange": "night"
        }
      },
      "condition": {
        "minSkyLight": 8,
        "maxSkyLight": 15,
        "biomes": [
          "#cobblemon:is_overworld"
        ],
        "neededNearbyBlocks": [
          "minecraft:sunflower"
        ]
      },
      "anticondition": {
        "biomes": [
          "minecraft:sunflower_plains"
        ]
      }
    },
    {
      "id": "sunkern-3",
      "pokemon": "sunkern",
      "presets": [
        "natural"
      ],
      "type": "pokemon",
      "spawnablePositionType": "grounded",
      "bucket": "common",
      "level": "1-18",
      "weight": 5.7,
      "condition": {
        "minSkyLight": 8,
        "maxSkyLight": 15,
        "biomes": [
          "aether:skyroot_grove",
          "aether:skyroot_meadow"
        ],
        "dimensions": [
          "aether:the_aether"
        ]
      }
    },
    {
      "id": "sunkern-4",
      "pokemon": "sunkern",
      "type": "pokemon",
      "spawnablePositionType": "grounded",
      "bucket": "common",
      "level": "1-18",
      "weight": 9.5,
      "condition": {
        "biomes": [
          "the_bumblezone:floral_meadow"
        ],
        "dimensions": [
          "the_bumblezone:the_bumblezone"
        ]
      },
      "anticondition": {
        "structures": [
          "#the_bumblezone:sempiternal_sanctums"
        ]
      }
    }
  ]
}
