{"enabled":true,"neededInstalledMods":[],"neededUninstalledMods":[],"spawns":[{"id":"umbreon-1","pokemon":"umbreon","presets":["natural"],"type":"pokemon","spawnablePositionType":"grounded","bucket":"ultra-rare","level":"28-53","weight":1.2,"condition":{"minSkyLight":8,"maxSkyLight":15,"biomes":["#cobblemon:is_spooky"]}},{"id":"umbreon-2","pokemon":"umbreon","presets":["natural","urban"],"type":"pokemon","spawnablePositionType":"grounded","bucket":"uncommon","level":"28-53","weight":0.02,"condition":{"minSkyLight":8,"maxSkyLight":15,"biomes":["#cobblemon:is_overworld"]}},{"id":"umbreon-3","pokemon":"umbreon","presets":["natural"],"type":"pokemon","spawnablePositionType":"grounded","bucket":"uncommon","level":"28-53","weight":0.02,"condition":{"minSkyLight":8,"maxSkyLight":15,"biomes":["#cobblemon:is_overworld"],"structures":["#minecraft:village"]}},{"id":"umbreon-4","pokemon":"umbreon","presets":["mansion"],"type":"pokemon","spawnablePositionType":"grounded","bucket":"uncommon","level":"28-53","weight":0.1,"condition":{"canSeeSky":false,"biomes":["#cobblemon:is_overworld"]}}]}