{"enabled":true,"neededInstalledMods":[],"neededUninstalledMods":[],"spawns":[{"id":"slowking-1","pokemon":"slowking","presets":["natural"],"type":"pokemon","spawnablePositionType":"grounded","bucket":"common","level":"37-49","weight":0.15,"condition":{"minSkyLight":8,"maxSkyLight":15,"biomes":["#cobblemon:is_beach"]}},{"id":"slowking-2","pokemon":"slowking","type":"pokemon","spawnablePositionType":"fishing","bucket":"common","level":"37-49","weight":0.05,"weightMultipliers":[{"multiplier":3.0,"condition":{"minLureLevel":2,"maxLureLevel":2}},{"multiplier":5.0,"condition":{"minLureLevel":3}}],"condition":{"canSeeSky":true,"biomes":["#cobblemon:is_beach"]}},{"id":"slowking-3","pokemon":"slowking","type":"pokemon","spawnablePositionType":"fishing","bucket":"common","level":"37-49","weight":0.05,"weightMultipliers":[{"multiplier":3.0,"condition":{"minLureLevel":2,"maxLureLevel":2}},{"multiplier":5.0,"condition":{"minLureLevel":3}}],"condition":{"canSeeSky":false,"minSkyLight":8,"maxSkyLight":15,"biomes":["#cobblemon:is_beach"]}},{"id":"slowking-galarian-4","pokemon":"slowking galarian","presets":["natural"],"type":"pokemon","spawnablePositionType":"grounded","bucket":"common","level":"37-49","weight":0.15,"condition":{"minSkyLight":8,"maxSkyLight":15,"biomes":["minecraft:mushroom_fields","#cobblemon:is_tropical_island"],"neededNearbyBlocks":["minecraft:water"]}},{"id":"slowking-galarian-5","pokemon":"slowking galarian","type":"pokemon","spawnablePositionType":"fishing","bucket":"common","level":"37-49","weight":0.05,"weightMultipliers":[{"multiplier":3.0,"condition":{"minLureLevel":2,"maxLureLevel":2}},{"multiplier":5.0,"condition":{"minLureLevel":3}}],"condition":{"canSeeSky":true,"biomes":["minecraft:mushroom_fields","#cobblemon:is_tropical_island"]}},{"id":"slowking-galarian-6","pokemon":"slowking galarian","type":"pokemon","spawnablePositionType":"fishing","bucket":"common","level":"37-49","weight":0.05,"weightMultipliers":[{"multiplier":3.0,"condition":{"minLureLevel":2,"maxLureLevel":2}},{"multiplier":5.0,"condition":{"minLureLevel":3}}],"condition":{"canSeeSky":false,"minSkyLight":8,"maxSkyLight":15,"biomes":["minecraft:mushroom_fields","#cobblemon:is_tropical_island"]}}]}