{"enabled":true,"neededInstalledMods":[],"neededUninstalledMods":[],"spawns":[{"id":"dunsparce-1","pokemon":"dunsparce","presets":["natural"],"type":"pokemon","spawnablePositionType":"grounded","bucket":"uncommon","level":"17-42","weight":1.68,"condition":{"minSkyLight":0,"maxSkyLight":7,"biomes":["#cobblemon:is_overworld"]},"anticondition":{"biomes":["#cobblemon:is_deep_dark"]}},{"id":"dunsparce-1","pokemon":"dunsparce","presets":["natural","wild"],"type":"pokemon","spawnablePositionType":"grounded","bucket":"rare","level":"15-40","weight":8.0,"condition":{"biomes":["#cobblemon:is_mountain"]}},{"id":"dunsparce-2","pokemon":"dunsparce","presets":["natural"],"type":"pokemon","spawnablePositionType":"grounded","bucket":"rare","level":"20-45","weight":9.0,"condition":{"minSkyLight":0,"maxSkyLight":7,"biomes":["#cobblemon:is_cave"],"minY":0},"anticondition":{"biomes":["#cobblemon:is_deep_dark","#cobblemon:is_mountain"]}}]}