{
  "enabled": true,
  "neededInstalledMods": [],
  "neededUninstalledMods": [],
  "spawns": [
    {
      "id": "gligar-1",
      "pokemon": "gligar",
      "presets": [
        "natural",
        "treetop"
      ],
      "type": "pokemon",
      "spawnablePositionType": "grounded",
      "bucket": "uncommon",
      "level": "18-43",
      "weight": 5.52,
      "condition": {
        "minSkyLight": 8,
        "maxSkyLight": 15,
        "biomes": [
          "#cobblemon:is_badlands"
        ],
        "timeRange": "night"
      }
    },
    {
      "id": "gligar-2",
      "pokemon": "gligar",
      "presets": [
        "natural"
      ],
      "type": "pokemon",
      "spawnablePositionType": "grounded",
      "bucket": "common",
      "level": "18-43",
      "weight": 1.9,
      "condition": {
        "biomes": [
          "#cobblemon:nether/is_mountain"
        ]
      }
    },
    {
      "id": "deeper-gligar-1",
      "pokemon": "gligar",
      "presets": [
        "deep_dark"
      ],
      "type": "pokemon",
      "spawnablePositionType": "grounded",
      "bucket": "uncommon",
      "level": "21-49",
      "weight": 8.0,
      "condition": {
        "biomes": [
          "deeperdarker:deeplands",
          "deeperdarker:blooming_caverns"
        ],
        "dimensions": [
          "deeperdarker:otherside"
        ]
      }
    }
  ]
}