{"enabled":true,"neededInstalledMods":[],"neededUninstalledMods":[],"spawns":[{"id":"snubbull-1","pokemon":"snubbull","presets":["natural","urban"],"type":"pokemon","spawnablePositionType":"grounded","bucket":"common","level":"5-30","weight":5.4,"condition":{"minSkyLight":8,"maxSkyLight":15,"biomes":["#cobblemon:is_overworld"]},"anticondition":{"biomes":["#cobblemon:is_freezing"]}},{"id":"snubbull-2","pokemon":"snubbull","presets":["natural"],"type":"pokemon","spawnablePositionType":"grounded","bucket":"common","level":"5-30","weight":5.4,"condition":{"minSkyLight":8,"maxSkyLight":15,"biomes":["#cobblemon:is_overworld"],"structures":["#minecraft:village"]},"anticondition":{"biomes":["#cobblemon:is_freezing"]}},{"id":"snubbull-3","pokemon":"snubbull","presets":["mansion"],"type":"pokemon","spawnablePositionType":"grounded","bucket":"common","level":"5-30","weight":5.4,"condition":{"canSeeSky":false,"biomes":["#cobblemon:is_overworld"]}}]}