{"enabled":true,"neededInstalledMods":[],"neededUninstalledMods":[],"spawns":[{"id":"granbull-1","pokemon":"granbull","presets":["natural","urban"],"type":"pokemon","spawnablePositionType":"grounded","bucket":"common","level":"23-45","weight":0.6,"condition":{"minSkyLight":8,"maxSkyLight":15,"biomes":["#cobblemon:is_overworld"]},"anticondition":{"biomes":["#cobblemon:is_freezing"]}},{"id":"granbull-2","pokemon":"granbull","presets":["natural"],"type":"pokemon","spawnablePositionType":"grounded","bucket":"common","level":"23-45","weight":0.6,"condition":{"minSkyLight":8,"maxSkyLight":15,"biomes":["#cobblemon:is_overworld"],"structures":["#minecraft:village"]},"anticondition":{"biomes":["#cobblemon:is_freezing"]}},{"id":"granbull-3","pokemon":"granbull","presets":["mansion"],"type":"pokemon","spawnablePositionType":"grounded","bucket":"common","level":"23-45","weight":0.6,"condition":{"canSeeSky":false,"biomes":["#cobblemon:is_overworld"]}}]}