{
  "enabled": true,
  "neededInstalledMods": [],
  "neededUninstalledMods": [],
  "spawns": [
    {
      "id": "ursaring-1",
      "pokemon": "ursaring",
      "presets": [
        "natural",
        "wild"
      ],
      "type": "pokemon",
      "spawnablePositionType": "grounded",
      "bucket": "common",
      "level": "30-50",
      "weight": 0.19,
      "condition": {
        "biomes": [
          "#cobblemon:is_forest",
          "#cobblemon:is_mountain",
          "#cobblemon:is_taiga"
        ],
        "minY": 48
      },
      "anticondition": {
        "neededNearbyBlocks": [
          "#cobblemon:saccharine_trees"
        ],
        "biomes": [
          "#cobblemon:is_volcanic"
        ]
      }
    },
    {
      "id": "ursaring-1-aether",
      "pokemon": "ursaring",
      "presets": [
        "natural",
        "wild"
      ],
      "type": "pokemon",
      "spawnablePositionType": "grounded",
      "bucket": "common",
      "level": "30-50",
      "weight": 0.19,
      "condition": {
        "biomes": [
          "aether:skyroot_forest",
          "aether:skyroot_woodland"
        ],
        "minY": 48,
        "dimensions": [
          "aether:the_aether"
        ]
      },
      "anticondition": {
        "neededNearbyBlocks": [
          "#cobblemon:saccharine_trees"
        ],
        "biomes": [
          "#cobblemon:is_volcanic"
        ]
      }
    },
    {
      "id": "ursaring-2",
      "pokemon": "ursaring",
      "presets": [
        "natural",
        "wild"
      ],
      "type": "pokemon",
      "spawnablePositionType": "grounded",
      "bucket": "common",
      "level": "30-50",
      "weight": 0.57,
      "condition": {
        "minSkyLight": 8,
        "maxSkyLight": 15,
        "biomes": [
          "#cobblemon:is_overworld"
        ],
        "neededNearbyBlocks": [
          "#cobblemon:saccharine_trees"
        ]
      }
    },
    {
      "id": "ursaring-2-aether",
      "pokemon": "ursaring",
      "presets": [
        "natural",
        "wild"
      ],
      "type": "pokemon",
      "spawnablePositionType": "grounded",
      "bucket": "common",
      "level": "30-50",
      "weight": 0.57,
      "condition": {
        "minSkyLight": 8,
        "maxSkyLight": 15,
        "biomes": [
          "#aether:is_aether"
        ],
        "neededNearbyBlocks": [
          "#cobblemon:saccharine_trees"
        ],
        "dimensions": [
          "aether:the_aether"
        ]
      }
    },
    {
      "id": "ursaring-3",
      "pokemon": "ursaring",
      "type": "pokemon",
      "spawnablePositionType": "grounded",
      "bucket": "common",
      "level": "30-50",
      "weight": 0.19,
      "condition": {
        "biomes": [
          "the_bumblezone:crystal_canyon",
          "the_bumblezone:floral_meadow"
        ],
        "dimensions": [
          "the_bumblezone:the_bumblezone"
        ]
      },
      "anticondition": {
        "structures": [
          "#the_bumblezone:sempiternal_sanctums"
        ]
      }
    }
  ]
}
