{
  "enabled": true,
  "neededInstalledMods": [],
  "neededUninstalledMods": [],
  "spawns": [
    {
      "id": "corsola-1",
      "pokemon": "corsola",
      "presets": [
        "water"
      ],
      "type": "pokemon",
      "spawnablePositionType": "seafloor",
      "bucket": "common",
      "level": "16-41",
      "weight": 8.0,
      "condition": {
        "canSeeSky": true,
        "biomes": [
          "#cobblemon:is_warm_ocean"
        ]
      }
    },
    {
      "id": "corsola-galarian-1",
      "pokemon": "corsola galarian",
      "presets": [
        "water"
      ],
      "type": "pokemon",
      "spawnablePositionType": "submerged",
      "bucket": "rare",
      "level": "28-45",
      "weight": 4.0,
      "condition": {
        "biomes": [
          "#minecraft:is_ocean"
        ]
      }
    },
    {
      "id": "corsola-galarian-2",
      "pokemon": "corsola galarian",
      "presets": [
        "natural"
      ],
      "type": "pokemon",
      "spawnablePositionType": "grounded",
      "bucket": "uncommon",
      "level": "20-45",
      "weight": 2.5,
      "condition": {
        "biomes": [
          "#cobblemon:is_beach"
        ]
      }
    }
  ]
}
