{"enabled":true,"neededInstalledMods":[],"neededUninstalledMods":[],"spawns":[{"id":"remoraid-1","pokemon":"remoraid","presets":["water"],"type":"pokemon","spawnablePositionType":"submerged","bucket":"common","level":"5-30","weight":9.0,"condition":{"canSeeSky":true,"biomes":["#cobblemon:is_ocean"]}},{"id":"remoraid-2","pokemon":"remoraid","type":"pokemon","spawnablePositionType":"fishing","bucket":"common","level":"5-30","weight":9.0,"condition":{"canSeeSky":true,"biomes":["#cobblemon:is_ocean"]}},{"id":"remoraid-3","pokemon":"remoraid","presets":["water"],"type":"pokemon","spawnablePositionType":"submerged","bucket":"common","level":"5-30","weight":9.0,"condition":{"canSeeSky":false,"minSkyLight":8,"maxSkyLight":15,"biomes":["#cobblemon:is_ocean"]}},{"id":"remoraid-4","pokemon":"remoraid","type":"pokemon","spawnablePositionType":"fishing","bucket":"common","level":"5-30","weight":9.0,"condition":{"canSeeSky":false,"minSkyLight":8,"maxSkyLight":15,"biomes":["#cobblemon:is_ocean"]}},{"id":"remoraid-5","pokemon":"remoraid","presets":["water"],"type":"pokemon","spawnablePositionType":"submerged","bucket":"common","level":"5-30","weight":9.0,"condition":{"canSeeSky":false,"biomes":["#cobblemon:is_overworld"],"structures":["cobblemon:shipwreck_coves/submerged_shipwreck_cove"],"minY":-60,"maxY":13}},{"id":"remoraid-6","pokemon":"remoraid","type":"pokemon","spawnablePositionType":"fishing","bucket":"common","level":"5-30","weight":9.0,"condition":{"canSeeSky":false,"biomes":["#cobblemon:is_overworld"],"structures":["cobblemon:shipwreck_coves/submerged_shipwreck_cove"],"minY":-60,"maxY":13}}]}