{"enabled":true,"neededInstalledMods":[],"neededUninstalledMods":[],"spawns":[{"id":"octillery-1","pokemon":"octillery","presets":["water"],"type":"pokemon","spawnablePositionType":"seafloor","bucket":"common","level":"25-48","weight":1.0,"condition":{"canSeeSky":true,"biomes":["#cobblemon:is_ocean"]}},{"id":"octillery-2","pokemon":"octillery","type":"pokemon","spawnablePositionType":"fishing","bucket":"common","level":"25-48","weight":1.0,"condition":{"canSeeSky":true,"biomes":["#cobblemon:is_ocean"]}},{"id":"octillery-3","pokemon":"octillery","type":"pokemon","spawnablePositionType":"fishing","bucket":"common","level":"25-48","weight":1.0,"condition":{"canSeeSky":false,"minSkyLight":8,"maxSkyLight":15,"biomes":["#cobblemon:is_ocean"]}},{"id":"octillery-4","pokemon":"octillery","presets":["water"],"type":"pokemon","spawnablePositionType":"seafloor","bucket":"common","level":"25-48","weight":1.0,"condition":{"canSeeSky":false,"biomes":["#cobblemon:is_overworld"],"structures":["cobblemon:shipwreck_coves/submerged_shipwreck_cove"],"minY":-60,"maxY":13}},{"id":"octillery-5","pokemon":"octillery","type":"pokemon","spawnablePositionType":"fishing","bucket":"common","level":"25-48","weight":1.0,"condition":{"canSeeSky":false,"biomes":["#cobblemon:is_overworld"],"structures":["cobblemon:shipwreck_coves/submerged_shipwreck_cove"],"minY":-60,"maxY":13}}]}