{
  "enabled": true,
  "neededInstalledMods": [],
  "neededUninstalledMods": [],
  "spawns": [
    {
      "id": "delibird-1",
      "pokemon": "delibird",
      "presets": [
        "natural"
      ],
      "type": "pokemon",
      "spawnablePositionType": "grounded",
      "bucket": "uncommon",
      "level": "8-33",
      "weight": 10.0,
      "weightMultiplier": {
        "multiplier": 0.25,
        "condition": {
          "timeRange": "night"
        }
      },
      "condition": {
        "minSkyLight": 8,
        "maxSkyLight": 15,
        "biomes": [
          "#cobblemon:is_peak"
        ]
      },
      "anticondition": {
        "biomes": [
          "#cobblemon:is_volcanic"
        ]
      }
    },
    {
      "id": "delibird-2",
      "pokemon": "delibird",
      "presets": [
        "natural"
      ],
      "type": "pokemon",
      "spawnablePositionType": "grounded",
      "bucket": "common",
      "level": "8-33",
      "weight": 100.0,
      "condition": {
        "minSkyLight": 8,
        "maxSkyLight": 15,
        "biomes": [
          "#aether:is_aether"
        ],
        "neededNearbyBlocks": [
          "aether:present"
        ],
        "dimensions": [
          "aether:the_aether"
        ]
      }
    }
  ]
}
