{"enabled":true,"neededInstalledMods":[],"neededUninstalledMods":[],"spawns":[{"id":"houndour-1","pokemon":"houndour","presets":["natural","wild"],"type":"pokemon","spawnablePositionType":"grounded","bucket":"uncommon","level":"8-33","weight":5.04,"weightMultiplier":{"multiplier":1.5,"condition":{"timeRange":"night"}},"condition":{"minSkyLight":8,"maxSkyLight":15,"biomes":["#cobblemon:is_badlands"]}},{"id":"houndour-2","pokemon":"houndour","presets":["natural"],"type":"pokemon","spawnablePositionType":"grounded","bucket":"common","level":"8-33","weight":5.4,"condition":{"biomes":["#minecraft:is_nether"]},"drops":{"amount":4,"entries":[{"item":"minecraft:bone","quantityRange":"0-1"},{"item":"minecraft:rotten_flesh","quantityRange":"0-1"},{"item":"minecraft:blaze_powder","percentage":5.0},{"item":"cobblemon:rawst_berry","percentage":2.5}]}},{"id":"houndour-3","pokemon":"houndour","presets":["ruined_portal"],"type":"pokemon","spawnablePositionType":"grounded","bucket":"uncommon","level":"8-33","weight":84.0,"weightMultiplier":{"multiplier":1.5,"condition":{"timeRange":"night"}},"condition":{"biomes":["#cobblemon:is_overworld"]}},{"id":"houndour-1","pokemon":"houndour","presets":["natural"],"type":"pokemon","spawnablePositionType":"grounded","bucket":"uncommon","level":"7-21","weight":5.0,"condition":{"canSeeSky":true,"biomes":["#cobblemon:is_sandy"],"structures":["#minecraft:village"],"timeRange":"night"}},{"id":"houndour-2","pokemon":"houndour","presets":["natural"],"type":"pokemon","spawnablePositionType":"grounded","bucket":"rare","level":"15-34","weight":10,"condition":{"biomes":["#cobblemon:is_nether"]}}]}