{"enabled":true,"neededInstalledMods":[],"neededUninstalledMods":[],"spawns":[{"id":"houndoom-1","pokemon":"houndoom","presets":["natural","wild"],"type":"pokemon","spawnablePositionType":"grounded","bucket":"uncommon","level":"24-50","weight":0.96,"weightMultiplier":{"multiplier":1.5,"condition":{"timeRange":"night"}},"condition":{"minSkyLight":8,"maxSkyLight":15,"biomes":["#cobblemon:is_badlands"]}},{"id":"houndoom-2","pokemon":"houndoom","presets":["natural"],"type":"pokemon","spawnablePositionType":"grounded","bucket":"common","level":"24-50","weight":0.6,"condition":{"biomes":["#minecraft:is_nether"]},"drops":{"amount":6,"entries":[{"item":"minecraft:bone","quantityRange":"0-2"},{"item":"minecraft:rotten_flesh","quantityRange":"0-2"},{"item":"minecraft:blaze_powder","percentage":10.0},{"item":"cobblemon:rawst_berry","percentage":5.0}]}},{"id":"houndoom-3","pokemon":"houndoom","presets":["ruined_portal"],"type":"pokemon","spawnablePositionType":"grounded","bucket":"uncommon","level":"24-50","weight":16.0,"weightMultiplier":{"multiplier":1.5,"condition":{"timeRange":"night"}},"condition":{"biomes":["#cobblemon:is_overworld"]}},{"id":"houndoom-1","pokemon":"houndoom","presets":["natural"],"type":"pokemon","spawnablePositionType":"grounded","bucket":"rare","level":"32-42","weight":1.0,"condition":{"canSeeSky":true,"biomes":["#cobblemon:is_sandy"],"structures":["#minecraft:village"],"timeRange":"night"}},{"id":"houndoom-2","pokemon":"houndoom","presets":["natural"],"type":"pokemon","spawnablePositionType":"grounded","bucket":"rare","level":"45-55","weight":3.0,"condition":{"biomes":["#cobblemon:is_nether"]}}]}