{"enabled":true,"neededInstalledMods":[],"neededUninstalledMods":[],"spawns":[{"id":"kingdra-1","pokemon":"kingdra","presets":["water"],"type":"pokemon","spawnablePositionType":"submerged","bucket":"common","level":"39-54","weight":0.01,"condition":{"canSeeSky":true,"biomes":["#cobblemon:is_lukewarm_ocean","#cobblemon:is_warm_ocean"]}},{"id":"kingdra-2","pokemon":"kingdra","type":"pokemon","spawnablePositionType":"fishing","bucket":"common","level":"39-54","weight":0.01,"weightMultipliers":[{"multiplier":3.0,"condition":{"minLureLevel":2,"maxLureLevel":2}},{"multiplier":5.0,"condition":{"minLureLevel":3}}],"condition":{"canSeeSky":true,"biomes":["#cobblemon:is_ocean"]},"anticondition":{"biomes":["#cobblemon:is_cold_ocean","#cobblemon:is_frozen_ocean"]}},{"id":"kingdra-3","pokemon":"kingdra","presets":["water"],"type":"pokemon","spawnablePositionType":"submerged","bucket":"common","level":"39-54","weight":0.01,"condition":{"canSeeSky":false,"minSkyLight":8,"maxSkyLight":15,"biomes":["#cobblemon:is_lukewarm_ocean","#cobblemon:is_warm_ocean"]}},{"id":"kingdra-4","pokemon":"kingdra","type":"pokemon","spawnablePositionType":"fishing","bucket":"common","level":"39-54","weight":0.01,"weightMultipliers":[{"multiplier":3.0,"condition":{"minLureLevel":2,"maxLureLevel":2}},{"multiplier":5.0,"condition":{"minLureLevel":3}}],"condition":{"canSeeSky":false,"minSkyLight":8,"maxSkyLight":15,"biomes":["#cobblemon:is_ocean"]},"anticondition":{"biomes":["#cobblemon:is_cold_ocean","#cobblemon:is_frozen_ocean"]}},{"id":"kingdra-5","pokemon":"kingdra","presets":["water"],"type":"pokemon","spawnablePositionType":"submerged","bucket":"common","level":"39-54","weight":0.01,"condition":{"canSeeSky":false,"biomes":["#cobblemon:is_overworld"],"structures":["cobblemon:shipwreck_coves/submerged_shipwreck_cove"],"minY":-60,"maxY":13}},{"id":"kingdra-6","pokemon":"kingdra","type":"pokemon","spawnablePositionType":"fishing","bucket":"common","level":"39-54","weight":0.01,"weightMultipliers":[{"multiplier":3.0,"condition":{"minLureLevel":2,"maxLureLevel":2}},{"multiplier":5.0,"condition":{"minLureLevel":3}}],"condition":{"canSeeSky":false,"biomes":["#cobblemon:is_overworld"],"structures":["cobblemon:shipwreck_coves/submerged_shipwreck_cove"],"minY":-60,"maxY":13}}]}