{"enabled":true,"neededInstalledMods":[],"neededUninstalledMods":[],"spawns":[{"id":"phanpy-1","pokemon":"phanpy","presets":["natural","wild"],"type":"pokemon","spawnablePositionType":"grounded","bucket":"common","level":"8-33","weight":1.8,"weightMultiplier":{"multiplier":0.25,"condition":{"timeRange":"night"}},"condition":{"minSkyLight":8,"maxSkyLight":15,"biomes":["#cobblemon:is_badlands"]}},{"id":"phanpy-2","pokemon":"phanpy","presets":["natural","wild"],"type":"pokemon","spawnablePositionType":"grounded","bucket":"common","level":"8-33","weight":5.4,"weightMultiplier":{"multiplier":0.25,"condition":{"timeRange":"night"}},"condition":{"minSkyLight":8,"maxSkyLight":15,"biomes":["#cobblemon:is_savanna"]}}]}