{"enabled":true,"neededInstalledMods":[],"neededUninstalledMods":[],"spawns":[{"id":"donphan-1","pokemon":"donphan","presets":["natural","wild"],"type":"pokemon","spawnablePositionType":"grounded","bucket":"common","level":"25-50","weight":0.2,"weightMultiplier":{"multiplier":0.25,"condition":{"timeRange":"night"}},"condition":{"minSkyLight":8,"maxSkyLight":15,"biomes":["#cobblemon:is_badlands"]}},{"id":"donphan-2","pokemon":"donphan","presets":["natural","wild"],"type":"pokemon","spawnablePositionType":"grounded","bucket":"common","level":"25-50","weight":0.6,"weightMultiplier":{"multiplier":0.25,"condition":{"timeRange":"night"}},"condition":{"minSkyLight":8,"maxSkyLight":15,"biomes":["#cobblemon:is_savanna"]}}]}