{"enabled":true,"neededInstalledMods":[],"neededUninstalledMods":[],"spawns":[{"id":"magby-1","pokemon":"magby","presets":["natural"],"type":"pokemon","spawnablePositionType":"grounded","bucket":"common","level":"11-36","weight":9.0,"condition":{"minSkyLight":8,"maxSkyLight":15,"biomes":["#cobblemon:is_hills"],"isRaining":false,"neededNearbyBlocks":["minecraft:lava","minecraft:magma_block"]},"anticondition":{"biomes":["#cobblemon:is_volcanic"]}},{"id":"magby-2","pokemon":"magby","presets":["natural"],"type":"pokemon","spawnablePositionType":"grounded","bucket":"common","level":"11-36","weight":9.0,"condition":{"minSkyLight":8,"maxSkyLight":15,"biomes":["#cobblemon:is_volcanic"],"isRaining":false}},{"id":"magby-3","pokemon":"magby","presets":["natural"],"type":"pokemon","spawnablePositionType":"grounded","bucket":"common","level":"11-36","weight":9.0,"condition":{"biomes":["#cobblemon:nether/is_basalt","#cobblemon:nether/is_wasteland"]},"drops":{"amount":3,"entries":[{"item":"minecraft:blaze_powder","percentage":5.0},{"item":"cobblemon:magmarizer","percentage":2.5},{"item":"cobblemon:rawst_berry","percentage":2.5}]}}]}