{"enabled":true,"neededInstalledMods":[],"neededUninstalledMods":[],"spawns":[{"id":"miltank-1","pokemon":"miltank","presets":["natural"],"type":"pokemon","spawnablePositionType":"grounded","bucket":"common","level":"24-49","weight":6.0,"weightMultiplier":{"multiplier":0.25,"condition":{"timeRange":"night"}},"condition":{"minSkyLight":8,"maxSkyLight":15,"biomes":["#cobblemon:is_grassland"]}},{"id":"miltank-red-2","pokemon":"miltank mooshtank=red","presets":["natural"],"type":"pokemon","spawnablePositionType":"grounded","bucket":"common","level":"24-49","weight":9.9,"weightMultiplier":{"multiplier":0.25,"condition":{"timeRange":"night"}},"condition":{"minSkyLight":8,"maxSkyLight":15,"biomes":["minecraft:mushroom_fields"]}},{"id":"miltank-brown-3","pokemon":"miltank mooshtank=brown","presets":["natural"],"type":"pokemon","spawnablePositionType":"grounded","bucket":"common","level":"24-49","weight":0.1,"weightMultiplier":{"multiplier":0.25,"condition":{"timeRange":"night"}},"condition":{"minSkyLight":8,"maxSkyLight":15,"biomes":["minecraft:mushroom_fields"]}}]}