{"enabled":true,"neededInstalledMods":[],"neededUninstalledMods":[],"spawns":[{"id":"larvitar-1","pokemon":"larvitar","presets":["natural","wild"],"type":"pokemon","spawnablePositionType":"grounded","bucket":"ultra-rare","level":"5-30","weight":6.0,"condition":{"minSkyLight":8,"maxSkyLight":15,"biomes":["#cobblemon:is_mountain"]},"anticondition":{"biomes":["#cobblemon:is_freezing"]}},{"id":"larvitar-2","pokemon":"larvitar","presets":["natural"],"type":"pokemon","spawnablePositionType":"grounded","bucket":"rare","level":"5-30","weight":7.5,"condition":{"minSkyLight":0,"maxSkyLight":7,"biomes":["#cobblemon:is_mountain"]}}]}