{"enabled":true,"neededInstalledMods":[],"neededUninstalledMods":[],"spawns":[{"id":"pupitar-1","pokemon":"pupitar","presets":["natural","wild"],"type":"pokemon","spawnablePositionType":"grounded","bucket":"ultra-rare","level":"30-54","weight":3.6,"condition":{"minSkyLight":8,"maxSkyLight":15,"biomes":["#cobblemon:is_mountain"]},"anticondition":{"biomes":["#cobblemon:is_freezing"]}},{"id":"pupitar-2","pokemon":"pupitar","presets":["natural"],"type":"pokemon","spawnablePositionType":"grounded","bucket":"rare","level":"30-54","weight":2.25,"condition":{"minSkyLight":0,"maxSkyLight":7,"biomes":["#cobblemon:is_mountain"]}}]}