{"enabled":true,"neededInstalledMods":[],"neededUninstalledMods":[],"spawns":[{"id":"tyranitar-1","pokemon":"tyranitar","presets":["natural","wild"],"type":"pokemon","spawnablePositionType":"grounded","bucket":"ultra-rare","level":"55-60","weight":0.4,"condition":{"minSkyLight":8,"maxSkyLight":15,"biomes":["#cobblemon:is_mountain"]},"anticondition":{"biomes":["#cobblemon:is_freezing"]}},{"id":"tyranitar-2","pokemon":"tyranitar","presets":["natural"],"type":"pokemon","spawnablePositionType":"grounded","bucket":"rare","level":"55-60","weight":0.25,"condition":{"minSkyLight":0,"maxSkyLight":7,"biomes":["#cobblemon:is_mountain"]}}]}