{"enabled":true,"neededInstalledMods":[],"neededUninstalledMods":[],"spawns":[{"id":"marshtomp-1","pokemon":"marshtomp","presets":["natural"],"type":"pokemon","spawnablePositionType":"grounded","bucket":"ultra-rare","level":"16-41","weight":3.6,"weightMultiplier":{"multiplier":1.5,"condition":{"isRaining":true}},"condition":{"minSkyLight":8,"maxSkyLight":15,"biomes":["#cobblemon:is_swamp"]}},{"id":"marshtomp-2","pokemon":"marshtomp","presets":["water"],"type":"pokemon","spawnablePositionType":"submerged","bucket":"ultra-rare","level":"16-41","weight":3.6,"condition":{"canSeeSky":true,"biomes":["#cobblemon:is_swamp"]}},{"id":"marshtomp-3","pokemon":"marshtomp","presets":["natural"],"type":"pokemon","spawnablePositionType":"grounded","bucket":"ultra-rare","level":"16-41","weight":3.6,"condition":{"minSkyLight":0,"maxSkyLight":7,"biomes":["#cobblemon:is_lush"]},"anticondition":{"structures":["cobblemon:shipwreck_coves/lush_shipwreck_cove"],"minY":-41,"maxY":9}},{"id":"marshtomp-4","pokemon":"marshtomp","presets":["water"],"type":"pokemon","spawnablePositionType":"submerged","bucket":"ultra-rare","level":"16-41","weight":3.6,"condition":{"minSkyLight":0,"maxSkyLight":7,"biomes":["#cobblemon:is_lush"]},"anticondition":{"structures":["cobblemon:shipwreck_coves/lush_shipwreck_cove"],"minY":-41,"maxY":9}},{"id":"marshtomp-5","pokemon":"marshtomp","type":"pokemon","spawnablePositionType":"fishing","bucket":"ultra-rare","level":"16-41","weight":3.6,"condition":{"canSeeSky":true,"biomes":["#cobblemon:is_badlands","#cobblemon:is_forest","#cobblemon:is_jungle","#cobblemon:is_mushroom","#cobblemon:is_savanna","#cobblemon:is_swamp"]}},{"id":"marshtomp-6","pokemon":"marshtomp","type":"pokemon","spawnablePositionType":"fishing","bucket":"ultra-rare","level":"16-41","weight":3.6,"condition":{"minSkyLight":0,"maxSkyLight":7,"biomes":["#cobblemon:is_lush"]},"anticondition":{"structures":["cobblemon:shipwreck_coves/lush_shipwreck_cove"],"minY":-41,"maxY":9}},{"id":"marshtomp-7","pokemon":"marshtomp","presets":["water"],"type":"pokemon","spawnablePositionType":"submerged","bucket":"ultra-rare","level":"16-41","weight":3.6,"condition":{"canSeeSky":false,"minSkyLight":8,"maxSkyLight":15,"biomes":["#cobblemon:is_swamp"]}},{"id":"marshtomp-8","pokemon":"marshtomp","type":"pokemon","spawnablePositionType":"fishing","bucket":"ultra-rare","level":"16-41","weight":3.6,"condition":{"canSeeSky":false,"minSkyLight":8,"maxSkyLight":15,"biomes":["#cobblemon:is_badlands","#cobblemon:is_forest","#cobblemon:is_jungle","#cobblemon:is_mushroom","#cobblemon:is_savanna","#cobblemon:is_swamp"]}},{"id":"marshtomp-9","pokemon":"marshtomp","presets":["natural"],"type":"pokemon","spawnablePositionType":"grounded","bucket":"ultra-rare","level":"16-41","weight":3.6,"condition":{"minSkyLight":0,"maxSkyLight":7,"biomes":["#cobblemon:is_overworld"],"structures":["cobblemon:shipwreck_coves/lush_shipwreck_cove"],"minY":-41,"maxY":9},"anticondition":{"biomes":["#cobblemon:is_lush"]}},{"id":"marshtomp-10","pokemon":"marshtomp","presets":["water"],"type":"pokemon","spawnablePositionType":"submerged","bucket":"ultra-rare","level":"16-41","weight":3.6,"condition":{"minSkyLight":0,"maxSkyLight":7,"biomes":["#cobblemon:is_overworld"],"structures":["cobblemon:shipwreck_coves/lush_shipwreck_cove"],"minY":-41,"maxY":9},"anticondition":{"biomes":["#cobblemon:is_lush"]}},{"id":"marshtomp-11","pokemon":"marshtomp","type":"pokemon","spawnablePositionType":"fishing","bucket":"ultra-rare","level":"16-41","weight":3.6,"condition":{"minSkyLight":0,"maxSkyLight":7,"biomes":["#cobblemon:is_overworld"],"structures":["cobblemon:shipwreck_coves/lush_shipwreck_cove"],"minY":-41,"maxY":9},"anticondition":{"biomes":["#cobblemon:is_lush"]}}]}