{"enabled":true,"neededInstalledMods":[],"neededUninstalledMods":[],"spawns":[{"id":"swampert-1","pokemon":"swampert","presets":["natural"],"type":"pokemon","spawnablePositionType":"grounded","bucket":"ultra-rare","level":"36-53","weight":0.4,"weightMultiplier":{"multiplier":1.5,"condition":{"isRaining":true}},"condition":{"minSkyLight":8,"maxSkyLight":15,"biomes":["#cobblemon:is_swamp"]}},{"id":"swampert-2","pokemon":"swampert","presets":["water"],"type":"pokemon","spawnablePositionType":"submerged","bucket":"ultra-rare","level":"36-53","weight":0.4,"condition":{"canSeeSky":true,"biomes":["#cobblemon:is_swamp"]}},{"id":"swampert-3","pokemon":"swampert","presets":["natural"],"type":"pokemon","spawnablePositionType":"grounded","bucket":"ultra-rare","level":"36-53","weight":0.4,"condition":{"minSkyLight":0,"maxSkyLight":7,"biomes":["#cobblemon:is_lush"]},"anticondition":{"structures":["cobblemon:shipwreck_coves/lush_shipwreck_cove"],"minY":-41,"maxY":9}},{"id":"swampert-4","pokemon":"swampert","presets":["water"],"type":"pokemon","spawnablePositionType":"submerged","bucket":"ultra-rare","level":"36-53","weight":0.4,"condition":{"minSkyLight":0,"maxSkyLight":7,"biomes":["#cobblemon:is_lush"]},"anticondition":{"structures":["cobblemon:shipwreck_coves/lush_shipwreck_cove"],"minY":-41,"maxY":9}},{"id":"swampert-5","pokemon":"swampert","type":"pokemon","spawnablePositionType":"fishing","bucket":"ultra-rare","level":"36-53","weight":6.0,"condition":{"canSeeSky":true,"biomes":["#cobblemon:is_badlands","#cobblemon:is_forest","#cobblemon:is_jungle","#cobblemon:is_mushroom","#cobblemon:is_savanna","#cobblemon:is_swamp"]}},{"id":"swampert-6","pokemon":"swampert","type":"pokemon","spawnablePositionType":"fishing","bucket":"ultra-rare","level":"36-53","weight":0.4,"condition":{"minSkyLight":0,"maxSkyLight":7,"biomes":["#cobblemon:is_lush"]},"anticondition":{"structures":["cobblemon:shipwreck_coves/lush_shipwreck_cove"],"minY":-41,"maxY":9}},{"id":"swampert-7","pokemon":"swampert","presets":["water"],"type":"pokemon","spawnablePositionType":"submerged","bucket":"ultra-rare","level":"36-53","weight":0.4,"condition":{"canSeeSky":false,"minSkyLight":8,"maxSkyLight":15,"biomes":["#cobblemon:is_swamp"]}},{"id":"swampert-8","pokemon":"swampert","type":"pokemon","spawnablePositionType":"fishing","bucket":"ultra-rare","level":"36-53","weight":6.0,"condition":{"canSeeSky":false,"minSkyLight":8,"maxSkyLight":15,"biomes":["#cobblemon:is_badlands","#cobblemon:is_forest","#cobblemon:is_jungle","#cobblemon:is_mushroom","#cobblemon:is_savanna","#cobblemon:is_swamp"]}},{"id":"swampert-9","pokemon":"swampert","presets":["natural"],"type":"pokemon","spawnablePositionType":"grounded","bucket":"ultra-rare","level":"36-53","weight":0.4,"condition":{"minSkyLight":0,"maxSkyLight":7,"biomes":["#cobblemon:is_overworld"],"structures":["cobblemon:shipwreck_coves/lush_shipwreck_cove"],"minY":-41,"maxY":9},"anticondition":{"biomes":["#cobblemon:is_lush"]}},{"id":"swampert-10","pokemon":"swampert","presets":["water"],"type":"pokemon","spawnablePositionType":"submerged","bucket":"ultra-rare","level":"36-53","weight":0.4,"condition":{"minSkyLight":0,"maxSkyLight":7,"biomes":["#cobblemon:is_overworld"],"structures":["cobblemon:shipwreck_coves/lush_shipwreck_cove"],"minY":-41,"maxY":9},"anticondition":{"biomes":["#cobblemon:is_lush"]}},{"id":"swampert-11","pokemon":"swampert","type":"pokemon","spawnablePositionType":"fishing","bucket":"ultra-rare","level":"36-53","weight":0.4,"condition":{"minSkyLight":0,"maxSkyLight":7,"biomes":["#cobblemon:is_overworld"],"structures":["cobblemon:shipwreck_coves/lush_shipwreck_cove"],"minY":-41,"maxY":9},"anticondition":{"biomes":["#cobblemon:is_lush"]}}]}