{"enabled":true,"neededInstalledMods":[],"neededUninstalledMods":[],"spawns":[{"id":"poochyena-1","pokemon":"poochyena","presets":["natural"],"type":"pokemon","spawnablePositionType":"grounded","bucket":"common","level":"1-22","weight":5.4,"condition":{"minSkyLight":8,"maxSkyLight":15,"biomes":["#cobblemon:is_badlands","#cobblemon:is_savanna"],"timeRange":"night"}},{"id":"poochyena-2","pokemon":"poochyena","presets":["natural","pillager_outpost"],"type":"pokemon","spawnablePositionType":"grounded","bucket":"common","level":"1-22","weight":90.0,"condition":{"minSkyLight":8,"maxSkyLight":15,"biomes":["#cobblemon:is_overworld"]}}]}