{"enabled":true,"neededInstalledMods":[],"neededUninstalledMods":[],"spawns":[{"id":"mightyena-1","pokemon":"mightyena","presets":["natural"],"type":"pokemon","spawnablePositionType":"grounded","bucket":"common","level":"18-42","weight":0.6,"condition":{"minSkyLight":8,"maxSkyLight":15,"biomes":["#cobblemon:is_badlands","#cobblemon:is_savanna"],"timeRange":"night"}},{"id":"mightyena-2","pokemon":"mightyena","presets":["natural","pillager_outpost"],"type":"pokemon","spawnablePositionType":"grounded","bucket":"common","level":"18-42","weight":10.0,"condition":{"minSkyLight":8,"maxSkyLight":15,"biomes":["#cobblemon:is_overworld"]}}]}