{"enabled":true,"neededInstalledMods":[],"neededUninstalledMods":[],"spawns":[{"id":"lotad-1","pokemon":"lotad","presets":["natural"],"type":"pokemon","spawnablePositionType":"grounded","bucket":"common","level":"1-22","weight":1.8,"weightMultiplier":{"multiplier":1.5,"condition":{"timeRange":"night"}},"condition":{"minSkyLight":8,"maxSkyLight":15,"biomes":["#cobblemon:is_swamp"],"isRaining":true}},{"id":"lotad-2","pokemon":"lotad","presets":["water"],"type":"pokemon","spawnablePositionType":"surface","bucket":"common","level":"1-22","weight":5.4,"condition":{"minSkyLight":8,"maxSkyLight":15,"biomes":["#cobblemon:is_swamp"]}},{"id":"lotad-3","pokemon":"lotad","type":"pokemon","spawnablePositionType":"fishing","bucket":"common","level":"1-22","weight":9.0,"weightMultiplier":{"multiplier":0.6,"condition":{"minLureLevel":0,"maxLureLevel":1}},"condition":{"canSeeSky":true,"biomes":["#cobblemon:is_forest","#cobblemon:is_jungle","#cobblemon:is_swamp"],"isRaining":true}},{"id":"lotad-4","pokemon":"lotad","type":"pokemon","spawnablePositionType":"fishing","bucket":"common","level":"1-22","weight":9.0,"weightMultiplier":{"multiplier":0.6,"condition":{"minLureLevel":0,"maxLureLevel":1}},"condition":{"canSeeSky":false,"minSkyLight":8,"maxSkyLight":15,"biomes":["#cobblemon:is_forest","#cobblemon:is_jungle","#cobblemon:is_swamp"],"isRaining":true}}]}