{"enabled":true,"neededInstalledMods":[],"neededUninstalledMods":[],"spawns":[{"id":"lombre-1","pokemon":"lombre","presets":["natural"],"type":"pokemon","spawnablePositionType":"grounded","bucket":"common","level":"14-34","weight":0.19,"weightMultiplier":{"multiplier":1.5,"condition":{"timeRange":"night"}},"condition":{"minSkyLight":8,"maxSkyLight":15,"biomes":["#cobblemon:is_swamp"],"isRaining":true}},{"id":"lombre-2","pokemon":"lombre","presets":["water"],"type":"pokemon","spawnablePositionType":"surface","bucket":"common","level":"14-34","weight":0.57,"condition":{"minSkyLight":8,"maxSkyLight":15,"biomes":["#cobblemon:is_swamp"]}},{"id":"lombre-3","pokemon":"lombre","type":"pokemon","spawnablePositionType":"fishing","bucket":"common","level":"14-34","weight":0.95,"weightMultiplier":{"multiplier":0.6,"condition":{"minLureLevel":0,"maxLureLevel":1}},"condition":{"canSeeSky":true,"biomes":["#cobblemon:is_forest","#cobblemon:is_jungle","#cobblemon:is_swamp"],"isRaining":true}},{"id":"lombre-4","pokemon":"lombre","type":"pokemon","spawnablePositionType":"fishing","bucket":"common","level":"14-34","weight":0.95,"weightMultiplier":{"multiplier":0.6,"condition":{"minLureLevel":0,"maxLureLevel":1}},"condition":{"canSeeSky":false,"minSkyLight":8,"maxSkyLight":15,"biomes":["#cobblemon:is_forest","#cobblemon:is_jungle","#cobblemon:is_swamp"],"isRaining":true}}]}