{
  "enabled": true,
  "neededInstalledMods": [],
  "neededUninstalledMods": [],
  "spawns": [
    {
      "id": "taillow-1",
      "pokemon": "taillow",
      "presets": [
        "natural",
        "treetop"
      ],
      "type": "pokemon",
      "spawnablePositionType": "grounded",
      "bucket": "common",
      "level": "2-27",
      "weight": 9.0,
      "condition": {
        "minSkyLight": 8,
        "maxSkyLight": 15,
        "biomes": [
          "#cobblemon:is_sky",
          "#cobblemon:is_temperate"
        ],
        "timeRange": "day"
      },
      "anticondition": {
        "biomes": [
          "#cobblemon:is_spooky"
        ]
      }
    },
    {
      "id": "taillow-3",
      "pokemon": "taillow",
      "presets": [
        "natural",
        "treetop"
      ],
      "type": "pokemon",
      "spawnablePositionType": "grounded",
      "bucket": "common",
      "level": "2-27",
      "weight": 9.0,
      "condition": {
        "minSkyLight": 8,
        "maxSkyLight": 15,
        "biomes": [
          "#aether:is_aether"
        ],
        "dimensions": [
          "aether:the_aether"
        ]
      }
    }
  ]
}
