{
  "enabled": true,
  "neededInstalledMods": [],
  "neededUninstalledMods": [],
  "spawns": [
    {
      "id": "loudred-1",
      "pokemon": "loudred",
      "presets": [
        "natural"
      ],
      "type": "pokemon",
      "spawnablePositionType": "grounded",
      "bucket": "uncommon",
      "level": "20-39",
      "weight": 1.44,
      "condition": {
        "minSkyLight": 0,
        "maxSkyLight": 7,
        "biomes": [
          "#cobblemon:is_deep_dark"
        ]
      }
    },
    {
      "id": "loudred-2",
      "pokemon": "loudred",
      "presets": [
        "natural"
      ],
      "type": "pokemon",
      "spawnablePositionType": "grounded",
      "bucket": "common",
      "level": "20-39",
      "weight": 0.18,
      "condition": {
        "minSkyLight": 0,
        "maxSkyLight": 7,
        "biomes": [
          "#cobblemon:is_overworld"
        ],
        "maxY": 0
      },
      "anticondition": {
        "biomes": [
          "#cobblemon:is_deep_dark"
        ]
      }
    },
    {
      "id": "deeper-loudred-1",
      "pokemon": "loudred",
      "presets": [
        "deep_dark"
      ],
      "type": "pokemon",
      "spawnablePositionType": "grounded",
      "bucket": "uncommon",
      "level": "20-39",
      "weight": 1.8,
      "condition": {
        "biomes": [
          "deeperdarker:deeplands",
          "deeperdarker:echoing_forest"
        ],
        "dimensions": [
          "deeperdarker:otherside"
        ]
      }
    }
  ]
}