{"enabled":true,"neededInstalledMods":[],"neededUninstalledMods":[],"spawns":[{"id":"azurill-1","pokemon":"azurill","type":"pokemon","spawnablePositionType":"fishing","bucket":"common","level":"1-19","weight":9.0,"weightMultiplier":{"multiplier":0.6,"condition":{"minLureLevel":0,"maxLureLevel":1}},"condition":{"canSeeSky":true,"biomes":["#cobblemon:is_floral","#cobblemon:is_hills","#cobblemon:is_magical","#cobblemon:is_river","#cobblemon:is_snowy_forest","#cobblemon:is_taiga","#cobblemon:is_temperate"]}},{"id":"azurill-2","pokemon":"azurill","type":"pokemon","spawnablePositionType":"fishing","bucket":"common","level":"1-19","weight":9.0,"weightMultiplier":{"multiplier":0.6,"condition":{"minLureLevel":0,"maxLureLevel":1}},"condition":{"canSeeSky":false,"minSkyLight":8,"maxSkyLight":15,"biomes":["#cobblemon:is_floral","#cobblemon:is_hills","#cobblemon:is_magical","#cobblemon:is_river","#cobblemon:is_snowy_forest","#cobblemon:is_taiga","#cobblemon:is_temperate"]}},{"id":"azurill-3","pokemon":"azurill","presets":["natural"],"type":"pokemon","spawnablePositionType":"grounded","bucket":"common","level":"1-19","weight":9.0,"condition":{"minSkyLight":8,"maxSkyLight":15,"biomes":["#cobblemon:is_river"]},"anticondition":{"biomes":["#cobblemon:is_freezing"]}},{"id":"azurill-4","pokemon":"azurill","presets":["water"],"type":"pokemon","spawnablePositionType":"surface","bucket":"uncommon","level":"1-19","weight":5.04,"condition":{"minSkyLight":8,"maxSkyLight":15,"biomes":["#cobblemon:is_river"]}}]}