{
  "enabled": true,
  "neededInstalledMods": [],
  "neededUninstalledMods": [],
  "spawns": [
    {
      "id": "mawile-1",
      "pokemon": "mawile",
      "presets": [
        "natural"
      ],
      "type": "pokemon",
      "spawnablePositionType": "grounded",
      "bucket": "uncommon",
      "level": "13-38",
      "weight": 6.0,
      "condition": {
        "minSkyLight": 0,
        "maxSkyLight": 7,
        "biomes": [
          "#cobblemon:is_deep_dark"
        ]
      }
    },
    {
      "id": "mawile-2",
      "pokemon": "mawile",
      "presets": [
        "natural"
      ],
      "type": "pokemon",
      "spawnablePositionType": "grounded",
      "bucket": "rare",
      "level": "13-38",
      "weight": 6.0,
      "condition": {
        "minSkyLight": 0,
        "maxSkyLight": 7,
        "biomes": [
          "#cobblemon:is_overworld"
        ]
      },
      "anticondition": {
        "biomes": [
          "#cobblemon:is_deep_dark"
        ]
      }
    },
    {
      "id": "deeper-mawile-1",
      "pokemon": "mawile",
      "presets": [
        "deep_dark"
      ],
      "type": "pokemon",
      "spawnablePositionType": "grounded",
      "bucket": "uncommon",
      "level": "26-51",
      "weight": 4.76,
      "condition": {
        "biomes": [
          "deeperdarker:deeplands"
        ],
        "dimensions": [
          "deeperdarker:otherside"
        ]
      }
    },
    {
      "id": "deeper-mawile-1",
      "pokemon": "mawile",
      "presets": [
        "deep_dark"
      ],
      "type": "pokemon",
      "spawnablePositionType": "grounded",
      "bucket": "common",
      "level": "26-51",
      "weight": 3.65,
      "condition": {
        "biomes": [
          "deeperdarker:overcast_columns"
        ],
        "dimensions": [
          "deeperdarker:otherside"
        ]
      }
    },
    {
      "pokemon": "cobblemon:mawile",
      "id": "mawile-skypillar",
      "presets": [
        "sky_pillar"
      ],
      "type": "pokemon",
      "spawnablePositionType": "grounded",
      "bucket": "common",
      "level": "54-56",
      "weight": 3,
      "condition": {}
    }
  ]
}