{"enabled":true,"neededInstalledMods":[],"neededUninstalledMods":[],"spawns":[{"id":"aron-1","pokemon":"aron","presets":["natural","wild"],"type":"pokemon","spawnablePositionType":"grounded","bucket":"common","level":"8-33","weight":9.0,"condition":{"biomes":["#cobblemon:is_mountain"],"neededNearbyBlocks":["#minecraft:iron_ores"]},"anticondition":{"biomes":["#cobblemon:is_deep_dark"]}},{"id":"aron-2","pokemon":"aron","presets":["natural"],"type":"pokemon","spawnablePositionType":"grounded","bucket":"common","level":"8-33","weight":9.0,"condition":{"minSkyLight":0,"maxSkyLight":7,"biomes":["#cobblemon:is_overworld"],"neededNearbyBlocks":["#minecraft:iron_ores"]},"anticondition":{"biomes":["#cobblemon:is_deep_dark"]}}]}