{"enabled":true,"neededInstalledMods":[],"neededUninstalledMods":[],"spawns":[{"id":"lairon-1","pokemon":"lairon","presets":["natural","wild"],"type":"pokemon","spawnablePositionType":"grounded","bucket":"common","level":"32-43","weight":0.9,"condition":{"biomes":["#cobblemon:is_mountain"],"neededNearbyBlocks":["#minecraft:iron_ores"]},"anticondition":{"biomes":["#cobblemon:is_deep_dark"]}},{"id":"lairon-2","pokemon":"lairon","presets":["natural"],"type":"pokemon","spawnablePositionType":"grounded","bucket":"common","level":"32-43","weight":0.9,"condition":{"minSkyLight":0,"maxSkyLight":7,"biomes":["#cobblemon:is_overworld"],"neededNearbyBlocks":["#minecraft:iron_ores"]},"anticondition":{"biomes":["#cobblemon:is_deep_dark"]}}]}