{"enabled":true,"neededInstalledMods":[],"neededUninstalledMods":[],"spawns":[{"id":"aggron-1","pokemon":"aggron","presets":["natural","wild"],"type":"pokemon","spawnablePositionType":"grounded","bucket":"common","level":"42-53","weight":0.1,"condition":{"biomes":["#cobblemon:is_mountain"],"neededNearbyBlocks":["#minecraft:iron_ores"]},"anticondition":{"biomes":["#cobblemon:is_deep_dark"]}},{"id":"aggron-2","pokemon":"aggron","presets":["natural"],"type":"pokemon","spawnablePositionType":"grounded","bucket":"common","level":"42-53","weight":0.1,"condition":{"minSkyLight":0,"maxSkyLight":7,"biomes":["#cobblemon:is_overworld"],"neededNearbyBlocks":["#minecraft:iron_ores"]},"anticondition":{"biomes":["#cobblemon:is_deep_dark"]}}]}