{"enabled":true,"neededInstalledMods":[],"neededUninstalledMods":[],"spawns":[{"id":"meditite-1","pokemon":"meditite","presets":["natural"],"type":"pokemon","spawnablePositionType":"grounded","bucket":"common","level":"3-28","weight":1.8,"weightMultiplier":{"multiplier":0.25,"condition":{"timeRange":"night"}},"condition":{"minSkyLight":8,"maxSkyLight":15,"biomes":["#cobblemon:is_peak"]}},{"id":"meditite-2","pokemon":"meditite","presets":["natural","jungle_pyramid"],"type":"pokemon","spawnablePositionType":"grounded","bucket":"common","level":"3-28","weight":54.0,"weightMultiplier":{"multiplier":0.25,"condition":{"timeRange":"night"}},"condition":{"biomes":["#cobblemon:is_overworld"],"minY":48}},{"id":"meditite-1","pokemon":"meditite","presets":["natural"],"type":"pokemon","spawnablePositionType":"grounded","bucket":"common","level":"8-22","weight":2.5,"condition":{"biomes":["#cobblemon:is_end"]}}]}