{"enabled":true,"neededInstalledMods":[],"neededUninstalledMods":[],"spawns":[{"id":"medicham-1","pokemon":"medicham","presets":["natural"],"type":"pokemon","spawnablePositionType":"grounded","bucket":"common","level":"37-41","weight":0.2,"weightMultiplier":{"multiplier":0.25,"condition":{"timeRange":"night"}},"condition":{"minSkyLight":8,"maxSkyLight":15,"biomes":["#cobblemon:is_peak"]}},{"id":"medicham-2","pokemon":"medicham","presets":["natural","jungle_pyramid"],"type":"pokemon","spawnablePositionType":"grounded","bucket":"common","level":"37-41","weight":6.0,"weightMultiplier":{"multiplier":0.25,"condition":{"timeRange":"night"}},"condition":{"biomes":["#cobblemon:is_overworld"],"minY":48}},{"id":"medicham-1","pokemon":"medicham","presets":["natural"],"type":"pokemon","spawnablePositionType":"grounded","bucket":"uncommon","level":"39-45","weight":0.8,"condition":{"biomes":["#cobblemon:is_end"]}}]}