{"enabled":true,"neededInstalledMods":[],"neededUninstalledMods":[],"spawns":[{"id":"plusle-1","pokemon":"plusle","presets":["natural"],"type":"pokemon","spawnablePositionType":"grounded","bucket":"uncommon","level":"16-41","weight":1.0,"weightMultiplier":{"multiplier":5.0,"condition":{"isThundering":true}},"condition":{"minSkyLight":8,"maxSkyLight":15,"biomes":["#cobblemon:is_plains"]}},{"id":"plusle-2","pokemon":"plusle","type":"pokemon","spawnablePositionType":"grounded","bucket":"uncommon","level":"16-41","weight":30.0,"weightMultiplier":{"multiplier":5.0,"condition":{"isThundering":true}},"condition":{"minSkyLight":8,"maxSkyLight":15,"biomes":["#cobblemon:is_plains"],"neededNearbyBlocks":["minecraft:lightning_rod"]}}]}