{"enabled":true,"neededInstalledMods":[],"neededUninstalledMods":[],"spawns":[{"id":"minun-1","pokemon":"minun","presets":["natural"],"type":"pokemon","spawnablePositionType":"grounded","bucket":"uncommon","level":"16-41","weight":1.0,"weightMultiplier":{"multiplier":5.0,"condition":{"isThundering":true}},"condition":{"minSkyLight":8,"maxSkyLight":15,"biomes":["#cobblemon:is_plains"]}},{"id":"minun-2","pokemon":"minun","type":"pokemon","spawnablePositionType":"grounded","bucket":"uncommon","level":"16-41","weight":30.0,"weightMultiplier":{"multiplier":5.0,"condition":{"isThundering":true}},"condition":{"minSkyLight":8,"maxSkyLight":15,"biomes":["#cobblemon:is_plains"],"neededNearbyBlocks":["minecraft:lightning_rod"]}}]}