{
  "enabled": true,
  "neededInstalledMods": [],
  "neededUninstalledMods": [],
  "spawns": [
    {
      "id": "volbeat-1",
      "pokemon": "volbeat",
      "presets": [
        "natural",
        "treetop"
      ],
      "type": "pokemon",
      "spawnablePositionType": "grounded",
      "bucket": "common",
      "level": "18-43",
      "weight": 5.0,
      "condition": {
        "minSkyLight": 8,
        "maxSkyLight": 15,
        "biomes": [
          "#cobblemon:is_freshwater"
        ],
        "timeRange": "night",
        "isRaining": false
      },
      "anticondition": {
        "biomes": [
          "#cobblemon:is_freezing"
        ]
      }
    },
    {
      "id": "volbeat-2",
      "pokemon": "volbeat",
      "presets": [
        "water"
      ],
      "type": "pokemon",
      "spawnablePositionType": "surface",
      "bucket": "uncommon",
      "level": "18-43",
      "weight": 5.0,
      "condition": {
        "minSkyLight": 8,
        "maxSkyLight": 15,
        "biomes": [
          "#cobblemon:is_freshwater"
        ],
        "timeRange": "night",
        "isRaining": false
      },
      "anticondition": {
        "biomes": [
          "#cobblemon:is_freezing"
        ]
      }
    },
    {
      "id": "volbeat-3",
      "pokemon": "volbeat",
      "type": "pokemon",
      "spawnablePositionType": "grounded",
      "bucket": "common",
      "level": "18-43",
      "weight": 3.0,
      "condition": {
        "biomes": [
          "the_bumblezone:floral_meadow"
        ],
        "dimensions": [
          "the_bumblezone:the_bumblezone"
        ]
      },
      "anticondition": {
        "structures": [
          "#the_bumblezone:sempiternal_sanctums"
        ]
      }
    },
    {
      "id": "volbeat-4",
      "pokemon": "volbeat",
      "presets": [
        "water"
      ],
      "type": "pokemon",
      "spawnablePositionType": "surface",
      "bucket": "uncommon",
      "level": "18-43",
      "weight": 3.0,
      "condition": {
        "biomes": [
          "#the_bumblezone:the_bumblezone"
        ],
        "dimensions": [
          "the_bumblezone:the_bumblezone"
        ]
      },
      "anticondition": {
        "structures": [
          "#the_bumblezone:sempiternal_sanctums"
        ]
      }
    }
  ]
}
