{"enabled":true,"neededInstalledMods":[],"neededUninstalledMods":[],"spawns":[{"id":"sharpedo-1","pokemon":"sharpedo","presets":["water"],"type":"pokemon","spawnablePositionType":"submerged","bucket":"common","level":"30-46","weight":0.2,"condition":{"canSeeSky":true,"biomes":["#cobblemon:is_ocean"]}},{"id":"sharpedo-2","pokemon":"sharpedo","type":"pokemon","spawnablePositionType":"fishing","bucket":"common","level":"30-46","weight":0.2,"weightMultipliers":[{"multiplier":3.0,"condition":{"minLureLevel":2,"maxLureLevel":2}},{"multiplier":5.0,"condition":{"minLureLevel":3}}],"condition":{"canSeeSky":true,"biomes":["#cobblemon:is_ocean"]}},{"id":"sharpedo-3","pokemon":"sharpedo","presets":["water"],"type":"pokemon","spawnablePositionType":"submerged","bucket":"common","level":"30-46","weight":0.2,"condition":{"canSeeSky":false,"minSkyLight":8,"maxSkyLight":15,"biomes":["#cobblemon:is_ocean"]}},{"id":"sharpedo-4","pokemon":"sharpedo","type":"pokemon","spawnablePositionType":"fishing","bucket":"common","level":"30-46","weight":0.2,"weightMultipliers":[{"multiplier":3.0,"condition":{"minLureLevel":2,"maxLureLevel":2}},{"multiplier":5.0,"condition":{"minLureLevel":3}}],"condition":{"canSeeSky":false,"minSkyLight":8,"maxSkyLight":15,"biomes":["#cobblemon:is_ocean"]}},{"id":"sharpedo-5","pokemon":"sharpedo","presets":["water"],"type":"pokemon","spawnablePositionType":"submerged","bucket":"common","level":"30-46","weight":0.2,"condition":{"canSeeSky":false,"biomes":["#cobblemon:is_overworld"],"structures":["cobblemon:shipwreck_coves/submerged_shipwreck_cove"],"minY":-60,"maxY":13}},{"id":"sharpedo-6","pokemon":"sharpedo","type":"pokemon","spawnablePositionType":"fishing","bucket":"common","level":"30-46","weight":0.2,"weightMultipliers":[{"multiplier":3.0,"condition":{"minLureLevel":2,"maxLureLevel":2}},{"multiplier":5.0,"condition":{"minLureLevel":3}}],"condition":{"canSeeSky":false,"biomes":["#cobblemon:is_overworld"],"structures":["cobblemon:shipwreck_coves/submerged_shipwreck_cove"],"minY":-60,"maxY":13}}]}