{
  "enabled": true,
  "neededInstalledMods": [],
  "neededUninstalledMods": [],
  "spawns": [
    {
      "id": "wailord-1",
      "pokemon": "wailord",
      "presets": [
        "water"
      ],
      "type": "pokemon",
      "spawnablePositionType": "submerged",
      "bucket": "uncommon",
      "level": "40-50",
      "weight": 0.32,
      "condition": {
        "canSeeSky": true,
        "biomes": [
          "#cobblemon:is_deep_ocean"
        ]
      }
    },
    {
      "id": "wailord-2",
      "pokemon": "wailord",
      "type": "pokemon",
      "spawnablePositionType": "fishing",
      "bucket": "uncommon",
      "level": "40-50",
      "weight": 0.32,
      "condition": {
        "canSeeSky": true,
        "biomes": [
          "#cobblemon:is_ocean"
        ]
      },
      "anticondition": {
        "minLureLevel": 1
      }
    },
    {
      "id": "wailord-3",
      "pokemon": "wailord",
      "type": "pokemon",
      "spawnablePositionType": "fishing",
      "bucket": "common",
      "level": "40-50",
      "weight": 0.32,
      "weightMultiplier": {
        "multiplier": 3.0,
        "condition": {
          "minLureLevel": 3
        }
      },
      "condition": {
        "canSeeSky": true,
        "biomes": [
          "#cobblemon:is_ocean"
        ],
        "minLureLevel": 1
      }
    },
    {
      "id": "wailord-4",
      "pokemon": "wailord",
      "presets": [
        "water"
      ],
      "type": "pokemon",
      "spawnablePositionType": "submerged",
      "bucket": "uncommon",
      "level": "40-50",
      "weight": 0.32,
      "condition": {
        "canSeeSky": false,
        "minSkyLight": 8,
        "maxSkyLight": 15,
        "biomes": [
          "#cobblemon:is_deep_ocean"
        ]
      }
    },
    {
      "id": "wailord-5",
      "pokemon": "wailord",
      "type": "pokemon",
      "spawnablePositionType": "fishing",
      "bucket": "uncommon",
      "level": "40-50",
      "weight": 0.32,
      "condition": {
        "canSeeSky": false,
        "minSkyLight": 8,
        "maxSkyLight": 15,
        "biomes": [
          "#cobblemon:is_ocean"
        ]
      },
      "anticondition": {
        "minLureLevel": 1
      }
    },
    {
      "id": "wailord-6",
      "pokemon": "wailord",
      "type": "pokemon",
      "spawnablePositionType": "fishing",
      "bucket": "common",
      "level": "40-50",
      "weight": 0.32,
      "weightMultiplier": {
        "multiplier": 3.0,
        "condition": {
          "minLureLevel": 3
        }
      },
      "condition": {
        "canSeeSky": false,
        "minSkyLight": 8,
        "maxSkyLight": 15,
        "biomes": [
          "#cobblemon:is_ocean"
        ],
        "minLureLevel": 1
      }
    },
    {
      "id": "wailord-7",
      "pokemon": "wailord",
      "presets": [
        "natural",
        "wild"
      ],
      "type": "pokemon",
      "spawnablePositionType": "grounded",
      "bucket": "rare",
      "level": "45-60",
      "weight": 5.4,
      "condition": {
        "minSkyLight": 0,
        "maxSkyLight": 15,
        "biomes": [
          "aether:skyroot_meadow",
          "aether:skyroot_grove",
          "aether:skyroot_woodland",
          "aether:skyroot_forest"
        ],
        "dimensions": [
          "aether:the_aether"
        ]
      }
    },
    {
      "id": "wailord-7",
      "pokemon": "wailord",
      "presets": [
        "natural",
        "wild"
      ],
      "type": "pokemon",
      "context": "grounded",
      "bucket": "rare",
      "level": "45-60",
      "weight": 5.4,
      "condition": {
        "minSkyLight": 0,
        "maxSkyLight": 15,
        "biomes": [
          "aether:skyroot_meadow",
          "aether:skyroot_grove",
          "aether:skyroot_woodland",
          "aether:skyroot_forest"
        ],
        "dimensions": [
          "aether:the_aether"
        ]
      }
    }
  ]
}
