{"enabled":true,"neededInstalledMods":[],"neededUninstalledMods":[],"spawns":[{"id":"numel-1","pokemon":"numel","presets":["natural"],"type":"pokemon","spawnablePositionType":"grounded","bucket":"common","level":"6-31","weight":5.4,"weightMultiplier":{"multiplier":0.25,"condition":{"timeRange":"night"}},"condition":{"minSkyLight":8,"maxSkyLight":15,"biomes":["#cobblemon:is_badlands"]}},{"id":"numel-2","pokemon":"numel","presets":["natural"],"type":"pokemon","spawnablePositionType":"grounded","bucket":"common","level":"6-31","weight":9.0,"weightMultiplier":{"multiplier":0.25,"condition":{"timeRange":"night"}},"condition":{"minSkyLight":8,"maxSkyLight":15,"biomes":["#cobblemon:is_volcanic"]}},{"id":"numel-3","pokemon":"numel","presets":["natural"],"type":"pokemon","spawnablePositionType":"grounded","bucket":"common","level":"6-31","weight":5.4,"condition":{"biomes":["#cobblemon:nether/is_overgrowth","#cobblemon:nether/is_wasteland"]}}]}