{"enabled":true,"neededInstalledMods":[],"neededUninstalledMods":[],"spawns":[{"id":"camerupt-1","pokemon":"camerupt","presets":["natural"],"type":"pokemon","spawnablePositionType":"grounded","bucket":"common","level":"33-46","weight":0.6,"weightMultiplier":{"multiplier":0.25,"condition":{"timeRange":"night"}},"condition":{"minSkyLight":8,"maxSkyLight":15,"biomes":["#cobblemon:is_badlands"]}},{"id":"camerupt-2","pokemon":"camerupt","presets":["natural"],"type":"pokemon","spawnablePositionType":"grounded","bucket":"common","level":"33-46","weight":1.0,"weightMultiplier":{"multiplier":0.25,"condition":{"timeRange":"night"}},"condition":{"minSkyLight":8,"maxSkyLight":15,"biomes":["#cobblemon:is_volcanic"]}},{"id":"camerupt-3","pokemon":"camerupt","presets":["natural"],"type":"pokemon","spawnablePositionType":"grounded","bucket":"common","level":"33-46","weight":0.6,"condition":{"biomes":["#cobblemon:nether/is_overgrowth","#cobblemon:nether/is_wasteland"]}}]}