{
  "enabled": true,
  "neededInstalledMods": [],
  "neededUninstalledMods": [],
  "spawns": [
    {
      "id": "torkoal-1",
      "pokemon": "torkoal",
      "presets": [
        "natural"
      ],
      "type": "pokemon",
      "spawnablePositionType": "grounded",
      "bucket": "common",
      "level": "22-47",
      "weight": 10.0,
      "condition": {
        "biomes": [
          "#cobblemon:is_mountain",
          "#cobblemon:is_thermal"
        ],
        "neededNearbyBlocks": [
          "#minecraft:coal_ores"
        ]
      }
    },
    {
      "id": "torkoal-2",
      "pokemon": "torkoal",
      "presets": [
        "natural"
      ],
      "type": "pokemon",
      "spawnablePositionType": "grounded",
      "bucket": "uncommon",
      "level": "22-47",
      "weight": 10.0,
      "condition": {
        "minSkyLight": 0,
        "maxSkyLight": 7,
        "biomes": [
          "#cobblemon:is_overworld"
        ],
        "neededNearbyBlocks": [
          "#minecraft:coal_ores"
        ]
      },
      "anticondition": {
        "biomes": [
          "#cobblemon:is_deep_dark",
          "#cobblemon:is_mountain",
          "#cobblemon:is_thermal"
        ]
      }
    },
    {
      "id": "torkoal-3",
      "pokemon": "torkoal",
      "presets": [
        "natural"
      ],
      "type": "pokemon",
      "spawnablePositionType": "grounded",
      "bucket": "common",
      "level": "22-47",
      "weight": 2.0,
      "condition": {
        "biomes": [
          "#cobblemon:nether/is_basalt"
        ]
      }
    },
    {
      "id": "deeper-torkoal-1",
      "pokemon": "torkoal",
      "presets": [
        "deep_dark"
      ],
      "type": "pokemon",
      "spawnablePositionType": "grounded",
      "bucket": "uncommon",
      "level": "21-48",
      "weight": 11.74,
      "condition": {
        "biomes": [
          "deeperdarker:overcast_columns"
        ],
        "dimensions": [
          "deeperdarker:otherside"
        ]
      }
    }
  ]
}