{"enabled":true,"neededInstalledMods":[],"neededUninstalledMods":[],"spawns":[{"id":"grumpig-1","pokemon":"grumpig","presets":["natural","wild"],"type":"pokemon","spawnablePositionType":"grounded","bucket":"common","level":"32-47","weight":0.6,"condition":{"minSkyLight":8,"maxSkyLight":15,"biomes":["#cobblemon:is_hills"]}},{"id":"grumpig-2","pokemon":"grumpig","presets":["natural","wild"],"type":"pokemon","spawnablePositionType":"grounded","bucket":"common","level":"32-47","weight":0.6,"condition":{"biomes":["#cobblemon:nether/is_fungus"]}},{"id":"grumpig-1","pokemon":"grumpig","presets":["natural"],"type":"pokemon","spawnablePositionType":"grounded","bucket":"uncommon","level":"32-65","weight":1,"weightMultiplier":{"multiplier":1.5,"condition":{"timeRange":"night"}},"condition":{"biomes":["#cobblemon:is_mountain"]}}]}