{"enabled":true,"neededInstalledMods":[],"neededUninstalledMods":[],"spawns":[{"id":"trapinch-1","pokemon":"trapinch","presets":["natural","wild"],"type":"pokemon","spawnablePositionType":"grounded","bucket":"rare","level":"4-29","weight":7.5,"weightMultiplier":{"multiplier":1.5,"condition":{"isRaining":true}},"condition":{"minSkyLight":8,"maxSkyLight":15,"biomes":["#cobblemon:is_desert"]}},{"id":"trapinch-2","pokemon":"trapinch","presets":["natural"],"type":"pokemon","spawnablePositionType":"grounded","bucket":"uncommon","level":"4-29","weight":10.0,"condition":{"minSkyLight":0,"maxSkyLight":7,"biomes":["#cobblemon:is_desert"],"minY":0}}]}