{
  "enabled": true,
  "neededInstalledMods": [],
  "neededUninstalledMods": [],
  "spawns": [
    {
      "id": "swablu-1",
      "pokemon": "swablu",
      "presets": [
        "natural",
        "treetop"
      ],
      "type": "pokemon",
      "spawnablePositionType": "grounded",
      "bucket": "uncommon",
      "level": "6-31",
      "weight": 8.4,
      "weightMultiplier": {
        "multiplier": 0.25,
        "condition": {
          "timeRange": "night"
        }
      },
      "condition": {
        "minSkyLight": 8,
        "maxSkyLight": 15,
        "biomes": [
          "#cobblemon:is_overworld"
        ],
        "isRaining": false,
        "minY": 190
      },
      "anticondition": {
        "biomes": [
          "#cobblemon:is_peak",
          "#cobblemon:is_sky",
          "#cobblemon:is_freezing"
        ]
      }
    },
    {
      "id": "swablu-2",
      "pokemon": "swablu",
      "presets": [
        "natural",
        "treetop"
      ],
      "type": "pokemon",
      "spawnablePositionType": "grounded",
      "bucket": "uncommon",
      "level": "6-31",
      "weight": 8.4,
      "weightMultiplier": {
        "multiplier": 0.25,
        "condition": {
          "timeRange": "night"
        }
      },
      "condition": {
        "minSkyLight": 8,
        "maxSkyLight": 15,
        "biomes": [
          "#cobblemon:is_peak",
          "#cobblemon:is_sky"
        ],
        "isRaining": false
      },
      "anticondition": {
        "biomes": [
          "#cobblemon:is_freezing",
          "#cobblemon:is_volcanic"
        ]
      }
    },
    {
      "id": "swablu-4",
      "pokemon": "swablu",
      "presets": [
        "natural",
        "treetop"
      ],
      "type": "pokemon",
      "spawnablePositionType": "grounded",
      "bucket": "common",
      "level": "6-31",
      "weight": 9.0,
      "condition": {
        "minSkyLight": 8,
        "maxSkyLight": 15,
        "biomes": [
          "aether:skyroot_grove",
          "aether:skyroot_meadow"
        ],
        "dimensions": [
          "aether:the_aether"
        ]
      }
    },
    {
      "id": "swablu-1",
      "pokemon": "swablu",
      "presets": [
        "natural"
      ],
      "type": "pokemon",
      "spawnablePositionType": "grounded",
      "bucket": "uncommon",
      "level": "15-34",
      "weight": 10.0,
      "condition": {
        "minY": 100,
        "biomes": [
          "#cobblemon:is_mountain"
        ]
      }
    },
    {
      "id": "aether_swablu_1",
      "pokemon": "swablu",
      "presets": [
        "natural"
      ],
      "type": "pokemon",
      "context": "grounded",
      "bucket": "common",
      "level": "40-80",
      "weight": 10.0,
      "condition": {
        "biomes": [
          "aether:skyroot_forest",
          "aether:skyroot_grove"
        ],
        "dimensions": [
          "aether:the_aether"
        ]
      }
    }
  ]
}
