{"enabled":true,"neededInstalledMods":[],"neededUninstalledMods":[],"spawns":[{"id":"lunatone-1","pokemon":"lunatone","presets":["natural"],"type":"pokemon","spawnablePositionType":"grounded","bucket":"uncommon","level":"21-46","weight":10.0,"weightMultiplier":{"multiplier":5.0,"condition":{"moonPhase":0}},"condition":{"minSkyLight":8,"maxSkyLight":15,"biomes":["#cobblemon:is_dripstone"],"timeRange":"night"}},{"id":"lunatone-2","pokemon":"lunatone","presets":["natural"],"type":"pokemon","spawnablePositionType":"grounded","bucket":"common","level":"21-46","weight":10.0,"weightMultiplier":{"multiplier":0.25,"condition":{"timeRange":"night"}},"condition":{"minSkyLight":0,"maxSkyLight":7,"biomes":["#cobblemon:is_dripstone"]}},{"id":"lunatone-3","pokemon":"lunatone","presets":["natural"],"type":"pokemon","spawnablePositionType":"grounded","bucket":"uncommon","level":"21-46","weight":2.0,"weightMultiplier":{"multiplier":5.0,"condition":{"moonPhase":0}},"condition":{"minSkyLight":8,"maxSkyLight":15,"biomes":["#cobblemon:is_mountain"],"timeRange":"night"}},{"id":"lunatone-4","pokemon":"lunatone","presets":["natural"],"type":"pokemon","spawnablePositionType":"grounded","bucket":"common","level":"21-46","weight":20.0,"weightMultiplier":{"multiplier":5.0,"condition":{"timeRange":"night"}},"condition":{"minSkyLight":8,"maxSkyLight":15,"biomes":["#cobblemon:is_overworld"],"structures":["cobblemon:ruins/luna_henge_ruins"]}}]}