{"enabled":true,"neededInstalledMods":[],"neededUninstalledMods":[],"spawns":[{"id":"whiscash-1","pokemon":"whiscash","presets":["water"],"type":"pokemon","spawnablePositionType":"submerged","bucket":"common","level":"30-47","weight":1.0,"condition":{"canSeeSky":true,"biomes":["#cobblemon:is_swamp"]}},{"id":"whiscash-2","pokemon":"whiscash","presets":["water"],"type":"pokemon","spawnablePositionType":"submerged","bucket":"uncommon","level":"30-47","weight":1.6,"condition":{"minSkyLight":0,"maxSkyLight":7,"biomes":["#cobblemon:is_overworld"]}},{"id":"whiscash-3","pokemon":"whiscash","type":"pokemon","spawnablePositionType":"fishing","bucket":"common","level":"30-47","weight":1.0,"condition":{"canSeeSky":true,"biomes":["#cobblemon:is_arid","#cobblemon:is_freshwater","#cobblemon:is_hills","#cobblemon:is_jungle","#cobblemon:is_mushroom","#cobblemon:is_temperate"]},"anticondition":{"biomes":["#cobblemon:is_freezing"]}},{"id":"whiscash-4","pokemon":"whiscash","type":"pokemon","spawnablePositionType":"fishing","bucket":"common","level":"30-47","weight":1.0,"condition":{"minSkyLight":0,"maxSkyLight":7,"biomes":["#cobblemon:is_overworld"]}},{"id":"whiscash-true-5","pokemon":"whiscash whiscash_nero=true","type":"pokemon","spawnablePositionType":"fishing","bucket":"rare","level":"30-47","weight":10.0,"condition":{"canSeeSky":true,"biomes":["#cobblemon:is_arid","#cobblemon:is_freshwater","#cobblemon:is_hills","#cobblemon:is_jungle","#cobblemon:is_mushroom","#cobblemon:is_temperate"],"rodType":"cobblemon:master_rod"},"anticondition":{"biomes":["#cobblemon:is_freezing"]}},{"id":"whiscash-true-6","pokemon":"whiscash whiscash_nero=true","type":"pokemon","spawnablePositionType":"fishing","bucket":"rare","level":"30-47","weight":10.0,"condition":{"minSkyLight":0,"maxSkyLight":7,"biomes":["#cobblemon:is_overworld"],"rodType":"cobblemon:master_rod"}},{"id":"whiscash-7","pokemon":"whiscash","presets":["water"],"type":"pokemon","spawnablePositionType":"submerged","bucket":"common","level":"30-47","weight":1.0,"condition":{"canSeeSky":false,"minSkyLight":8,"maxSkyLight":15,"biomes":["#cobblemon:is_swamp"]}},{"id":"whiscash-8","pokemon":"whiscash","type":"pokemon","spawnablePositionType":"fishing","bucket":"common","level":"30-47","weight":1.0,"condition":{"canSeeSky":false,"minSkyLight":8,"maxSkyLight":15,"biomes":["#cobblemon:is_arid","#cobblemon:is_freshwater","#cobblemon:is_hills","#cobblemon:is_jungle","#cobblemon:is_mushroom","#cobblemon:is_temperate"]},"anticondition":{"biomes":["#cobblemon:is_freezing"]}},{"id":"whiscash-true-9","pokemon":"whiscash whiscash_nero=true","type":"pokemon","spawnablePositionType":"fishing","bucket":"rare","level":"30-47","weight":10.0,"condition":{"canSeeSky":false,"minSkyLight":8,"maxSkyLight":15,"biomes":["#cobblemon:is_arid","#cobblemon:is_freshwater","#cobblemon:is_hills","#cobblemon:is_jungle","#cobblemon:is_mushroom","#cobblemon:is_temperate"],"rodType":"cobblemon:master_rod"},"anticondition":{"biomes":["#cobblemon:is_freezing"]}}]}