{"enabled":true,"neededInstalledMods":[],"neededUninstalledMods":[],"spawns":[{"id":"corphish-1","pokemon":"corphish","presets":["natural"],"type":"pokemon","spawnablePositionType":"grounded","bucket":"common","level":"6-31","weight":5.4,"condition":{"minSkyLight":8,"maxSkyLight":15,"biomes":["#cobblemon:is_freshwater"]},"anticondition":{"biomes":["#cobblemon:is_freezing"]}},{"id":"corphish-2","pokemon":"corphish","presets":["water"],"type":"pokemon","spawnablePositionType":"seafloor","bucket":"common","level":"6-31","weight":5.4,"condition":{"canSeeSky":true,"biomes":["#cobblemon:is_freshwater"]},"anticondition":{"biomes":["#cobblemon:is_freezing"]}},{"id":"corphish-3","pokemon":"corphish","type":"pokemon","spawnablePositionType":"fishing","bucket":"common","level":"6-31","weight":1.8,"weightMultipliers":[{"multiplier":3.0,"condition":{"minLureLevel":2,"maxLureLevel":2}},{"multiplier":5.0,"condition":{"minLureLevel":3}}],"condition":{"canSeeSky":true,"biomes":["#cobblemon:is_arid","#cobblemon:is_freshwater","#cobblemon:is_hills","#cobblemon:is_jungle","#cobblemon:is_temperate"]},"anticondition":{"biomes":["#cobblemon:is_freezing"]}},{"id":"corphish-4","pokemon":"corphish","type":"pokemon","spawnablePositionType":"fishing","bucket":"common","level":"6-31","weight":1.8,"weightMultipliers":[{"multiplier":3.0,"condition":{"minLureLevel":2,"maxLureLevel":2}},{"multiplier":5.0,"condition":{"minLureLevel":3}}],"condition":{"canSeeSky":false,"minSkyLight":8,"maxSkyLight":15,"biomes":["#cobblemon:is_arid","#cobblemon:is_freshwater","#cobblemon:is_hills","#cobblemon:is_jungle","#cobblemon:is_temperate"]},"anticondition":{"biomes":["#cobblemon:is_freezing"]}}]}