{"enabled":true,"neededInstalledMods":[],"neededUninstalledMods":[],"spawns":[{"id":"crawdaunt-1","pokemon":"crawdaunt","presets":["natural"],"type":"pokemon","spawnablePositionType":"grounded","bucket":"common","level":"30-47","weight":0.6,"condition":{"minSkyLight":8,"maxSkyLight":15,"biomes":["#cobblemon:is_freshwater"]},"anticondition":{"biomes":["#cobblemon:is_freezing"]}},{"id":"crawdaunt-2","pokemon":"crawdaunt","presets":["water"],"type":"pokemon","spawnablePositionType":"seafloor","bucket":"common","level":"30-47","weight":0.6,"condition":{"canSeeSky":true,"biomes":["#cobblemon:is_freshwater"]},"anticondition":{"biomes":["#cobblemon:is_freezing"]}},{"id":"crawdaunt-3","pokemon":"crawdaunt","type":"pokemon","spawnablePositionType":"fishing","bucket":"common","level":"30-47","weight":0.2,"weightMultipliers":[{"multiplier":3.0,"condition":{"minLureLevel":2,"maxLureLevel":2}},{"multiplier":5.0,"condition":{"minLureLevel":3}}],"condition":{"canSeeSky":true,"biomes":["#cobblemon:is_arid","#cobblemon:is_freshwater","#cobblemon:is_hills","#cobblemon:is_jungle","#cobblemon:is_temperate"]},"anticondition":{"biomes":["#cobblemon:is_freezing"]}},{"id":"crawdaunt-4","pokemon":"crawdaunt","type":"pokemon","spawnablePositionType":"fishing","bucket":"common","level":"30-47","weight":0.2,"weightMultipliers":[{"multiplier":3.0,"condition":{"minLureLevel":2,"maxLureLevel":2}},{"multiplier":5.0,"condition":{"minLureLevel":3}}],"condition":{"canSeeSky":false,"minSkyLight":8,"maxSkyLight":15,"biomes":["#cobblemon:is_arid","#cobblemon:is_freshwater","#cobblemon:is_hills","#cobblemon:is_jungle","#cobblemon:is_temperate"]},"anticondition":{"biomes":["#cobblemon:is_freezing"]}}]}