{
  "enabled": true,
  "neededInstalledMods": [],
  "neededUninstalledMods": [],
  "spawns": [
    {
      "id": "claydol-1",
      "pokemon": "claydol",
      "presets": [
        "natural"
      ],
      "type": "pokemon",
      "spawnablePositionType": "grounded",
      "bucket": "uncommon",
      "level": "36-50",
      "weight": 0.96,
      "condition": {
        "minSkyLight": 0,
        "maxSkyLight": 7,
        "biomes": [
          "#cobblemon:is_badlands",
          "#cobblemon:is_desert"
        ],
        "minY": 0
      },
      "anticondition": {
        "biomes": [
          "#cobblemon:is_deep_dark"
        ]
      }
    },
    {
      "id": "claydol-2",
      "pokemon": "claydol",
      "presets": [
        "natural",
        "desert_pyramid"
      ],
      "type": "pokemon",
      "spawnablePositionType": "grounded",
      "bucket": "common",
      "level": "36-50",
      "weight": 6.0,
      "condition": {
        "canSeeSky": false,
        "biomes": [
          "#cobblemon:is_overworld"
        ],
        "minY": 48
      }
    },
    {
      "id": "claydol-4",
      "pokemon": "claydol",
      "type": "pokemon",
      "spawnablePositionType": "grounded",
      "bucket": "common",
      "level": "36-50",
      "weight": 0.6,
      "condition": {
        "biomes": [
          "the_bumblezone:howling_constructs"
        ],
        "dimensions": [
          "the_bumblezone:the_bumblezone"
        ]
      },
      "anticondition": {
        "structures": [
          "#the_bumblezone:sempiternal_sanctums"
        ]
      }
    },
    {
      "pokemon": "cobblemon:claydol",
      "id": "claydol-skypillar",
      "presets": [
        "sky_pillar"
      ],
      "type": "pokemon",
      "spawnablePositionType": "grounded",
      "bucket": "uncommon",
      "level": "54-56",
      "weight": 1.9,
      "condition": {}
    }
  ]
}
