{"enabled":true,"neededInstalledMods":[],"neededUninstalledMods":[],"spawns":[{"id":"armaldo-1","pokemon":"armaldo","presets":["natural"],"type":"pokemon","spawnablePositionType":"grounded","bucket":"ultra-rare","level":"40-50","weight":4.0,"condition":{"minSkyLight":0,"maxSkyLight":7,"biomes":["#cobblemon:is_lush"]}},{"id":"armaldo-2","pokemon":"armaldo","presets":["water"],"type":"pokemon","spawnablePositionType":"submerged","bucket":"ultra-rare","level":"40-50","weight":4.0,"condition":{"minSkyLight":0,"maxSkyLight":7,"biomes":["#cobblemon:is_lush"]}}]}