{
  "enabled": true,
  "neededInstalledMods": [],
  "neededUninstalledMods": [],
  "spawns": [
    {
      "id": "banette-1",
      "pokemon": "banette",
      "presets": [
        "natural"
      ],
      "type": "pokemon",
      "spawnablePositionType": "grounded",
      "bucket": "common",
      "level": "37-46",
      "weight": 1.0,
      "condition": {
        "minSkyLight": 8,
        "maxSkyLight": 15,
        "biomes": [
          "#cobblemon:is_spooky"
        ],
        "timeRange": "night"
      }
    },
    {
      "id": "banette-2",
      "pokemon": "banette",
      "presets": [
        "natural",
        "urban"
      ],
      "type": "pokemon",
      "spawnablePositionType": "grounded",
      "bucket": "uncommon",
      "level": "37-46",
      "weight": 1.6,
      "condition": {
        "minSkyLight": 8,
        "maxSkyLight": 15,
        "biomes": [
          "#cobblemon:is_overworld"
        ],
        "timeRange": "night"
      }
    },
    {
      "id": "banette-3",
      "pokemon": "banette",
      "presets": [
        "natural"
      ],
      "type": "pokemon",
      "spawnablePositionType": "grounded",
      "bucket": "uncommon",
      "level": "37-46",
      "weight": 1.6,
      "condition": {
        "minSkyLight": 8,
        "maxSkyLight": 15,
        "biomes": [
          "#cobblemon:is_overworld"
        ],
        "timeRange": "night",
        "structures": [
          "#minecraft:village"
        ]
      }
    },
    {
      "id": "banette-4",
      "pokemon": "banette",
      "presets": [
        "mansion"
      ],
      "type": "pokemon",
      "spawnablePositionType": "grounded",
      "bucket": "common",
      "level": "37-46",
      "weight": 1.0,
      "condition": {
        "canSeeSky": false,
        "biomes": [
          "#cobblemon:is_overworld"
        ],
        "timeRange": "night"
      }
    },
    {
      "id": "deeper-banette-1",
      "pokemon": "banette",
      "presets": [
        "deep_dark"
      ],
      "type": "pokemon",
      "spawnablePositionType": "grounded",
      "bucket": "common",
      "level": "37-45",
      "weight": 1.5,
      "condition": {
        "biomes": [
          "deeperdarker:blooming_caverns",
          "deeperdarker:deeplands",
          "deeperdarker:echoing_forest",
          "deeperdarker:overcast_columns"
        ],
        "dimensions": [
          "deeperdarker:otherside"
        ]
      }
    },
    {
      "pokemon": "cobblemon:banette",
      "id": "banette-skypillar",
      "presets": [
        "sky_pillar"
      ],
      "type": "pokemon",
      "spawnablePositionType": "grounded",
      "bucket": "uncommon",
      "level": "54-56",
      "weight": 1.5,
      "condition": {}
    }
  ]
}