{
  "enabled": true,
  "neededInstalledMods": [],
  "neededUninstalledMods": [],
  "spawns": [
    {
      "id": "duskull-1",
      "pokemon": "duskull",
      "presets": [
        "natural"
      ],
      "type": "pokemon",
      "spawnablePositionType": "grounded",
      "bucket": "common",
      "level": "5-30",
      "weight": 5.4,
      "condition": {
        "minSkyLight": 8,
        "maxSkyLight": 15,
        "biomes": [
          "#cobblemon:is_spooky"
        ],
        "timeRange": "night"
      }
    },
    {
      "id": "duskull-2",
      "pokemon": "duskull",
      "presets": [
        "natural"
      ],
      "type": "pokemon",
      "spawnablePositionType": "grounded",
      "bucket": "common",
      "level": "5-30",
      "weight": 9.0,
      "condition": {
        "biomes": [
          "#cobblemon:nether/is_soul_sand"
        ]
      }
    },
    {
      "id": "deeper-duskull-1",
      "pokemon": "duskull",
      "presets": [
        "deep_dark"
      ],
      "type": "pokemon",
      "spawnablePositionType": "grounded",
      "bucket": "uncommon",
      "level": "11-34",
      "weight": 5.4,
      "condition": {
        "biomes": [
          "deeperdarker:deeplands",
          "deeperdarker:echoing_forest"
        ],
        "dimensions": [
          "deeperdarker:otherside"
        ]
      }
    }
  ]
}