{
  "enabled": true,
  "neededInstalledMods": [],
  "neededUninstalledMods": [],
  "spawns": [
    {
      "id": "absol-1",
      "pokemon": "absol",
      "presets": [
        "natural",
        "wild"
      ],
      "type": "pokemon",
      "spawnablePositionType": "grounded",
      "bucket": "rare",
      "level": "22-47",
      "weight": 10.0,
      "condition": {
        "minSkyLight": 8,
        "maxSkyLight": 15,
        "biomes": [
          "#cobblemon:is_mountain",
          "#cobblemon:is_snowy_forest",
          "#cobblemon:is_taiga"
        ]
      },
      "anticondition": {
        "biomes": [
          "#cobblemon:is_volcanic"
        ]
      }
    },
    {
      "id": "aether_absol_1",
      "pokemon": "absol",
      "presets": [
        "natural"
      ],
      "type": "pokemon",
      "context": "grounded",
      "bucket": "uncommon",
      "level": "40-80",
      "weight": 10.0,
      "condition": {
        "biomes": [
          "aether:skyroot_meadow"
        ],
        "dimensions": [
          "aether:the_aether"
        ]
      }
    }
  ]
}
