{"enabled":true,"neededInstalledMods":[],"neededUninstalledMods":[],"spawns":[{"id":"spheal-1","pokemon":"spheal","presets":["natural"],"type":"pokemon","spawnablePositionType":"grounded","bucket":"common","level":"4-29","weight":5.4,"condition":{"minSkyLight":8,"maxSkyLight":15,"biomes":["#cobblemon:is_frozen_ocean"]}},{"id":"spheal-2","pokemon":"spheal","presets":["water"],"type":"pokemon","spawnablePositionType":"submerged","bucket":"common","level":"4-29","weight":5.4,"condition":{"canSeeSky":true,"biomes":["#cobblemon:is_frozen_ocean"]}},{"id":"spheal-3","pokemon":"spheal","type":"pokemon","spawnablePositionType":"fishing","bucket":"common","level":"4-29","weight":1.8,"weightMultipliers":[{"multiplier":3.0,"condition":{"minLureLevel":2,"maxLureLevel":2}},{"multiplier":5.0,"condition":{"minLureLevel":3}}],"condition":{"canSeeSky":true,"biomes":["#cobblemon:is_cold_ocean","#cobblemon:is_frozen_ocean"]}},{"id":"spheal-4","pokemon":"spheal","presets":["water"],"type":"pokemon","spawnablePositionType":"submerged","bucket":"common","level":"4-29","weight":5.4,"condition":{"canSeeSky":false,"minSkyLight":8,"maxSkyLight":15,"biomes":["#cobblemon:is_frozen_ocean"]}},{"id":"spheal-5","pokemon":"spheal","type":"pokemon","spawnablePositionType":"fishing","bucket":"common","level":"4-29","weight":1.8,"weightMultipliers":[{"multiplier":3.0,"condition":{"minLureLevel":2,"maxLureLevel":2}},{"multiplier":5.0,"condition":{"minLureLevel":3}}],"condition":{"canSeeSky":false,"minSkyLight":8,"maxSkyLight":15,"biomes":["#cobblemon:is_cold_ocean","#cobblemon:is_frozen_ocean"]}}]}