{"enabled":true,"neededInstalledMods":[],"neededUninstalledMods":[],"spawns":[{"id":"sealeo-1","pokemon":"sealeo","presets":["natural"],"type":"pokemon","spawnablePositionType":"grounded","bucket":"common","level":"32-41","weight":0.54,"condition":{"minSkyLight":8,"maxSkyLight":15,"biomes":["#cobblemon:is_frozen_ocean"]}},{"id":"sealeo-2","pokemon":"sealeo","presets":["water"],"type":"pokemon","spawnablePositionType":"submerged","bucket":"common","level":"32-41","weight":0.54,"condition":{"canSeeSky":true,"biomes":["#cobblemon:is_frozen_ocean"]}},{"id":"sealeo-3","pokemon":"sealeo","type":"pokemon","spawnablePositionType":"fishing","bucket":"common","level":"32-41","weight":0.18,"weightMultipliers":[{"multiplier":3.0,"condition":{"minLureLevel":2,"maxLureLevel":2}},{"multiplier":5.0,"condition":{"minLureLevel":3}}],"condition":{"canSeeSky":true,"biomes":["#cobblemon:is_cold_ocean","#cobblemon:is_frozen_ocean"]}},{"id":"sealeo-4","pokemon":"sealeo","presets":["water"],"type":"pokemon","spawnablePositionType":"submerged","bucket":"common","level":"32-41","weight":0.54,"condition":{"canSeeSky":false,"minSkyLight":8,"maxSkyLight":15,"biomes":["#cobblemon:is_frozen_ocean"]}},{"id":"sealeo-5","pokemon":"sealeo","type":"pokemon","spawnablePositionType":"fishing","bucket":"common","level":"32-41","weight":0.18,"weightMultipliers":[{"multiplier":3.0,"condition":{"minLureLevel":2,"maxLureLevel":2}},{"multiplier":5.0,"condition":{"minLureLevel":3}}],"condition":{"canSeeSky":false,"minSkyLight":8,"maxSkyLight":15,"biomes":["#cobblemon:is_cold_ocean","#cobblemon:is_frozen_ocean"]}}]}