{"enabled":true,"neededInstalledMods":[],"neededUninstalledMods":[],"spawns":[{"id":"walrein-1","pokemon":"walrein","presets":["natural"],"type":"pokemon","spawnablePositionType":"grounded","bucket":"common","level":"44-53","weight":0.06,"condition":{"minSkyLight":8,"maxSkyLight":15,"biomes":["#cobblemon:is_frozen_ocean"]}},{"id":"walrein-2","pokemon":"walrein","presets":["water"],"type":"pokemon","spawnablePositionType":"submerged","bucket":"common","level":"44-53","weight":0.06,"condition":{"canSeeSky":true,"biomes":["#cobblemon:is_frozen_ocean"]}},{"id":"walrein-3","pokemon":"walrein","type":"pokemon","spawnablePositionType":"fishing","bucket":"common","level":"44-53","weight":0.02,"weightMultipliers":[{"multiplier":3.0,"condition":{"minLureLevel":2,"maxLureLevel":2}},{"multiplier":5.0,"condition":{"minLureLevel":3}}],"condition":{"canSeeSky":true,"biomes":["#cobblemon:is_cold_ocean","#cobblemon:is_frozen_ocean"]}},{"id":"walrein-4","pokemon":"walrein","presets":["water"],"type":"pokemon","spawnablePositionType":"submerged","bucket":"common","level":"44-53","weight":0.06,"condition":{"canSeeSky":false,"minSkyLight":8,"maxSkyLight":15,"biomes":["#cobblemon:is_frozen_ocean"]}},{"id":"walrein-5","pokemon":"walrein","type":"pokemon","spawnablePositionType":"fishing","bucket":"common","level":"44-53","weight":0.02,"weightMultipliers":[{"multiplier":3.0,"condition":{"minLureLevel":2,"maxLureLevel":2}},{"multiplier":5.0,"condition":{"minLureLevel":3}}],"condition":{"canSeeSky":false,"minSkyLight":8,"maxSkyLight":15,"biomes":["#cobblemon:is_cold_ocean","#cobblemon:is_frozen_ocean"]}}]}