{"enabled":true,"neededInstalledMods":[],"neededUninstalledMods":[],"spawns":[{"id":"huntail-1","pokemon":"huntail","presets":["water"],"type":"pokemon","spawnablePositionType":"submerged","bucket":"uncommon","level":"30-49","weight":0.4,"condition":{"canSeeSky":true,"biomes":["#cobblemon:is_deep_ocean"],"maxY":48}},{"id":"huntail-2","pokemon":"huntail","presets":["water"],"type":"pokemon","spawnablePositionType":"submerged","bucket":"rare","level":"30-49","weight":0.625,"condition":{"canSeeSky":true,"biomes":["#cobblemon:is_warm_ocean"]}},{"id":"huntail-3","pokemon":"huntail","type":"pokemon","spawnablePositionType":"fishing","bucket":"rare","level":"30-49","weight":0.375,"condition":{"canSeeSky":true,"biomes":["#cobblemon:is_ocean"]}},{"id":"huntail-4","pokemon":"huntail","presets":["water"],"type":"pokemon","spawnablePositionType":"submerged","bucket":"uncommon","level":"30-49","weight":0.4,"condition":{"canSeeSky":false,"minSkyLight":8,"maxSkyLight":15,"biomes":["#cobblemon:is_deep_ocean"],"maxY":48}},{"id":"huntail-5","pokemon":"huntail","presets":["water"],"type":"pokemon","spawnablePositionType":"submerged","bucket":"rare","level":"30-49","weight":0.625,"condition":{"canSeeSky":false,"minSkyLight":8,"maxSkyLight":15,"biomes":["#cobblemon:is_warm_ocean"]}},{"id":"huntail-6","pokemon":"huntail","type":"pokemon","spawnablePositionType":"fishing","bucket":"rare","level":"30-49","weight":0.375,"condition":{"canSeeSky":false,"minSkyLight":8,"maxSkyLight":15,"biomes":["#cobblemon:is_ocean"]}},{"id":"huntail-7","pokemon":"huntail","presets":["water"],"type":"pokemon","spawnablePositionType":"submerged","bucket":"uncommon","level":"30-49","weight":0.4,"condition":{"canSeeSky":false,"biomes":["#cobblemon:is_overworld"],"structures":["cobblemon:shipwreck_coves/submerged_shipwreck_cove"],"minY":-60,"maxY":13}},{"id":"huntail-8","pokemon":"huntail","type":"pokemon","spawnablePositionType":"fishing","bucket":"rare","level":"30-49","weight":0.375,"condition":{"canSeeSky":false,"biomes":["#cobblemon:is_overworld"],"structures":["cobblemon:shipwreck_coves/submerged_shipwreck_cove"],"minY":-60,"maxY":13}}]}