{
  "enabled": true,
  "neededInstalledMods": [],
  "neededUninstalledMods": [],
  "spawns": [
    {
      "id": "salamence-1",
      "pokemon": "salamence",
      "presets": [
        "natural",
        "wild"
      ],
      "type": "pokemon",
      "spawnablePositionType": "grounded",
      "bucket": "ultra-rare",
      "level": "50-60",
      "weight": 0.4,
      "condition": {
        "minSkyLight": 8,
        "maxSkyLight": 15,
        "biomes": [
          "#cobblemon:is_peak",
          "#cobblemon:is_sky"
        ]
      },
      "anticondition": {
        "biomes": [
          "#cobblemon:is_freezing"
        ]
      }
    },
    {
      "id": "salamence-2",
      "pokemon": "salamence",
      "presets": [
        "natural",
        "wild"
      ],
      "type": "pokemon",
      "spawnablePositionType": "grounded",
      "bucket": "ultra-rare",
      "level": "50-60",
      "weight": 0.4,
      "condition": {
        "minSkyLight": 8,
        "maxSkyLight": 15,
        "biomes": [
          "#cobblemon:is_dripstone"
        ]
      }
    },
    {
      "id": "salamence-3",
      "pokemon": "salamence",
      "presets": [
        "natural"
      ],
      "type": "pokemon",
      "spawnablePositionType": "grounded",
      "bucket": "rare",
      "level": "50-60",
      "weight": 0.25,
      "condition": {
        "minSkyLight": 0,
        "maxSkyLight": 7,
        "biomes": [
          "#cobblemon:is_dripstone"
        ]
      }
    },
    {
      "id": "salamence-3-aether",
      "pokemon": "salamence",
      "presets": [
        "natural"
      ],
      "type": "pokemon",
      "spawnablePositionType": "grounded",
      "bucket": "rare",
      "level": "50-60",
      "weight": 0.25,
      "condition": {
        "minSkyLight": 0,
        "maxSkyLight": 7,
        "biomes": [
          "#aether:is_aether"
        ],
        "dimensions": [
          "aether:the_aether"
        ]
      }
    },
    {
      "id": "salamence-4",
      "pokemon": "salamence",
      "presets": [
        "natural",
        "wild"
      ],
      "type": "pokemon",
      "spawnablePositionType": "grounded",
      "bucket": "ultra-rare",
      "level": "45-60",
      "weight": 3.4,
      "condition": {
        "minSkyLight": 0,
        "maxSkyLight": 15,
        "biomes": [
          "aether:skyroot_meadow",
          "aether:skyroot_grove",
          "aether:skyroot_woodland",
          "aether:skyroot_forest"
        ],
        "dimensions": [
          "aether:the_aether"
        ]
      }
    },
    {
      "id": "salamence-4",
      "pokemon": "salamence",
      "presets": [
        "natural",
        "wild"
      ],
      "type": "pokemon",
      "context": "grounded",
      "bucket": "ultra-rare",
      "level": "45-60",
      "weight": 3.4,
      "condition": {
        "minSkyLight": 0,
        "maxSkyLight": 15,
        "biomes": [
          "aether:skyroot_meadow",
          "aether:skyroot_grove",
          "aether:skyroot_woodland",
          "aether:skyroot_forest"
        ],
        "dimensions": [
          "aether:the_aether"
        ]
      }
    }
  ]
}
