{"enabled":true,"neededInstalledMods":[],"neededUninstalledMods":[],"spawns":[{"id":"chimchar-1","pokemon":"chimchar","presets":["natural","treetop"],"type":"pokemon","spawnablePositionType":"grounded","bucket":"ultra-rare","level":"5-31","weight":6.0,"condition":{"minSkyLight":8,"maxSkyLight":15,"biomes":["#cobblemon:is_mountain"],"isRaining":false}},{"id":"chimchar-2","pokemon":"chimchar","presets":["natural","treetop"],"type":"pokemon","spawnablePositionType":"grounded","bucket":"ultra-rare","level":"5-31","weight":6.0,"condition":{"biomes":["#cobblemon:nether/is_forest"]}}]}