{"enabled":true,"neededInstalledMods":[],"neededUninstalledMods":[],"spawns":[{"id":"infernape-1","pokemon":"infernape","presets":["natural","treetop"],"type":"pokemon","spawnablePositionType":"grounded","bucket":"ultra-rare","level":"36-53","weight":0.4,"condition":{"minSkyLight":8,"maxSkyLight":15,"biomes":["#cobblemon:is_mountain"],"isRaining":false},"anticondition":{"biomes":["#cobblemon:is_volcanic"]}},{"id":"infernape-2","pokemon":"infernape","presets":["natural","treetop"],"type":"pokemon","spawnablePositionType":"grounded","bucket":"ultra-rare","level":"36-53","weight":0.4,"condition":{"biomes":["#cobblemon:nether/is_forest"]}}]}