{"enabled":true,"neededInstalledMods":[],"neededUninstalledMods":[],"spawns":[{"id":"piplup-1","pokemon":"piplup","presets":["natural"],"type":"pokemon","spawnablePositionType":"grounded","bucket":"ultra-rare","level":"5-31","weight":6.0,"condition":{"minSkyLight":8,"maxSkyLight":15,"biomes":["#cobblemon:is_frozen_ocean"]}},{"id":"piplup-2","pokemon":"piplup","presets":["water"],"type":"pokemon","spawnablePositionType":"submerged","bucket":"ultra-rare","level":"5-31","weight":6.0,"condition":{"canSeeSky":true,"biomes":["#cobblemon:is_frozen_ocean"]}},{"id":"piplup-3","pokemon":"piplup","type":"pokemon","spawnablePositionType":"fishing","bucket":"ultra-rare","level":"5-31","weight":6.0,"condition":{"canSeeSky":true,"biomes":["#cobblemon:is_cold_ocean","#cobblemon:is_frozen_ocean","minecraft:frozen_river","#cobblemon:is_glacial","#cobblemon:is_tundra"]}},{"id":"piplup-4","pokemon":"piplup","presets":["water"],"type":"pokemon","spawnablePositionType":"submerged","bucket":"ultra-rare","level":"5-31","weight":6.0,"condition":{"canSeeSky":false,"minSkyLight":8,"maxSkyLight":15,"biomes":["#cobblemon:is_frozen_ocean"]}},{"id":"piplup-5","pokemon":"piplup","type":"pokemon","spawnablePositionType":"fishing","bucket":"ultra-rare","level":"5-31","weight":6.0,"condition":{"canSeeSky":false,"minSkyLight":8,"maxSkyLight":15,"biomes":["#cobblemon:is_cold_ocean","#cobblemon:is_frozen_ocean","minecraft:frozen_river","#cobblemon:is_glacial","#cobblemon:is_tundra"]}}]}