{"enabled":true,"neededInstalledMods":[],"neededUninstalledMods":[],"spawns":[{"id":"empoleon-1","pokemon":"empoleon","presets":["natural"],"type":"pokemon","spawnablePositionType":"grounded","bucket":"ultra-rare","level":"36-53","weight":0.4,"condition":{"minSkyLight":8,"maxSkyLight":15,"biomes":["#cobblemon:is_frozen_ocean"]}},{"id":"empoleon-2","pokemon":"empoleon","presets":["water"],"type":"pokemon","spawnablePositionType":"submerged","bucket":"ultra-rare","level":"36-53","weight":0.4,"condition":{"canSeeSky":true,"biomes":["#cobblemon:is_frozen_ocean"]}},{"id":"empoleon-3","pokemon":"empoleon","type":"pokemon","spawnablePositionType":"fishing","bucket":"ultra-rare","level":"36-53","weight":0.4,"condition":{"canSeeSky":true,"biomes":["#cobblemon:is_cold_ocean","#cobblemon:is_frozen_ocean","minecraft:frozen_river","#cobblemon:is_glacial","#cobblemon:is_tundra"]}},{"id":"empoleon-4","pokemon":"empoleon","presets":["water"],"type":"pokemon","spawnablePositionType":"submerged","bucket":"ultra-rare","level":"36-53","weight":0.4,"condition":{"canSeeSky":false,"minSkyLight":8,"maxSkyLight":15,"biomes":["#cobblemon:is_frozen_ocean"]}},{"id":"empoleon-5","pokemon":"empoleon","type":"pokemon","spawnablePositionType":"fishing","bucket":"ultra-rare","level":"36-53","weight":0.4,"condition":{"canSeeSky":false,"minSkyLight":8,"maxSkyLight":15,"biomes":["#cobblemon:is_cold_ocean","#cobblemon:is_frozen_ocean","minecraft:frozen_river","#cobblemon:is_glacial","#cobblemon:is_tundra"]}}]}