{"enabled":true,"neededInstalledMods":[],"neededUninstalledMods":[],"spawns":[{"id":"bibarel-1","pokemon":"bibarel","presets":["natural"],"type":"pokemon","spawnablePositionType":"grounded","bucket":"common","level":"15-41","weight":1.0,"condition":{"minSkyLight":8,"maxSkyLight":15,"biomes":["#cobblemon:is_freshwater"]},"anticondition":{"biomes":["#cobblemon:is_freezing"]}},{"id":"bibarel-2","pokemon":"bibarel","presets":["natural"],"type":"pokemon","spawnablePositionType":"grounded","bucket":"uncommon","level":"15-41","weight":1.6,"condition":{"minSkyLight":8,"maxSkyLight":15,"biomes":["#cobblemon:is_forest","#cobblemon:is_taiga"],"neededNearbyBlocks":["minecraft:water"]}},{"id":"bibarel-3","pokemon":"bibarel","presets":["water"],"type":"pokemon","spawnablePositionType":"surface","bucket":"uncommon","level":"15-41","weight":1.6,"condition":{"minSkyLight":8,"maxSkyLight":15,"biomes":["#cobblemon:is_forest","#cobblemon:is_freshwater","#cobblemon:is_taiga"]}},{"id":"bibarel-4","pokemon":"bibarel","type":"pokemon","spawnablePositionType":"fishing","bucket":"common","level":"15-41","weight":1.0,"weightMultiplier":{"multiplier":0.6,"condition":{"minLureLevel":0,"maxLureLevel":1}},"condition":{"canSeeSky":true,"biomes":["#cobblemon:is_forest","#cobblemon:is_freshwater","#cobblemon:is_snowy_forest","#cobblemon:is_taiga"]}},{"id":"bibarel-5","pokemon":"bibarel","type":"pokemon","spawnablePositionType":"fishing","bucket":"common","level":"15-41","weight":1.0,"weightMultiplier":{"multiplier":0.6,"condition":{"minLureLevel":0,"maxLureLevel":1}},"condition":{"canSeeSky":false,"minSkyLight":8,"maxSkyLight":15,"biomes":["#cobblemon:is_forest","#cobblemon:is_freshwater","#cobblemon:is_snowy_forest","#cobblemon:is_taiga"]}}]}