{
  "enabled": true,
  "neededInstalledMods": [],
  "neededUninstalledMods": [],
  "spawns": [
    {
      "id": "luxio-1",
      "pokemon": "luxio",
      "presets": [
        "natural",
        "wild"
      ],
      "type": "pokemon",
      "spawnablePositionType": "grounded",
      "bucket": "uncommon",
      "level": "15-36",
      "weight": 1.44,
      "condition": {
        "minSkyLight": 8,
        "maxSkyLight": 15,
        "biomes": [
          "#cobblemon:is_desert",
          "#cobblemon:is_savanna"
        ]
      }
    },
    {
      "id": "luxio-2",
      "pokemon": "luxio",
      "presets": [
        "natural",
        "wild"
      ],
      "type": "pokemon",
      "spawnablePositionType": "grounded",
      "bucket": "rare",
      "level": "35-40",
      "weight": 5.4,
      "condition": {
        "minSkyLight": 0,
        "maxSkyLight": 15,
        "biomes": [
          "aether:skyroot_meadow",
          "aether:skyroot_grove",
          "aether:skyroot_woodland",
          "aether:skyroot_forest"
        ],
        "dimensions": [
          "aether:the_aether"
        ]
      }
    },
    {
      "id": "luxio-2",
      "pokemon": "luxio",
      "presets": [
        "natural",
        "wild"
      ],
      "type": "pokemon",
      "context": "grounded",
      "bucket": "rare",
      "level": "35-40",
      "weight": 5.4,
      "condition": {
        "minSkyLight": 0,
        "maxSkyLight": 15,
        "biomes": [
          "aether:skyroot_meadow",
          "aether:skyroot_grove",
          "aether:skyroot_woodland",
          "aether:skyroot_forest"
        ],
        "dimensions": [
          "aether:the_aether"
        ]
      }
    }
  ]
}
