{
  "enabled": true,
  "neededInstalledMods": [],
  "neededUninstalledMods": [],
  "spawns": [
    {
      "id": "budew-1",
      "pokemon": "budew",
      "presets": [
        "natural"
      ],
      "type": "pokemon",
      "spawnablePositionType": "grounded",
      "bucket": "common",
      "level": "3-28",
      "weight": 9.0,
      "condition": {
        "minSkyLight": 8,
        "maxSkyLight": 15,
        "biomes": [
          "#cobblemon:is_floral"
        ]
      }
    },
    {
      "id": "budew-1-aether",
      "pokemon": "budew",
      "presets": [
        "natural"
      ],
      "type": "pokemon",
      "spawnablePositionType": "grounded",
      "bucket": "common",
      "level": "3-28",
      "weight": 9.0,
      "condition": {
        "minSkyLight": 8,
        "maxSkyLight": 15,
        "biomes": [
          "#aether:is_aether"
        ],
        "dimensions": [
          "aether:the_aether"
        ]
      }
    },
    {
      "id": "budew-2",
      "pokemon": "budew",
      "type": "pokemon",
      "spawnablePositionType": "grounded",
      "bucket": "common",
      "level": "3-28",
      "weight": 9.0,
      "condition": {
        "biomes": [
          "the_bumblezone:floral_meadow"
        ],
        "dimensions": [
          "the_bumblezone:the_bumblezone"
        ]
      },
      "anticondition": {
        "structures": [
          "#the_bumblezone:sempiternal_sanctums"
        ]
      }
    },
    {
      "id": "aether_budew_1",
      "pokemon": "budew",
      "presets": [
        "natural"
      ],
      "type": "pokemon",
      "context": "grounded",
      "bucket": "uncommon",
      "level": "40-80",
      "weight": 10.0,
      "condition": {
        "biomes": [
          "aether:skyroot_grove"
        ],
        "dimensions": [
          "aether:the_aether"
        ]
      }
    }
  ]
}
