{
  "enabled": true,
  "neededInstalledMods": [],
  "neededUninstalledMods": [],
  "spawns": [
    {
      "id": "pachirisu-1",
      "pokemon": "pachirisu",
      "presets": [
        "natural",
        "treetop"
      ],
      "type": "pokemon",
      "spawnablePositionType": "grounded",
      "bucket": "uncommon",
      "level": "16-41",
      "weight": 10.0,
      "weightMultiplier": {
        "multiplier": 5.0,
        "condition": {
          "isThundering": true
        }
      },
      "condition": {
        "minSkyLight": 8,
        "maxSkyLight": 15,
        "biomes": [
          "#cobblemon:is_forest"
        ]
      },
      "anticondition": {
        "biomes": [
          "#cobblemon:is_spooky"
        ]
      }
    },
    {
      "id": "pachirisu-1-aether",
      "pokemon": "pachirisu",
      "presets": [
        "natural",
        "treetop"
      ],
      "type": "pokemon",
      "spawnablePositionType": "grounded",
      "bucket": "uncommon",
      "level": "16-41",
      "weight": 10.0,
      "weightMultiplier": {
        "multiplier": 5.0,
        "condition": {
          "isThundering": true
        }
      },
      "condition": {
        "minSkyLight": 8,
        "maxSkyLight": 15,
        "biomes": [
          "aether:skyroot_forest",
          "aether:skyroot_woodland"
        ],
        "dimensions": [
          "aether:the_aether"
        ]
      },
      "anticondition": {
        "biomes": [
          "#cobblemon:is_spooky"
        ]
      }
    }
  ]
}
