{"enabled":true,"neededInstalledMods":[],"neededUninstalledMods":[],"spawns":[{"id":"buizel-1","pokemon":"buizel","presets":["natural"],"type":"pokemon","spawnablePositionType":"grounded","bucket":"common","level":"8-33","weight":1.8,"condition":{"minSkyLight":8,"maxSkyLight":15,"biomes":["#cobblemon:is_freshwater"]},"anticondition":{"biomes":["#cobblemon:is_freezing"]}},{"id":"buizel-2","pokemon":"buizel","presets":["water"],"type":"pokemon","spawnablePositionType":"submerged","bucket":"common","level":"8-33","weight":1.8,"condition":{"minSkyLight":8,"maxSkyLight":15,"biomes":["#cobblemon:is_freshwater"]},"anticondition":{"biomes":["#cobblemon:is_freezing"]}},{"id":"buizel-3","pokemon":"buizel","presets":["water"],"type":"pokemon","spawnablePositionType":"surface","bucket":"uncommon","level":"8-33","weight":1.68,"condition":{"minSkyLight":8,"maxSkyLight":15,"biomes":["#cobblemon:is_freshwater"]},"anticondition":{"biomes":["#cobblemon:is_freezing"]}},{"id":"buizel-4","pokemon":"buizel","type":"pokemon","spawnablePositionType":"fishing","bucket":"common","level":"8-33","weight":1.8,"weightMultipliers":[{"multiplier":3.0,"condition":{"minLureLevel":2,"maxLureLevel":2}},{"multiplier":5.0,"condition":{"minLureLevel":3}}],"condition":{"minSkyLight":8,"maxSkyLight":15,"biomes":["#cobblemon:is_forest","#cobblemon:is_freshwater","#cobblemon:is_grassland","#cobblemon:is_hills","#cobblemon:is_jungle","#cobblemon:is_taiga"]},"anticondition":{"biomes":["#cobblemon:is_freezing"]}}]}