{"enabled":true,"neededInstalledMods":[],"neededUninstalledMods":[],"spawns":[{"id":"floatzel-1","pokemon":"floatzel","presets":["natural"],"type":"pokemon","spawnablePositionType":"grounded","bucket":"common","level":"26-50","weight":0.2,"condition":{"minSkyLight":8,"maxSkyLight":15,"biomes":["#cobblemon:is_freshwater"]},"anticondition":{"biomes":["#cobblemon:is_freezing"]}},{"id":"floatzel-2","pokemon":"floatzel","presets":["water"],"type":"pokemon","spawnablePositionType":"submerged","bucket":"common","level":"26-50","weight":0.2,"condition":{"minSkyLight":8,"maxSkyLight":15,"biomes":["#cobblemon:is_freshwater"]},"anticondition":{"biomes":["#cobblemon:is_freezing"]}},{"id":"floatzel-3","pokemon":"floatzel","presets":["water"],"type":"pokemon","spawnablePositionType":"surface","bucket":"uncommon","level":"26-50","weight":0.32,"condition":{"minSkyLight":8,"maxSkyLight":15,"biomes":["#cobblemon:is_freshwater"]},"anticondition":{"biomes":["#cobblemon:is_freezing"]}},{"id":"floatzel-4","pokemon":"floatzel","type":"pokemon","spawnablePositionType":"fishing","bucket":"common","level":"26-50","weight":0.2,"weightMultipliers":[{"multiplier":3.0,"condition":{"minLureLevel":2,"maxLureLevel":2}},{"multiplier":5.0,"condition":{"minLureLevel":3}}],"condition":{"minSkyLight":8,"maxSkyLight":15,"biomes":["#cobblemon:is_forest","#cobblemon:is_freshwater","#cobblemon:is_grassland","#cobblemon:is_hills","#cobblemon:is_jungle","#cobblemon:is_taiga"]},"anticondition":{"biomes":["#cobblemon:is_freezing"]}}]}