{
  "enabled": "true",
  "neededInstalledMods": [],
  "neededUninstalledMods": [],
  "spawns": [
    {
      "id": "cherubi-1",
      "pokemon": "cherubi",
      "type": "pokemon",
      "spawnablePositionType": "grounded",
      "bucket": "common",
      "level": "4-25",
      "weight": 2.0,
      "condition": {
        "canSeeSky": true,
        "biomes": [
          "#cobblemon:is_forest",
          "#cobblemon:is_jungle",
          "#cobblemon:is_taiga"
        ]
      }
    }
  ]
}