{"enabled":true,"neededInstalledMods":[],"neededUninstalledMods":[],"spawns":[{"id":"shellos-east-1","pokemon":"shellos sea=east","presets":["natural"],"type":"pokemon","spawnablePositionType":"grounded","bucket":"uncommon","level":"8-33","weight":8.4,"condition":{"minSkyLight":8,"maxSkyLight":15,"biomes":["#cobblemon:is_beach"],"isRaining":true,"minX":0}},{"id":"shellos-east-2","pokemon":"shellos sea=east","presets":["water"],"type":"pokemon","spawnablePositionType":"seafloor","bucket":"common","level":"8-33","weight":5.4,"condition":{"canSeeSky":true,"biomes":["#cobblemon:is_cold_ocean","#cobblemon:is_frozen_ocean"],"minX":0}},{"id":"shellos-east-3","pokemon":"shellos sea=east","type":"pokemon","spawnablePositionType":"fishing","bucket":"common","level":"8-33","weight":9.0,"weightMultiplier":{"multiplier":0.6,"condition":{"minLureLevel":0,"maxLureLevel":1}},"condition":{"canSeeSky":true,"biomes":["#cobblemon:is_cold_ocean","#cobblemon:is_frozen_ocean"],"minX":0}},{"id":"shellos-west-4","pokemon":"shellos sea=west","presets":["natural"],"type":"pokemon","spawnablePositionType":"grounded","bucket":"uncommon","level":"8-33","weight":8.4,"condition":{"minSkyLight":8,"maxSkyLight":15,"biomes":["#cobblemon:is_beach"],"isRaining":true,"maxX":0},"anticondition":{"biomes":["#cobblemon:is_freezing"]}},{"id":"shellos-west-5","pokemon":"shellos sea=west","presets":["water"],"type":"pokemon","spawnablePositionType":"seafloor","bucket":"common","level":"8-33","weight":5.4,"condition":{"canSeeSky":true,"biomes":["#cobblemon:is_lukewarm_ocean","#cobblemon:is_warm_ocean"],"maxX":0}},{"id":"shellos-west-6","pokemon":"shellos sea=west","type":"pokemon","spawnablePositionType":"fishing","bucket":"common","level":"8-33","weight":9.0,"weightMultiplier":{"multiplier":0.6,"condition":{"minLureLevel":0,"maxLureLevel":1}},"condition":{"canSeeSky":true,"biomes":["#cobblemon:is_lukewarm_ocean","#cobblemon:is_warm_ocean"],"maxX":0}},{"id":"shellos-east-7","pokemon":"shellos sea=east","type":"pokemon","spawnablePositionType":"fishing","bucket":"common","level":"8-33","weight":9.0,"weightMultiplier":{"multiplier":0.6,"condition":{"minLureLevel":0,"maxLureLevel":1}},"condition":{"canSeeSky":false,"minSkyLight":8,"maxSkyLight":15,"biomes":["#cobblemon:is_cold_ocean","#cobblemon:is_frozen_ocean"],"minX":0}},{"id":"shellos-west-8","pokemon":"shellos sea=west","type":"pokemon","spawnablePositionType":"fishing","bucket":"common","level":"8-33","weight":9.0,"weightMultiplier":{"multiplier":0.6,"condition":{"minLureLevel":0,"maxLureLevel":1}},"condition":{"canSeeSky":false,"minSkyLight":8,"maxSkyLight":15,"biomes":["#cobblemon:is_lukewarm_ocean","#cobblemon:is_warm_ocean"],"maxX":0}}]}