{"enabled":true,"neededInstalledMods":[],"neededUninstalledMods":[],"spawns":[{"id":"ambipom-1","pokemon":"ambipom","presets":["natural","treetop"],"type":"pokemon","spawnablePositionType":"grounded","bucket":"common","level":"32-48","weight":0.6,"condition":{"minSkyLight":8,"maxSkyLight":15,"biomes":["#cobblemon:is_jungle","#cobblemon:is_tropical_island"]}},{"id":"ambipom-2","pokemon":"ambipom","type":"pokemon","spawnablePositionType":"grounded","bucket":"common","level":"32-48","weight":0.6,"condition":{"minSkyLight":0,"maxSkyLight":7,"biomes":["#cobblemon:is_overworld"],"structures":["cobblemon:shipwreck_coves/lush_shipwreck_cove"],"minY":-41,"maxY":9}}]}