{"enabled":true,"neededInstalledMods":[],"neededUninstalledMods":[],"spawns":[{"id":"drifloon-1","pokemon":"drifloon","presets":["natural"],"type":"pokemon","spawnablePositionType":"grounded","bucket":"uncommon","level":"10-35","weight":5.04,"condition":{"minSkyLight":8,"maxSkyLight":15,"biomes":["#cobblemon:is_overworld"],"timeRange":"night","isRaining":false},"anticondition":{"biomes":["#cobblemon:is_arid","#cobblemon:is_freezing"]}},{"id":"drifloon-2","pokemon":"drifloon","presets":["natural"],"type":"pokemon","spawnablePositionType":"grounded","bucket":"common","level":"10-35","weight":9.0,"condition":{"minSkyLight":8,"maxSkyLight":15,"biomes":["#cobblemon:is_sky"],"timeRange":"night","isRaining":false}}]}