{"enabled":true,"neededInstalledMods":[],"neededUninstalledMods":[],"spawns":[{"id":"drifblim-1","pokemon":"drifblim","presets":["natural"],"type":"pokemon","spawnablePositionType":"grounded","bucket":"uncommon","level":"28-50","weight":0.96,"condition":{"minSkyLight":8,"maxSkyLight":15,"biomes":["#cobblemon:is_overworld"],"timeRange":"night","isRaining":false},"anticondition":{"biomes":["#cobblemon:is_arid","#cobblemon:is_freezing"]}},{"id":"drifblim-2","pokemon":"drifblim","presets":["natural"],"type":"pokemon","spawnablePositionType":"grounded","bucket":"common","level":"28-50","weight":1.0,"condition":{"minSkyLight":8,"maxSkyLight":15,"biomes":["#cobblemon:is_sky"],"timeRange":"night","isRaining":false}}]}