{"enabled":true,"neededInstalledMods":[],"neededUninstalledMods":[],"spawns":[{"id":"glameow-1","pokemon":"glameow","presets":["natural","urban"],"type":"pokemon","spawnablePositionType":"grounded","bucket":"common","level":"6-31","weight":9.0,"weightMultiplier":{"multiplier":1.5,"condition":{"timeRange":"night"}},"condition":{"minSkyLight":8,"maxSkyLight":15,"biomes":["#cobblemon:is_overworld"],"isRaining":false},"anticondition":{"biomes":["#cobblemon:is_arid","#cobblemon:is_freezing"]}},{"id":"glameow-2","pokemon":"glameow","presets":["natural"],"type":"pokemon","spawnablePositionType":"grounded","bucket":"common","level":"6-31","weight":9.0,"weightMultiplier":{"multiplier":1.5,"condition":{"timeRange":"night"}},"condition":{"minSkyLight":8,"maxSkyLight":15,"biomes":["#cobblemon:is_overworld"],"isRaining":false,"structures":["#minecraft:village"]},"anticondition":{"biomes":["#cobblemon:is_arid","#cobblemon:is_freezing"]}},{"id":"glameow-3","pokemon":"glameow","presets":["natural","urban"],"type":"pokemon","spawnablePositionType":"grounded","bucket":"common","level":"6-31","weight":9.0,"weightMultiplier":{"multiplier":1.5,"condition":{"timeRange":"night"}},"condition":{"minSkyLight":8,"maxSkyLight":15,"biomes":["#cobblemon:is_arid","#cobblemon:is_freezing"]}},{"id":"glameow-4","pokemon":"glameow","presets":["natural"],"type":"pokemon","spawnablePositionType":"grounded","bucket":"common","level":"6-31","weight":9.0,"weightMultiplier":{"multiplier":1.5,"condition":{"timeRange":"night"}},"condition":{"minSkyLight":8,"maxSkyLight":15,"biomes":["#cobblemon:is_arid","#cobblemon:is_freezing"],"structures":["#minecraft:village"]}},{"id":"glameow-5","pokemon":"glameow","presets":["mansion"],"type":"pokemon","spawnablePositionType":"grounded","bucket":"common","level":"6-31","weight":5.4,"condition":{"canSeeSky":false,"biomes":["#cobblemon:is_overworld"]}},{"id":"glameow-1","pokemon":"glameow","presets":["natural"],"type":"pokemon","spawnablePositionType":"grounded","bucket":"common","level":"1-35","weight":4.5,"weightMultiplier":{"multiplier":2.5,"condition":{"timeRange":"night"}},"condition":{"canSeeSky":true,"biomes":["#cobblemon:is_overworld"],"isRaining":false,"structures":["#minecraft:village"]}}]}