{"enabled":true,"neededInstalledMods":[],"neededUninstalledMods":[],"spawns":[{"id":"purugly-1","pokemon":"purugly","presets":["natural","urban"],"type":"pokemon","spawnablePositionType":"grounded","bucket":"common","level":"38-45","weight":1.0,"weightMultiplier":{"multiplier":1.5,"condition":{"timeRange":"night"}},"condition":{"minSkyLight":8,"maxSkyLight":15,"biomes":["#cobblemon:is_overworld"],"isRaining":false},"anticondition":{"biomes":["#cobblemon:is_arid","#cobblemon:is_freezing"]}},{"id":"purugly-2","pokemon":"purugly","presets":["natural"],"type":"pokemon","spawnablePositionType":"grounded","bucket":"common","level":"38-45","weight":1.0,"weightMultiplier":{"multiplier":1.5,"condition":{"timeRange":"night"}},"condition":{"minSkyLight":8,"maxSkyLight":15,"biomes":["#cobblemon:is_overworld"],"isRaining":false,"structures":["#minecraft:village"]},"anticondition":{"biomes":["#cobblemon:is_arid","#cobblemon:is_freezing"]}},{"id":"purugly-3","pokemon":"purugly","presets":["natural","urban"],"type":"pokemon","spawnablePositionType":"grounded","bucket":"common","level":"38-45","weight":1.0,"weightMultiplier":{"multiplier":1.5,"condition":{"timeRange":"night"}},"condition":{"minSkyLight":8,"maxSkyLight":15,"biomes":["#cobblemon:is_arid","#cobblemon:is_freezing"]}},{"id":"purugly-4","pokemon":"purugly","presets":["natural"],"type":"pokemon","spawnablePositionType":"grounded","bucket":"common","level":"38-45","weight":1.0,"weightMultiplier":{"multiplier":1.5,"condition":{"timeRange":"night"}},"condition":{"minSkyLight":8,"maxSkyLight":15,"biomes":["#cobblemon:is_arid","#cobblemon:is_freezing"],"structures":["#minecraft:village"]}},{"id":"purugly-5","pokemon":"purugly","presets":["mansion"],"type":"pokemon","spawnablePositionType":"grounded","bucket":"common","level":"38-45","weight":0.6,"condition":{"canSeeSky":false,"biomes":["#cobblemon:is_overworld"]}},{"id":"purugly-1","pokemon":"purugly","presets":["natural"],"type":"pokemon","spawnablePositionType":"grounded","bucket":"uncommon","level":"30-75","weight":3.0,"weightMultiplier":{"multiplier":1.5,"condition":{"timeRange":"night"}},"condition":{"canSeeSky":true,"biomes":["#cobblemon:is_overworld"],"isRaining":false,"structures":["#minecraft:village"]}}]}