{
  "enabled": true,
  "neededInstalledMods": [],
  "neededUninstalledMods": [],
  "spawns": [
    {
      "id": "chingling-1",
      "pokemon": "chingling",
      "presets": [
        "natural"
      ],
      "type": "pokemon",
      "spawnablePositionType": "grounded",
      "bucket": "uncommon",
      "level": "4-29",
      "weight": 1.68,
      "condition": {
        "minSkyLight": 8,
        "maxSkyLight": 15,
        "biomes": [
          "#cobblemon:is_forest",
          "#cobblemon:is_mountain",
          "#cobblemon:is_spooky",
          "#cobblemon:is_taiga"
        ],
        "timeRange": "night"
      }
    },
    {
      "id": "chingling-2",
      "pokemon": "chingling",
      "presets": [
        "natural"
      ],
      "type": "pokemon",
      "spawnablePositionType": "grounded",
      "bucket": "uncommon",
      "level": "4-29",
      "weight": 5.04,
      "condition": {
        "minSkyLight": 8,
        "maxSkyLight": 15,
        "biomes": [
          "#cobblemon:is_magical"
        ],
        "timeRange": "night"
      }
    },
    {
      "id": "chingling-3",
      "pokemon": "chingling",
      "type": "pokemon",
      "spawnablePositionType": "grounded",
      "bucket": "uncommon",
      "level": "4-29",
      "weight": 84.0,
      "condition": {
        "biomes": [
          "#cobblemon:is_overworld"
        ],
        "timeRange": "night",
        "neededNearbyBlocks": [
          "minecraft:bell"
        ]
      }
    },
    {
      "id": "deeper-chingling-1",
      "pokemon": "chingling",
      "presets": [
        "deep_dark"
      ],
      "type": "pokemon",
      "spawnablePositionType": "grounded",
      "bucket": "uncommon",
      "level": "23-37",
      "weight": 11.9,
      "condition": {
        "biomes": [
          "deeperdarker:echoing_forest"
        ],
        "dimensions": [
          "deeperdarker:otherside"
        ]
      }
    }
  ]
}