{

    "enabled": true,
    "neededInstalledMods": [],
    "neededUninstalledMods": [],
    "spawns": [
      {
        "id": "stunky-1",
        "pokemon": "stunky",
        "presets": [                
            "natural"
        ],
        "type": "pokemon",
        "spawnablePositionType": "grounded",
        "bucket": "common",
        "level": "1-35",
        "weight": 8.0,
        "weightMultiplier": {
            "multiplier": 1.5,
            "condition": {
                "timeRange": "night"
            }
        },
        "condition": {
            "canSeeSky": true,
            "biomes": [
                "#cobblemon:is_swamp"
            ]
        }

      }
    ]
}