{
  "enabled": true,
  "neededInstalledMods": [],
  "neededUninstalledMods": [],
  "spawns": [
    {
      "id": "bronzong-5",
      "pokemon": "bronzong",
      "type": "pokemon",
      "spawnablePositionType": "grounded",
      "bucket": "common",
      "level": "33-50",
      "weight": 0.6,
      "condition": {
        "biomes": [
          "the_bumblezone:howling_constructs"
        ],
        "dimensions": [
          "the_bumblezone:the_bumblezone"
        ]
      },
      "anticondition": {
        "structures": [
          "#the_bumblezone:sempiternal_sanctums"
        ]
      }
    },
    {
      "id": "bronzong-1",
      "pokemon": "bronzong",
      "presets": [
        "natural"
      ],
      "type": "pokemon",
      "spawnablePositionType": "grounded",
      "bucket": "uncommon",
      "level": "33-50",
      "weight": 1.6,
      "condition": {
        "minSkyLight": 0,
        "maxSkyLight": 7,
        "biomes": [
          "#cobblemon:is_jungle",
          "#cobblemon:is_peak"
        ],
        "minY": 0
      },
      "anticondition": {
        "biomes": [
          "#cobblemon:is_deep_dark"
        ]
      }
    },
    {
      "id": "bronzong-2",
      "pokemon": "bronzong",
      "presets": [
        "natural",
        "jungle_pyramid"
      ],
      "type": "pokemon",
      "spawnablePositionType": "grounded",
      "bucket": "common",
      "level": "33-50",
      "weight": 6.0,
      "condition": {
        "biomes": [
          "#cobblemon:is_overworld"
        ],
        "minY": 48
      }
    },
    {
      "id": "bronzong-3",
      "pokemon": "bronzong",
      "type": "pokemon",
      "spawnablePositionType": "grounded",
      "bucket": "common",
      "level": "33-50",
      "weight": 6.0,
      "condition": {
        "biomes": [
          "#cobblemon:is_overworld"
        ],
        "structures": [
          "#cobblemon:ruin"
        ],
        "minY": -37,
        "maxY": 10
      }
    },
    {
      "id": "bronzong-4",
      "pokemon": "bronzong",
      "presets": [
        "trail_ruins"
      ],
      "type": "pokemon",
      "spawnablePositionType": "grounded",
      "bucket": "common",
      "level": "33-50",
      "weight": 6.0,
      "condition": {
        "biomes": [
          "#cobblemon:is_overworld"
        ],
        "minY": 48
      }
    },
    {
      "id": "deeper-bronzong-1",
      "pokemon": "bronzong",
      "presets": [
        "deep_dark"
      ],
      "type": "pokemon",
      "spawnablePositionType": "grounded",
      "bucket": "rare",
      "level": "40-55",
      "weight": 1,
      "condition": {
        "biomes": [
          "deeperdarker:deeplands"
        ],
        "dimensions": [
          "deeperdarker:otherside"
        ]
      }
    }
  ]
}
