{
  "enabled": true,
  "neededInstalledMods": [],
  "neededUninstalledMods": [],
  "spawns": [
    {
      "id": "mimejr-1",
      "pokemon": "mimejr",
      "presets": [
        "natural",
        "urban"
      ],
      "type": "pokemon",
      "spawnablePositionType": "grounded",
      "bucket": "uncommon",
      "level": "6-31",
      "weight": 1.8,
      "condition": {
        "minSkyLight": 8,
        "maxSkyLight": 15,
        "biomes": [
          "#cobblemon:is_overworld"
        ]
      },
      "anticondition": {
        "biomes": [
          "#cobblemon:is_freezing"
        ]
      }
    },
    {
      "id": "mimejr-galarian-1",
      "pokemon": "mimejr galarian",
      "presets": [
        "natural"
      ],
      "type": "pokemon",
      "spawnablePositionType": "grounded",
      "bucket": "uncommon",
      "level": "10-31",
      "weight": 3.2,
      "condition": {
        "canSeeSky": true,
        "biomes": [
          "#cobblemon:is_freezing",
          "#cobblemon:is_snowy"
        ]
      }
    }
  ]
}
