{
  "enabled": true,
  "neededInstalledMods": [],
  "neededUninstalledMods": [],
  "spawns": [
    {
      "id": "happiny-1",
      "pokemon": "happiny",
      "presets": [
        "natural",
        "urban"
      ],
      "type": "pokemon",
      "spawnablePositionType": "grounded",
      "bucket": "rare",
      "level": "1-22",
      "weight": 8.75,
      "weightMultiplier": {
        "multiplier": 0.25,
        "condition": {
          "timeRange": "night"
        }
      },
      "condition": {
        "minSkyLight": 8,
        "maxSkyLight": 15,
        "biomes": [
          "#cobblemon:is_overworld"
        ]
      }
    },
    {
      "id": "happiny-2",
      "pokemon": "happiny",
      "presets": [
        "natural"
      ],
      "type": "pokemon",
      "spawnablePositionType": "grounded",
      "bucket": "rare",
      "level": "1-22",
      "weight": 8.75,
      "weightMultiplier": {
        "multiplier": 0.25,
        "condition": {
          "timeRange": "night"
        }
      },
      "condition": {
        "minSkyLight": 8,
        "maxSkyLight": 15,
        "biomes": [
          "#cobblemon:is_overworld"
        ],
        "structures": [
          "#minecraft:village"
        ]
      }
    },
    {
      "id": "happiny-3",
      "pokemon": "happiny",
      "presets": [
        "natural"
      ],
      "type": "pokemon",
      "spawnablePositionType": "grounded",
      "bucket": "rare",
      "level": "1-22",
      "weight": 8.75,
      "condition": {
        "minSkyLight": 8,
        "maxSkyLight": 15,
        "biomes": [
          "#aether:is_aether"
        ],
        "dimensions": [
          "aether:the_aether"
        ]
      }
    },
    {
      "id": "aether_happiny_1",
      "pokemon": "happiny",
      "presets": [
        "natural"
      ],
      "type": "pokemon",
      "context": "grounded",
      "bucket": "common",
      "level": "40-80",
      "weight": 10.0,
      "condition": {
        "biomes": [
          "aether:skyroot_meadow"
        ],
        "dimensions": [
          "aether:the_aether"
        ]
      }
    }
  ]
}
