{
  "enabled": true,
  "neededInstalledMods": [],
  "neededUninstalledMods": [],
  "spawns": [
    {
      "id": "chatot-1",
      "pokemon": "chatot",
      "presets": [
        "natural",
        "treetop"
      ],
      "type": "pokemon",
      "spawnablePositionType": "grounded",
      "bucket": "uncommon",
      "level": "16-41",
      "weight": 10.0,
      "condition": {
        "minSkyLight": 8,
        "maxSkyLight": 15,
        "biomes": [
          "#cobblemon:is_jungle"
        ],
        "timeRange": "day"
      }
    },
    {
      "id": "chatot-2",
      "pokemon": "chatot",
      "presets": [
        "natural",
        "treetop"
      ],
      "type": "pokemon",
      "spawnablePositionType": "grounded",
      "bucket": "common",
      "level": "16-41",
      "weight": 6.0,
      "condition": {
        "minSkyLight": 8,
        "maxSkyLight": 15,
        "biomes": [
          "#cobblemon:is_tropical_island"
        ],
        "timeRange": "day"
      }
    },
    {
      "id": "chatot-3",
      "pokemon": "chatot",
      "presets": [
        "natural",
        "treetop"
      ],
      "type": "pokemon",
      "spawnablePositionType": "grounded",
      "bucket": "common",
      "level": "16-41",
      "weight": 10.0,
      "condition": {
        "minSkyLight": 8,
        "maxSkyLight": 15,
        "biomes": [
          "#cobblemon:is_sky"
        ],
        "timeRange": "day"
      }
    },
    {
      "id": "chatot-4",
      "pokemon": "chatot",
      "type": "pokemon",
      "spawnablePositionType": "grounded",
      "bucket": "common",
      "level": "16-41",
      "weight": 6.0,
      "condition": {
        "minSkyLight": 0,
        "maxSkyLight": 7,
        "biomes": [
          "#cobblemon:is_overworld"
        ],
        "structures": [
          "cobblemon:shipwreck_coves/lush_shipwreck_cove"
        ],
        "minY": -41,
        "maxY": 9
      }
    },
    {
      "id": "chatot-8",
      "pokemon": "chatot",
      "presets": [
        "natural",
        "treetop"
      ],
      "type": "pokemon",
      "spawnablePositionType": "grounded",
      "bucket": "uncommon",
      "level": "16-41",
      "weight": 10.0,
      "condition": {
        "minSkyLight": 8,
        "maxSkyLight": 15,
        "biomes": [
          "aether:skyroot_forest",
          "aether:skyroot_woodland"
        ],
        "dimensions": [
          "aether:the_aether"
        ]
      }
    }
  ]
}
