{
  "enabled": true,
  "neededInstalledMods": [],
  "neededUninstalledMods": [],
  "spawns": [
    {
      "id": "gible-1",
      "pokemon": "gible",
      "presets": [
        "natural"
      ],
      "type": "pokemon",
      "spawnablePositionType": "grounded",
      "bucket": "rare",
      "level": "5-30",
      "weight": 7.5,
      "condition": {
        "minSkyLight": 0,
        "maxSkyLight": 7,
        "biomes": [
          "#cobblemon:is_badlands",
          "#cobblemon:is_mountain"
        ],
        "minY": 0
      }
    },
    {
      "id": "gible-2",
      "pokemon": "gible",
      "presets": [
        "natural",
        "wild"
      ],
      "type": "pokemon",
      "spawnablePositionType": "grounded",
      "bucket": "ultra-rare",
      "level": "5-30",
      "weight": 6.0,
      "condition": {
        "minSkyLight": 8,
        "maxSkyLight": 15,
        "biomes": [
          "#cobblemon:is_badlands",
          "#cobblemon:is_mountain"
        ]
      }
    },
    {
      "id": "gible-3",
      "pokemon": "gible",
      "presets": [
        "natural"
      ],
      "type": "pokemon",
      "spawnablePositionType": "grounded",
      "bucket": "ultra-rare",
      "level": "5-30",
      "weight": 6.0,
      "condition": {
        "minSkyLight": 0,
        "maxSkyLight": 7,
        "biomes": [
          "#cobblemon:is_overworld"
        ],
        "minY": 0
      },
      "anticondition": {
        "neededNearbyBlocks": [
          "minecraft:magma_block"
        ],
        "biomes": [
          "#cobblemon:is_badlands",
          "#cobblemon:is_deep_dark",
          "#cobblemon:is_mountain",
          "#cobblemon:is_thermal"
        ]
      }
    },
    {
      "id": "gible-4",
      "pokemon": "gible",
      "presets": [
        "natural"
      ],
      "type": "pokemon",
      "spawnablePositionType": "grounded",
      "bucket": "rare",
      "level": "5-30",
      "weight": 7.5,
      "condition": {
        "minSkyLight": 0,
        "maxSkyLight": 7,
        "biomes": [
          "#cobblemon:is_overworld"
        ],
        "minY": 0,
        "neededNearbyBlocks": [
          "minecraft:magma_block"
        ]
      },
      "anticondition": {
        "biomes": [
          "#cobblemon:is_badlands",
          "#cobblemon:is_deep_dark",
          "#cobblemon:is_mountain",
          "#cobblemon:is_thermal"
        ]
      }
    },
    {
      "id": "gible-5",
      "pokemon": "gible",
      "presets": [
        "natural"
      ],
      "type": "pokemon",
      "spawnablePositionType": "grounded",
      "bucket": "rare",
      "level": "5-30",
      "weight": 7.5,
      "condition": {
        "minSkyLight": 0,
        "maxSkyLight": 7,
        "biomes": [
          "#cobblemon:is_thermal"
        ],
        "minY": 0
      }
    },
    {
      "id": "gible-6",
      "pokemon": "gible",
      "presets": [
        "natural"
      ],
      "type": "pokemon",
      "spawnablePositionType": "grounded",
      "bucket": "rare",
      "level": "5-30",
      "weight": 7.5,
      "condition": {
        "minSkyLight": 0,
        "maxSkyLight": 7,
        "biomes": [
          "#aether:is_aether"
        ],
        "dimensions": [
          "aether:the_aether"
        ]
      }
    },
    {
      "id": "deeper-gible-1",
      "pokemon": "gible",
      "presets": [
        "deep_dark"
      ],
      "type": "pokemon",
      "spawnablePositionType": "grounded",
      "bucket": "rare",
      "level": "13-27",
      "weight": 12.38,
      "condition": {
        "biomes": [
          "deeperdarker:overcast_columns"
        ],
        "dimensions": [
          "deeperdarker:otherside"
        ]
      }
    }
  ]
}
