{
  "enabled": true,
  "neededInstalledMods": [],
  "neededUninstalledMods": [],
  "spawns": [
    {
      "id": "gabite-1",
      "pokemon": "gabite",
      "presets": [
        "natural"
      ],
      "type": "pokemon",
      "spawnablePositionType": "grounded",
      "bucket": "rare",
      "level": "24-47",
      "weight": 2.25,
      "condition": {
        "minSkyLight": 0,
        "maxSkyLight": 7,
        "biomes": [
          "#cobblemon:is_badlands",
          "#cobblemon:is_mountain"
        ],
        "minY": 0
      }
    },
    {
      "id": "gabite-2",
      "pokemon": "gabite",
      "presets": [
        "natural",
        "wild"
      ],
      "type": "pokemon",
      "spawnablePositionType": "grounded",
      "bucket": "ultra-rare",
      "level": "24-47",
      "weight": 3.6,
      "condition": {
        "minSkyLight": 8,
        "maxSkyLight": 15,
        "biomes": [
          "#cobblemon:is_badlands",
          "#cobblemon:is_mountain"
        ]
      }
    },
    {
      "id": "gabite-3",
      "pokemon": "gabite",
      "presets": [
        "natural"
      ],
      "type": "pokemon",
      "spawnablePositionType": "grounded",
      "bucket": "ultra-rare",
      "level": "24-47",
      "weight": 3.6,
      "condition": {
        "minSkyLight": 0,
        "maxSkyLight": 7,
        "biomes": [
          "#cobblemon:is_overworld"
        ],
        "minY": 0
      },
      "anticondition": {
        "neededNearbyBlocks": [
          "minecraft:magma_block"
        ],
        "biomes": [
          "#cobblemon:is_badlands",
          "#cobblemon:is_deep_dark",
          "#cobblemon:is_mountain",
          "#cobblemon:is_thermal"
        ]
      }
    },
    {
      "id": "gabite-4",
      "pokemon": "gabite",
      "presets": [
        "natural"
      ],
      "type": "pokemon",
      "spawnablePositionType": "grounded",
      "bucket": "rare",
      "level": "24-47",
      "weight": 2.25,
      "condition": {
        "minSkyLight": 0,
        "maxSkyLight": 7,
        "biomes": [
          "#cobblemon:is_overworld"
        ],
        "minY": 0,
        "neededNearbyBlocks": [
          "minecraft:magma_block"
        ]
      },
      "anticondition": {
        "biomes": [
          "#cobblemon:is_badlands",
          "#cobblemon:is_deep_dark",
          "#cobblemon:is_mountain",
          "#cobblemon:is_thermal"
        ]
      }
    },
    {
      "id": "gabite-5",
      "pokemon": "gabite",
      "presets": [
        "natural"
      ],
      "type": "pokemon",
      "spawnablePositionType": "grounded",
      "bucket": "rare",
      "level": "24-47",
      "weight": 2.25,
      "condition": {
        "minSkyLight": 0,
        "maxSkyLight": 7,
        "biomes": [
          "#cobblemon:is_thermal"
        ],
        "minY": 0
      }
    },
    {
      "id": "gabite-6",
      "pokemon": "gabite",
      "presets": [
        "natural"
      ],
      "type": "pokemon",
      "spawnablePositionType": "grounded",
      "bucket": "rare",
      "level": "24-47",
      "weight": 2.25,
      "condition": {
        "minSkyLight": 0,
        "maxSkyLight": 7,
        "biomes": [
          "#aether:is_aether"
        ],
        "dimensions": [
          "aether:the_aether"
        ]
      }
    },
    {
      "id": "deeper-gabite-1",
      "pokemon": "gabite",
      "presets": [
        "deep_dark"
      ],
      "type": "pokemon",
      "spawnablePositionType": "grounded",
      "bucket": "rare",
      "level": "24-51",
      "weight": 3.7,
      "condition": {
        "biomes": [
          "deeperdarker:overcast_columns"
        ],
        "dimensions": [
          "deeperdarker:otherside"
        ]
      }
    }
  ]
}
