{
  "enabled": true,
  "neededInstalledMods": [],
  "neededUninstalledMods": [],
  "spawns": [
    {
      "id": "garchomp-1",
      "pokemon": "garchomp",
      "presets": [
        "natural"
      ],
      "type": "pokemon",
      "spawnablePositionType": "grounded",
      "bucket": "rare",
      "level": "48-60",
      "weight": 0.25,
      "condition": {
        "minSkyLight": 0,
        "maxSkyLight": 7,
        "biomes": [
          "#cobblemon:is_badlands",
          "#cobblemon:is_mountain"
        ],
        "minY": 0
      }
    },
    {
      "id": "garchomp-2",
      "pokemon": "garchomp",
      "presets": [
        "natural",
        "wild"
      ],
      "type": "pokemon",
      "spawnablePositionType": "grounded",
      "bucket": "ultra-rare",
      "level": "48-60",
      "weight": 0.4,
      "condition": {
        "minSkyLight": 8,
        "maxSkyLight": 15,
        "biomes": [
          "#cobblemon:is_badlands",
          "#cobblemon:is_mountain"
        ]
      }
    },
    {
      "id": "garchomp-3",
      "pokemon": "garchomp",
      "presets": [
        "natural"
      ],
      "type": "pokemon",
      "spawnablePositionType": "grounded",
      "bucket": "ultra-rare",
      "level": "48-60",
      "weight": 0.4,
      "condition": {
        "minSkyLight": 0,
        "maxSkyLight": 7,
        "biomes": [
          "#cobblemon:is_overworld"
        ],
        "minY": 0
      },
      "anticondition": {
        "neededNearbyBlocks": [
          "minecraft:magma_block"
        ],
        "biomes": [
          "#cobblemon:is_badlands",
          "#cobblemon:is_deep_dark",
          "#cobblemon:is_mountain",
          "#cobblemon:is_thermal"
        ]
      }
    },
    {
      "id": "garchomp-4",
      "pokemon": "garchomp",
      "presets": [
        "natural"
      ],
      "type": "pokemon",
      "spawnablePositionType": "grounded",
      "bucket": "rare",
      "level": "48-60",
      "weight": 0.25,
      "condition": {
        "minSkyLight": 0,
        "maxSkyLight": 7,
        "biomes": [
          "#cobblemon:is_overworld"
        ],
        "minY": 0,
        "neededNearbyBlocks": [
          "minecraft:magma_block"
        ]
      },
      "anticondition": {
        "biomes": [
          "#cobblemon:is_badlands",
          "#cobblemon:is_deep_dark",
          "#cobblemon:is_mountain",
          "#cobblemon:is_thermal"
        ]
      }
    },
    {
      "id": "garchomp-5",
      "pokemon": "garchomp",
      "presets": [
        "natural"
      ],
      "type": "pokemon",
      "spawnablePositionType": "grounded",
      "bucket": "rare",
      "level": "48-60",
      "weight": 0.25,
      "condition": {
        "minSkyLight": 0,
        "maxSkyLight": 7,
        "biomes": [
          "#cobblemon:is_thermal"
        ],
        "minY": 0
      }
    },
    {
      "id": "garchomp-6",
      "pokemon": "garchomp",
      "presets": [
        "natural"
      ],
      "type": "pokemon",
      "spawnablePositionType": "grounded",
      "bucket": "rare",
      "level": "48-60",
      "weight": 0.25,
      "condition": {
        "minSkyLight": 0,
        "maxSkyLight": 7,
        "biomes": [
          "#aether:is_aether"
        ],
        "dimensions": [
          "aether:the_aether"
        ]
      }
    },
    {
      "id": "deeper-garchomp-1",
      "pokemon": "garchomp",
      "presets": [
        "deep_dark"
      ],
      "type": "pokemon",
      "spawnablePositionType": "grounded",
      "bucket": "rare",
      "level": "46-88",
      "weight": 1.42,
      "condition": {
        "biomes": [
          "deeperdarker:overcast_columns"
        ],
        "dimensions": [
          "deeperdarker:otherside"
        ]
      }
    }
  ]
}
