{"enabled":true,"neededInstalledMods":[],"neededUninstalledMods":[],"spawns":[{"id":"croagunk-1","pokemon":"croagunk","presets":["natural","wild"],"type":"pokemon","spawnablePositionType":"grounded","bucket":"common","level":"5-30","weight":1.8,"weightMultiplier":{"multiplier":5.0,"condition":{"isRaining":true}},"condition":{"minSkyLight":8,"maxSkyLight":15,"biomes":["#cobblemon:is_jungle","#cobblemon:is_swamp"]}},{"id":"croagunk-1","pokemon":"croagunk","presets":["natural"],"type":"pokemon","spawnablePositionType":"grounded","bucket":"uncommon","level":"10-36","weight":7.8,"condition":{"canSeeSky":true,"biomes":["#cobblemon:is_swamp"],"isRaining":"false"}},{"id":"croagunk-2","pokemon":"croagunk","presets":["natural"],"type":"pokemon","spawnablePositionType":"grounded","bucket":"common","level":"10-36","weight":9.2,"condition":{"canSeeSky":true,"biomes":["#cobblemon:is_swamp"],"isRaining":true}}]}