{"enabled":true,"neededInstalledMods":[],"neededUninstalledMods":[],"spawns":[{"id":"toxicroak-1","pokemon":"toxicroak","presets":["natural","wild"],"type":"pokemon","spawnablePositionType":"grounded","bucket":"common","level":"37-49","weight":0.2,"weightMultiplier":{"multiplier":5.0,"condition":{"isRaining":true}},"condition":{"minSkyLight":8,"maxSkyLight":15,"biomes":["#cobblemon:is_jungle","#cobblemon:is_swamp"]}},{"id":"toxicroak-1","pokemon":"toxicroak","presets":["natural"],"type":"pokemon","spawnablePositionType":"grounded","bucket":"rare","level":"10-36","weight":9.1,"condition":{"canSeeSky":true,"biomes":["#cobblemon:is_swamp"]}},{"id":"toxicroak-2","pokemon":"toxicroak","presets":["natural"],"type":"pokemon","spawnablePositionType":"grounded","bucket":"uncommon","level":"10-36","weight":7.8,"condition":{"canSeeSky":true,"biomes":["#cobblemon:is_swamp"],"isRaining":true}}]}