{
  "enabled": true,
  "neededInstalledMods": [],
  "neededUninstalledMods": [],
  "spawns": [
    {
      "id": "carnivine-1",
      "pokemon": "carnivine",
      "presets": [
        "natural",
        "treetop",
        "foliage"
      ],
      "type": "pokemon",
      "spawnablePositionType": "grounded",
      "bucket": "uncommon",
      "level": "20-45",
      "weight": 10.0,
      "condition": {
        "minSkyLight": 8,
        "maxSkyLight": 15,
        "biomes": [
          "#cobblemon:is_swamp"
        ]
      }
    },
    {
      "id": "carnivine-1-aether",
      "pokemon": "carnivine",
      "presets": [
        "natural",
        "treetop",
        "foliage"
      ],
      "type": "pokemon",
      "spawnablePositionType": "grounded",
      "bucket": "uncommon",
      "level": "20-45",
      "weight": 10.0,
      "condition": {
        "minSkyLight": 8,
        "maxSkyLight": 15,
        "biomes": [
          "aether:skyroot_forest",
          "aether:skyroot_woodland"
        ],
        "dimensions": [
          "aether:the_aether"
        ]
      }
    },
    {
      "id": "carnivine-2",
      "pokemon": "carnivine",
      "presets": [
        "natural"
      ],
      "type": "pokemon",
      "spawnablePositionType": "grounded",
      "bucket": "uncommon",
      "level": "20-45",
      "weight": 2.0,
      "condition": {
        "minSkyLight": 0,
        "maxSkyLight": 7,
        "biomes": [
          "#cobblemon:is_lush"
        ]
      },
      "anticondition": {
        "structures": [
          "cobblemon:shipwreck_coves/lush_shipwreck_cove"
        ],
        "minY": -41,
        "maxY": 9
      }
    },
    {
      "id": "carnivine-3",
      "pokemon": "carnivine",
      "presets": [
        "natural"
      ],
      "type": "pokemon",
      "spawnablePositionType": "grounded",
      "bucket": "uncommon",
      "level": "20-45",
      "weight": 2.0,
      "condition": {
        "minSkyLight": 0,
        "maxSkyLight": 7,
        "biomes": [
          "#cobblemon:is_overworld"
        ],
        "structures": [
          "cobblemon:shipwreck_coves/lush_shipwreck_cove"
        ],
        "minY": -41,
        "maxY": 9
      },
      "anticondition": {
        "biomes": [
          "#cobblemon:is_lush"
        ]
      }
    }
  ]
}
