{"enabled":true,"neededInstalledMods":[],"neededUninstalledMods":[],"spawns":[{"id":"finneon-1","pokemon":"finneon","presets":["water"],"type":"pokemon","spawnablePositionType":"submerged","bucket":"common","level":"8-33","weight":9.0,"condition":{"canSeeSky":true,"biomes":["#cobblemon:is_deep_ocean"],"maxY":48}},{"id":"finneon-2","pokemon":"finneon","type":"pokemon","spawnablePositionType":"fishing","bucket":"common","level":"8-33","weight":9.0,"condition":{"canSeeSky":true,"biomes":["#cobblemon:is_ocean"]}},{"id":"finneon-3","pokemon":"finneon","presets":["water"],"type":"pokemon","spawnablePositionType":"submerged","bucket":"common","level":"8-33","weight":9.0,"condition":{"canSeeSky":false,"minSkyLight":8,"maxSkyLight":15,"biomes":["#cobblemon:is_deep_ocean"],"maxY":48}},{"id":"finneon-4","pokemon":"finneon","type":"pokemon","spawnablePositionType":"fishing","bucket":"common","level":"8-33","weight":9.0,"condition":{"canSeeSky":false,"minSkyLight":8,"maxSkyLight":15,"biomes":["#cobblemon:is_ocean"]}},{"id":"finneon-5","pokemon":"finneon","presets":["water"],"type":"pokemon","spawnablePositionType":"submerged","bucket":"common","level":"8-33","weight":9.0,"condition":{"canSeeSky":false,"biomes":["#cobblemon:is_overworld"],"structures":["cobblemon:shipwreck_coves/submerged_shipwreck_cove"],"minY":-60,"maxY":13}},{"id":"finneon-6","pokemon":"finneon","type":"pokemon","spawnablePositionType":"fishing","bucket":"common","level":"8-33","weight":9.0,"condition":{"canSeeSky":false,"biomes":["#cobblemon:is_overworld"],"structures":["cobblemon:shipwreck_coves/submerged_shipwreck_cove"],"minY":-60,"maxY":13}}]}