{
  "enabled": true,
  "neededInstalledMods": [],
  "neededUninstalledMods": [],
  "spawns": [
    {
      "id": "lumineon-1",
      "pokemon": "lumineon",
      "presets": [
        "water"
      ],
      "type": "pokemon",
      "spawnablePositionType": "submerged",
      "bucket": "common",
      "level": "31-46",
      "weight": 1.0,
      "condition": {
        "canSeeSky": true,
        "biomes": [
          "#cobblemon:is_deep_ocean"
        ],
        "maxY": 48
      }
    },
    {
      "id": "lumineon-2",
      "pokemon": "lumineon",
      "type": "pokemon",
      "spawnablePositionType": "fishing",
      "bucket": "common",
      "level": "31-46",
      "weight": 1.0,
      "condition": {
        "canSeeSky": true,
        "biomes": [
          "#cobblemon:is_ocean"
        ]
      }
    },
    {
      "id": "lumineon-3",
      "pokemon": "lumineon",
      "presets": [
        "water"
      ],
      "type": "pokemon",
      "spawnablePositionType": "submerged",
      "bucket": "common",
      "level": "31-46",
      "weight": 1.0,
      "condition": {
        "canSeeSky": false,
        "minSkyLight": 8,
        "maxSkyLight": 15,
        "biomes": [
          "#cobblemon:is_deep_ocean"
        ],
        "maxY": 48
      }
    },
    {
      "id": "lumineon-4",
      "pokemon": "lumineon",
      "type": "pokemon",
      "spawnablePositionType": "fishing",
      "bucket": "common",
      "level": "31-46",
      "weight": 1.0,
      "condition": {
        "canSeeSky": false,
        "minSkyLight": 8,
        "maxSkyLight": 15,
        "biomes": [
          "#cobblemon:is_ocean"
        ]
      }
    },
    {
      "id": "lumineon-5",
      "pokemon": "lumineon",
      "presets": [
        "water"
      ],
      "type": "pokemon",
      "spawnablePositionType": "submerged",
      "bucket": "common",
      "level": "31-46",
      "weight": 1.0,
      "condition": {
        "canSeeSky": false,
        "biomes": [
          "#cobblemon:is_overworld"
        ],
        "structures": [
          "cobblemon:shipwreck_coves/submerged_shipwreck_cove"
        ],
        "minY": -60,
        "maxY": 13
      }
    },
    {
      "id": "lumineon-6",
      "pokemon": "lumineon",
      "type": "pokemon",
      "spawnablePositionType": "fishing",
      "bucket": "common",
      "level": "31-46",
      "weight": 1.0,
      "condition": {
        "canSeeSky": false,
        "biomes": [
          "#cobblemon:is_overworld"
        ],
        "structures": [
          "cobblemon:shipwreck_coves/submerged_shipwreck_cove"
        ],
        "minY": -60,
        "maxY": 13
      }
    },
    {
      "id": "lumineon-7",
      "pokemon": "lumineon",
      "presets": [
        "water"
      ],
      "type": "pokemon",
      "spawnablePositionType": "submerged",
      "bucket": "uncommon",
      "level": "25-40",
      "weight": 2.4,
      "condition": {
        "minSkyLight": 0,
        "maxSkyLight": 15,
        "biomes": [
          "aether:skyroot_meadow",
          "aether:skyroot_grove",
          "aether:skyroot_woodland",
          "aether:skyroot_forest"
        ],
        "dimensions": [
          "aether:the_aether"
        ]
      }
    },
    {
      "id": "lumineon-7",
      "pokemon": "lumineon",
      "presets": [
        "water"
      ],
      "type": "pokemon",
      "context": "submerged",
      "bucket": "uncommon",
      "level": "25-40",
      "weight": 2.4,
      "condition": {
        "minSkyLight": 0,
        "maxSkyLight": 15,
        "biomes": [
          "aether:skyroot_meadow",
          "aether:skyroot_grove",
          "aether:skyroot_woodland",
          "aether:skyroot_forest"
        ],
        "dimensions": [
          "aether:the_aether"
        ]
      }
    }
  ]
}
