{"enabled":true,"neededInstalledMods":[],"neededUninstalledMods":[],"spawns":[{"id":"mantyke-1","pokemon":"mantyke","presets":["water"],"type":"pokemon","spawnablePositionType":"submerged","bucket":"uncommon","level":"10-35","weight":8.4,"condition":{"canSeeSky":true,"biomes":["#cobblemon:is_lukewarm_ocean","#cobblemon:is_warm_ocean"],"minY":48}},{"id":"mantyke-2","pokemon":"mantyke","type":"pokemon","spawnablePositionType":"fishing","bucket":"uncommon","level":"10-35","weight":8.4,"condition":{"canSeeSky":true,"biomes":["#cobblemon:is_ocean"]},"anticondition":{"minLureLevel":1,"biomes":["#cobblemon:is_cold_ocean","#cobblemon:is_frozen_ocean"]}},{"id":"mantyke-3","pokemon":"mantyke","type":"pokemon","spawnablePositionType":"fishing","bucket":"common","level":"10-35","weight":9.0,"weightMultiplier":{"multiplier":0.6,"condition":{"minLureLevel":1,"maxLureLevel":2}},"condition":{"canSeeSky":true,"biomes":["#cobblemon:is_ocean"],"minLureLevel":1},"anticondition":{"biomes":["#cobblemon:is_cold_ocean","#cobblemon:is_frozen_ocean"]}},{"id":"mantyke-4","pokemon":"mantyke","presets":["water"],"type":"pokemon","spawnablePositionType":"submerged","bucket":"uncommon","level":"10-35","weight":8.4,"condition":{"canSeeSky":false,"minSkyLight":8,"maxSkyLight":15,"biomes":["#cobblemon:is_lukewarm_ocean","#cobblemon:is_warm_ocean"],"minY":48}},{"id":"mantyke-5","pokemon":"mantyke","type":"pokemon","spawnablePositionType":"fishing","bucket":"uncommon","level":"10-35","weight":8.4,"condition":{"canSeeSky":false,"minSkyLight":8,"maxSkyLight":15,"biomes":["#cobblemon:is_ocean"]},"anticondition":{"minLureLevel":1,"biomes":["#cobblemon:is_cold_ocean","#cobblemon:is_frozen_ocean"]}},{"id":"mantyke-6","pokemon":"mantyke","type":"pokemon","spawnablePositionType":"fishing","bucket":"common","level":"10-35","weight":9.0,"weightMultiplier":{"multiplier":0.6,"condition":{"minLureLevel":1,"maxLureLevel":2}},"condition":{"canSeeSky":false,"minSkyLight":8,"maxSkyLight":15,"biomes":["#cobblemon:is_ocean"],"minLureLevel":1},"anticondition":{"biomes":["#cobblemon:is_cold_ocean","#cobblemon:is_frozen_ocean"]}}]}