{"enabled":true,"neededInstalledMods":[],"neededUninstalledMods":[],"spawns":[{"id":"magnezone-1","pokemon":"magnezone","presets":["redstone"],"type":"pokemon","spawnablePositionType":"grounded","bucket":"uncommon","level":"42-54","weight":0.8,"condition":{"biomes":["#cobblemon:is_overworld"]},"anticondition":{"biomes":["#cobblemon:is_deep_dark"]}},{"id":"magnezone-2","pokemon":"magnezone","type":"pokemon","spawnablePositionType":"grounded","bucket":"common","level":"42-54","weight":0.01,"weightMultiplier":{"multiplier":5.0,"condition":{"isThundering":true}},"condition":{"minSkyLight":8,"maxSkyLight":15,"biomes":["#cobblemon:is_overworld"],"neededNearbyBlocks":["minecraft:lightning_rod"]}}]}