{
  "format_version": "1.12.0",
  "minecraft:geometry": [
    {
      "description": {
        "identifier": "geometry.heliolisk",
        "texture_width": 128,
        "texture_height": 128,
        "visible_bounds_width": 6,
        "visible_bounds_height": 3.5,
        "visible_bounds_offset": [
          0,
          1.25,
          0
        ]
      },
      "bones": [
        {
          "name": "heliolisk",
          "pivot": [
            0,
            0,
            0
          ]
        },
        {
          "name": "body",
          "parent": "heliolisk",
          "pivot": [
            0,
            6,
            -5.5
          ]
        },
        {
          "name": "torso",
          "parent": "body",
          "pivot": [
            0,
            8.64268,
            -2.95215
          ],
          "cubes": [
            {
              "origin": [
                -4,
                6,
                -6.5
              ],
              "size": [
                8,
                8,
                8
              ],
              "uv": [
                34,
                25
              ]
            },
            {
              "origin": [
                -3,
                14,
                -6
              ],
              "size": [
                6,
                6,
                6
              ],
              "uv": [
                30,
                54
              ]
            }
          ]
        },
        {
          "name": "neck",
          "parent": "torso",
          "pivot": [
            -1,
            20,
            -4.5
          ],
          "cubes": [
            {
              "origin": [
                -2,
                20,
                -5.5
              ],
              "size": [
                4,
                6,
                4
              ],
              "uv": [
                100,
                73
              ]
            }
          ]
        },
        {
          "name": "head",
          "parent": "neck",
          "pivot": [
            0,
            26,
            -5
          ],
          "cubes": [
            {
              "origin": [
                -3.5,
                27.75,
                -8.5
              ],
              "size": [
                7,
                5,
                8
              ],
              "uv": [
                34,
                41
              ]
            },
            {
              "origin": [
                -3.5,
                25.75,
                -8.5
              ],
              "size": [
                7,
                2,
                8
              ],
              "inflate": 0.01,
              "uv": [
                0,
                42
              ]
            },
            {
              "origin": [
                -1.36,
                27.75,
                -13
              ],
              "size": [
                6,
                4,
                6
              ],
              "inflate": -0.01,
              "pivot": [
                -0.35,
                30.25,
                -11.5
              ],
              "rotation": [
                0,
                -45,
                0
              ],
              "uv": [
                78,
                56
              ]
            }
          ]
        },
        {
          "name": "eye_left",
          "parent": "head",
          "pivot": [
            4.06586,
            29.75,
            -8.34835
          ],
          "cubes": [
            {
              "origin": [
                2.56586,
                27.75,
                -8.84835
              ],
              "size": [
                3,
                4,
                2
              ],
              "pivot": [
                4.06586,
                29.75,
                -8.34835
              ],
              "rotation": [
                0,
                -60,
                0
              ],
              "uv": [
                56,
                111
              ]
            },
            {
              "origin": [
                3.06586,
                29.75,
                -8.86
              ],
              "size": [
                1,
                2,
                0
              ],
              "pivot": [
                4.06586,
                29.75,
                -8.34835
              ],
              "rotation": [
                0,
                -60,
                0
              ],
              "uv": [
                30,
                48
              ]
            },
            {
              "origin": [
                2.56586,
                31.75,
                -8.87335
              ],
              "size": [
                3,
                3,
                0
              ],
              "pivot": [
                4.06586,
                29.75,
                -8.34835
              ],
              "rotation": [
                0,
                -60,
                0
              ],
              "uv": [
                24,
                62
              ]
            },
            {
              "origin": [
                2.56586,
                29.25,
                -8.85
              ],
              "size": [
                2,
                3,
                0
              ],
              "pivot": [
                4.06586,
                29.75,
                -8.34835
              ],
              "rotation": [
                0,
                -60,
                0
              ],
              "uv": [
                30,
                42
              ]
            }
          ]
        },
        {
          "name": "eye_right",
          "parent": "head",
          "pivot": [
            -4.06586,
            29.75,
            -8.34835
          ],
          "cubes": [
            {
              "origin": [
                -5.56586,
                27.75,
                -8.84835
              ],
              "size": [
                3,
                4,
                2
              ],
              "pivot": [
                -4.06586,
                29.75,
                -8.34835
              ],
              "rotation": [
                0,
                60,
                0
              ],
              "uv": [
                66,
                111
              ]
            },
            {
              "origin": [
                -4.06586,
                29.75,
                -8.86
              ],
              "size": [
                1,
                2,
                0
              ],
              "pivot": [
                -4.06586,
                29.75,
                -8.34835
              ],
              "rotation": [
                0,
                60,
                0
              ],
              "uv": [
                32,
                48
              ]
            },
            {
              "origin": [
                -5.56586,
                31.75,
                -8.87335
              ],
              "size": [
                3,
                3,
                0
              ],
              "pivot": [
                -4.06586,
                29.75,
                -8.34835
              ],
              "rotation": [
                0,
                60,
                0
              ],
              "uv": [
                40,
                96
              ]
            },
            {
              "origin": [
                -4.56586,
                29.25,
                -8.85
              ],
              "size": [
                2,
                3,
                0
              ],
              "pivot": [
                -4.06586,
                29.75,
                -8.34835
              ],
              "rotation": [
                0,
                60,
                0
              ],
              "uv": [
                30,
                45
              ]
            }
          ]
        },
        {
          "name": "jaw",
          "parent": "head",
          "pivot": [
            -0.35355,
            27.5,
            -8.5
          ],
          "cubes": [
            {
              "origin": [
                -1.35355,
                25.75,
                -12.5
              ],
              "size": [
                5,
                2,
                5
              ],
              "pivot": [
                -0.35355,
                28.25,
                -11
              ],
              "rotation": [
                0,
                -45,
                0
              ],
              "uv": [
                100,
                0
              ]
            },
            {
              "origin": [
                -3.5,
                25.75,
                -9.25
              ],
              "size": [
                7,
                3,
                1
              ],
              "inflate": -0.01,
              "uv": [
                101,
                69
              ]
            }
          ]
        },
        {
          "name": "frill",
          "parent": "head",
          "pivot": [
            0,
            26.5,
            -4
          ]
        },
        {
          "name": "frill_hidden",
          "parent": "frill",
          "pivot": [
            0,
            26.02,
            -2.07143
          ],
          "cubes": [
            {
              "origin": [
                -12.5,
                25.52,
                -16.5
              ],
              "size": [
                25,
                0,
                25
              ],
              "inflate": -0.09,
              "uv": [
                0,
                0
              ]
            }
          ]
        },
        {
          "name": "frill_top",
          "parent": "frill",
          "pivot": [
            0,
            25.52,
            -5
          ]
        },
        {
          "name": "frill_top1",
          "parent": "frill_top",
          "pivot": [
            0,
            25.52,
            -3
          ],
          "cubes": [
            {
              "origin": [
                -2,
                25.52,
                -5
              ],
              "size": [
                4,
                0,
                4
              ],
              "uv": [
                96,
                35
              ]
            }
          ]
        },
        {
          "name": "frill_top2",
          "parent": "frill_top1",
          "pivot": [
            0,
            25.52,
            -1
          ],
          "cubes": [
            {
              "origin": [
                -2.5,
                25.52,
                -1
              ],
              "size": [
                5,
                0,
                10
              ],
              "uv": [
                0,
                52
              ]
            }
          ]
        },
        {
          "name": "frill_right",
          "parent": "frill",
          "pivot": [
            1.25,
            25.5,
            -4
          ]
        },
        {
          "name": "frill_right1",
          "parent": "frill_right",
          "pivot": [
            -0.75,
            25.52,
            -4
          ],
          "cubes": [
            {
              "origin": [
                -2.75,
                25.52,
                -6
              ],
              "size": [
                4,
                0,
                4
              ],
              "uv": [
                100,
                83
              ]
            }
          ]
        },
        {
          "name": "frill_right2",
          "parent": "frill_right1",
          "pivot": [
            -2.75,
            25.52,
            -3.5
          ],
          "cubes": [
            {
              "origin": [
                -12.75,
                25.52,
                -6.5
              ],
              "size": [
                10,
                0,
                5
              ],
              "uv": [
                66,
                35
              ]
            }
          ]
        },
        {
          "name": "frill_left",
          "parent": "frill",
          "pivot": [
            -1.25,
            25.5,
            -4
          ]
        },
        {
          "name": "frill_left1",
          "parent": "frill_left",
          "pivot": [
            0.75,
            25.52,
            -4
          ],
          "cubes": [
            {
              "origin": [
                -1.25,
                25.52,
                -6
              ],
              "size": [
                4,
                0,
                4
              ],
              "uv": [
                80,
                109
              ]
            }
          ]
        },
        {
          "name": "frill_left2",
          "parent": "frill_left1",
          "pivot": [
            2.75,
            25.52,
            -3.5
          ],
          "cubes": [
            {
              "origin": [
                2.75,
                25.52,
                -6.5
              ],
              "size": [
                10,
                0,
                5
              ],
              "uv": [
                78,
                51
              ]
            }
          ]
        },
        {
          "name": "frill_bottom",
          "parent": "frill",
          "pivot": [
            0,
            25.52,
            -4.5
          ]
        },
        {
          "name": "frill_bottom1",
          "parent": "frill_bottom",
          "pivot": [
            0,
            25.52,
            -6.5
          ],
          "cubes": [
            {
              "origin": [
                -2,
                25.52,
                -8.5
              ],
              "size": [
                4,
                0,
                6
              ],
              "uv": [
                102,
                56
              ]
            }
          ]
        },
        {
          "name": "frill_bottom2",
          "parent": "frill_bottom1",
          "pivot": [
            0,
            25.52,
            -8.5
          ],
          "cubes": [
            {
              "origin": [
                -2.5,
                25.52,
                -16.5
              ],
              "size": [
                5,
                0,
                8
              ],
              "uv": [
                74,
                79
              ]
            }
          ]
        },
        {
          "name": "frill_top_side_a",
          "parent": "frill",
          "pivot": [
            -0.73205,
            25.99,
            -2.73205
          ],
          "rotation": [
            0,
            -30,
            0
          ]
        },
        {
          "name": "frill_top_side_a1",
          "parent": "frill_top_side_a",
          "pivot": [
            -0.73205,
            25.99,
            -0.73205
          ]
        },
        {
          "name": "frill_top_side_a1_orient",
          "parent": "frill_top_side_a1",
          "pivot": [
            -2.73205,
            25.99,
            -0.73205
          ]
        },
        {
          "name": "frill_top_side_a1_shift",
          "parent": "frill_top_side_a1_orient",
          "pivot": [
            -2.73205,
            25.99,
            -0.73205
          ],
          "cubes": [
            {
              "origin": [
                -2.73205,
                25.99,
                -2.73205
              ],
              "size": [
                4,
                0,
                4
              ],
              "uv": [
                102,
                62
              ]
            }
          ]
        },
        {
          "name": "frill_top_side_a2",
          "parent": "frill_top_side_a1",
          "pivot": [
            -0.73205,
            25.99,
            0.51795
          ]
        },
        {
          "name": "frill_top_side_a2_outer",
          "parent": "frill_top_side_a2",
          "pivot": [
            -1.23205,
            25.99,
            0.51795
          ],
          "cubes": [
            {
              "origin": [
                -1.23205,
                25.99,
                0.51795
              ],
              "size": [
                3,
                0,
                8
              ],
              "uv": [
                72,
                97
              ]
            }
          ]
        },
        {
          "name": "frill_top_side_a2_inner",
          "parent": "frill_top_side_a2_outer",
          "pivot": [
            -1.23205,
            25.99,
            0.51795
          ],
          "cubes": [
            {
              "origin": [
                -3.23205,
                25.99,
                0.51795
              ],
              "size": [
                2,
                0,
                8
              ],
              "uv": [
                98,
                87
              ]
            }
          ]
        },
        {
          "name": "frill_top_side_a3",
          "parent": "frill",
          "pivot": [
            0.73205,
            25.99,
            -2.73205
          ],
          "rotation": [
            0,
            30,
            0
          ]
        },
        {
          "name": "frill_top_side_a4",
          "parent": "frill_top_side_a3",
          "pivot": [
            0.73205,
            25.99,
            -0.73205
          ]
        },
        {
          "name": "frill_top_side_a1_orient2",
          "parent": "frill_top_side_a4",
          "pivot": [
            2.73205,
            25.99,
            -0.73205
          ]
        },
        {
          "name": "frill_top_side_a1_shift2",
          "parent": "frill_top_side_a1_orient2",
          "pivot": [
            2.73205,
            25.99,
            -0.73205
          ],
          "cubes": [
            {
              "origin": [
                -1.26795,
                25.99,
                -2.73205
              ],
              "size": [
                4,
                0,
                4
              ],
              "uv": [
                0,
                106
              ]
            }
          ]
        },
        {
          "name": "frill_top_side_a5",
          "parent": "frill_top_side_a4",
          "pivot": [
            0.73205,
            25.99,
            0.26795
          ]
        },
        {
          "name": "frill_top_side_a2_outer2",
          "parent": "frill_top_side_a5",
          "pivot": [
            1.23205,
            25.99,
            0.26795
          ],
          "cubes": [
            {
              "origin": [
                -1.76795,
                25.99,
                0.26795
              ],
              "size": [
                3,
                0,
                8
              ],
              "uv": [
                94,
                97
              ]
            }
          ]
        },
        {
          "name": "frill_top_side_a2_inner2",
          "parent": "frill_top_side_a2_outer2",
          "pivot": [
            1.23205,
            25.99,
            0.26795
          ],
          "cubes": [
            {
              "origin": [
                1.23205,
                25.99,
                0.26795
              ],
              "size": [
                2,
                0,
                8
              ],
              "uv": [
                40,
                99
              ]
            }
          ]
        },
        {
          "name": "frill_right_side_a",
          "parent": "frill",
          "pivot": [
            0.84808,
            26,
            -4.53109
          ],
          "rotation": [
            0,
            -60,
            0
          ]
        },
        {
          "name": "frill_right_side_a1",
          "parent": "frill_right_side_a",
          "pivot": [
            0.84808,
            26,
            -2.53109
          ]
        },
        {
          "name": "frill_right_side_a1_orient",
          "parent": "frill_right_side_a1",
          "pivot": [
            2.84808,
            26,
            -2.53109
          ]
        },
        {
          "name": "frill_right_side_a1_shift",
          "parent": "frill_right_side_a1_orient",
          "pivot": [
            2.84808,
            26,
            -2.53109
          ],
          "cubes": [
            {
              "origin": [
                -1.15192,
                26,
                -4.53109
              ],
              "size": [
                4,
                0,
                4
              ],
              "uv": [
                80,
                105
              ]
            }
          ]
        },
        {
          "name": "frill_right_side_a2",
          "parent": "frill_right_side_a1",
          "pivot": [
            1.34808,
            26,
            -0.78109
          ]
        },
        {
          "name": "frill_right_side_a2_outer",
          "parent": "frill_right_side_a2",
          "pivot": [
            1.34808,
            26,
            -0.78109
          ],
          "cubes": [
            {
              "origin": [
                -1.65192,
                26,
                -0.78109
              ],
              "size": [
                3,
                0,
                10
              ],
              "uv": [
                64,
                41
              ]
            }
          ]
        },
        {
          "name": "frill_right_side_a2_inner",
          "parent": "frill_right_side_a2_outer",
          "pivot": [
            1.34808,
            26,
            -0.78109
          ],
          "cubes": [
            {
              "origin": [
                1.34808,
                26,
                -0.78109
              ],
              "size": [
                2,
                0,
                10
              ],
              "uv": [
                0,
                86
              ]
            }
          ]
        },
        {
          "name": "frill_left_side_a",
          "parent": "frill",
          "pivot": [
            -0.84808,
            26,
            -4.53109
          ],
          "rotation": [
            0,
            60,
            0
          ]
        },
        {
          "name": "frill_left_side_a1",
          "parent": "frill_left_side_a",
          "pivot": [
            -0.84808,
            26,
            -2.53109
          ]
        },
        {
          "name": "frill_left_side_a1_orient",
          "parent": "frill_left_side_a1",
          "pivot": [
            -2.84808,
            26,
            -2.53109
          ]
        },
        {
          "name": "frill_left_side_a1_shift",
          "parent": "frill_left_side_a1_orient",
          "pivot": [
            -2.84808,
            26,
            -2.53109
          ],
          "cubes": [
            {
              "origin": [
                -2.84808,
                26,
                -4.53109
              ],
              "size": [
                4,
                0,
                4
              ],
              "uv": [
                96,
                105
              ]
            }
          ]
        },
        {
          "name": "frill_left_side_a2",
          "parent": "frill_left_side_a1",
          "pivot": [
            -1.34808,
            26,
            -1.03109
          ]
        },
        {
          "name": "frill_left_side_a2_outer",
          "parent": "frill_left_side_a2",
          "pivot": [
            -1.34808,
            26,
            -1.03109
          ],
          "cubes": [
            {
              "origin": [
                -1.34808,
                26,
                -1.03109
              ],
              "size": [
                3,
                0,
                10
              ],
              "uv": [
                24,
                66
              ]
            }
          ]
        },
        {
          "name": "frill_left_side_a2_inner",
          "parent": "frill_left_side_a2_outer",
          "pivot": [
            -1.34808,
            26,
            -1.03109
          ],
          "cubes": [
            {
              "origin": [
                -3.34808,
                26,
                -1.03109
              ],
              "size": [
                2,
                0,
                10
              ],
              "uv": [
                24,
                86
              ]
            }
          ]
        },
        {
          "name": "frill_bottom_side_a",
          "parent": "frill",
          "pivot": [
            -6.26795,
            25.99,
            -14.85641
          ],
          "rotation": [
            0,
            30,
            0
          ]
        },
        {
          "name": "frill_bottom_side_a1",
          "parent": "frill_bottom_side_a",
          "pivot": [
            -6.26795,
            25.99,
            -2.85641
          ]
        },
        {
          "name": "frill_bottom_side_a1_orient",
          "parent": "frill_bottom_side_a1",
          "pivot": [
            -8.26795,
            25.99,
            -2.85641
          ]
        },
        {
          "name": "frill_bottom_side_a1_shift",
          "parent": "frill_bottom_side_a1_orient",
          "pivot": [
            -8.26795,
            25.99,
            -2.85641
          ],
          "cubes": [
            {
              "origin": [
                -8.26795,
                25.99,
                -6.85641
              ],
              "size": [
                4,
                0,
                6
              ],
              "uv": [
                60,
                105
              ]
            }
          ]
        },
        {
          "name": "frill_bottom_side_a2",
          "parent": "frill_bottom_side_a1",
          "pivot": [
            -6.76795,
            25.99,
            -5.10641
          ]
        },
        {
          "name": "frill_bottom_side_a2_outer",
          "parent": "frill_bottom_side_a2",
          "pivot": [
            -6.76795,
            25.99,
            -4.85641
          ],
          "cubes": [
            {
              "origin": [
                -6.76795,
                25.99,
                -14.85641
              ],
              "size": [
                3,
                0,
                10
              ],
              "uv": [
                66,
                25
              ]
            }
          ]
        },
        {
          "name": "frill_bottom_side_a2_inner",
          "parent": "frill_bottom_side_a2_outer",
          "pivot": [
            -6.76795,
            25.99,
            -4.85641
          ],
          "cubes": [
            {
              "origin": [
                -8.76795,
                25.99,
                -14.85641
              ],
              "size": [
                2,
                0,
                10
              ],
              "uv": [
                74,
                87
              ]
            }
          ]
        },
        {
          "name": "frill_bottom_side_a3",
          "parent": "frill",
          "pivot": [
            -1.73205,
            25.99,
            -1
          ],
          "rotation": [
            0,
            -30,
            0
          ]
        },
        {
          "name": "frill_bottom_side_a4",
          "parent": "frill_bottom_side_a3",
          "pivot": [
            -1.73205,
            25.99,
            -3
          ]
        },
        {
          "name": "frill_bottom_side_a1_orient2",
          "parent": "frill_bottom_side_a4",
          "pivot": [
            0.26795,
            25.99,
            -3
          ]
        },
        {
          "name": "frill_bottom_side_a1_shift2",
          "parent": "frill_bottom_side_a1_orient2",
          "pivot": [
            0.26795,
            25.99,
            -3
          ],
          "cubes": [
            {
              "origin": [
                -3.73205,
                25.99,
                -7
              ],
              "size": [
                4,
                0,
                4
              ],
              "uv": [
                108,
                50
              ]
            }
          ]
        },
        {
          "name": "frill_bottom_side_a5",
          "parent": "frill_bottom_side_a4",
          "pivot": [
            -1.23205,
            25.99,
            -7.25
          ]
        },
        {
          "name": "frill_bottom_side_a2_outer2",
          "parent": "frill_bottom_side_a5",
          "pivot": [
            -1.23205,
            25.99,
            -7
          ],
          "cubes": [
            {
              "origin": [
                -4.23205,
                25.99,
                -17
              ],
              "size": [
                3,
                0,
                10
              ],
              "uv": [
                26,
                76
              ]
            }
          ]
        },
        {
          "name": "frill_bottom_side_a2_inner2",
          "parent": "frill_bottom_side_a2_outer2",
          "pivot": [
            -1.23205,
            25.99,
            -7
          ],
          "cubes": [
            {
              "origin": [
                -1.23205,
                25.99,
                -17
              ],
              "size": [
                2,
                0,
                10
              ],
              "uv": [
                92,
                25
              ]
            }
          ]
        },
        {
          "name": "frill_right_side_b",
          "parent": "frill",
          "pivot": [
            1.75,
            26,
            -3.03109
          ],
          "rotation": [
            0,
            60,
            0
          ]
        },
        {
          "name": "frill_right_side_b1",
          "parent": "frill_right_side_b",
          "pivot": [
            1.75,
            26,
            -3.03109
          ]
        },
        {
          "name": "frill_right_side_b1_orient",
          "parent": "frill_right_side_b1",
          "pivot": [
            3.75,
            26,
            -3.03109
          ]
        },
        {
          "name": "frill_right_side_b1_shift",
          "parent": "frill_right_side_b1_orient",
          "pivot": [
            3.75,
            26,
            -3.03109
          ],
          "cubes": [
            {
              "origin": [
                -0.25,
                26,
                -7.03109
              ],
              "size": [
                4,
                0,
                4
              ],
              "uv": [
                16,
                106
              ]
            }
          ]
        },
        {
          "name": "frill_right_side_b2",
          "parent": "frill_right_side_b1",
          "pivot": [
            2.25,
            26,
            -7.53109
          ]
        },
        {
          "name": "frill_right_side_b2_outer",
          "parent": "frill_right_side_b2",
          "pivot": [
            2.25,
            26,
            -7.53109
          ],
          "cubes": [
            {
              "origin": [
                -0.75,
                26,
                -17.53109
              ],
              "size": [
                3,
                0,
                10
              ],
              "uv": [
                50,
                66
              ]
            }
          ]
        },
        {
          "name": "frill_right_side_b2_inner",
          "parent": "frill_right_side_b2_outer",
          "pivot": [
            2.25,
            26,
            -7.53109
          ],
          "cubes": [
            {
              "origin": [
                2.25,
                26,
                -17.53109
              ],
              "size": [
                2,
                0,
                10
              ],
              "uv": [
                48,
                89
              ]
            }
          ]
        },
        {
          "name": "frill_left_side_b",
          "parent": "frill",
          "pivot": [
            -1.75,
            26,
            -3.03109
          ],
          "rotation": [
            0,
            -60,
            0
          ]
        },
        {
          "name": "frill_left_side_b1",
          "parent": "frill_left_side_b",
          "pivot": [
            -1.75,
            26,
            -3.03109
          ]
        },
        {
          "name": "frill_left_side_b1_orient",
          "parent": "frill_left_side_b1",
          "pivot": [
            -3.75,
            26,
            -3.03109
          ]
        },
        {
          "name": "frill_left_side_b1_shift",
          "parent": "frill_left_side_b1_orient",
          "pivot": [
            -3.75,
            26,
            -3.03109
          ],
          "cubes": [
            {
              "origin": [
                -3.75,
                26,
                -7.03109
              ],
              "size": [
                4,
                0,
                4
              ],
              "uv": [
                32,
                107
              ]
            }
          ]
        },
        {
          "name": "frill_left_side_b2",
          "parent": "frill_left_side_b1",
          "pivot": [
            -2.25,
            26,
            -7.53109
          ]
        },
        {
          "name": "frill_left_side_b2_outer",
          "parent": "frill_left_side_b2",
          "pivot": [
            -2.25,
            26,
            -7.53109
          ],
          "cubes": [
            {
              "origin": [
                -2.25,
                26,
                -17.53109
              ],
              "size": [
                3,
                0,
                10
              ],
              "uv": [
                0,
                76
              ]
            }
          ]
        },
        {
          "name": "frill_left_side_b2_inner",
          "parent": "frill_left_side_b2_outer",
          "pivot": [
            -2.25,
            26,
            -7.53109
          ],
          "cubes": [
            {
              "origin": [
                -4.25,
                26,
                -17.53109
              ],
              "size": [
                2,
                0,
                10
              ],
              "uv": [
                90,
                40
              ]
            }
          ]
        },
        {
          "name": "arm_right",
          "parent": "torso",
          "pivot": [
            -3,
            19,
            -5.5
          ],
          "rotation": [
            0,
            0,
            -32.5
          ],
          "cubes": [
            {
              "origin": [
                -7,
                17,
                -6
              ],
              "size": [
                4,
                2,
                2
              ],
              "uv": [
                0,
                110
              ]
            }
          ]
        },
        {
          "name": "arm_right2",
          "parent": "arm_right",
          "pivot": [
            -6.97357,
            18.0008,
            -4
          ],
          "cubes": [
            {
              "origin": [
                -10.97357,
                17.0008,
                -6
              ],
              "size": [
                4,
                2,
                2
              ],
              "uv": [
                12,
                110
              ]
            }
          ]
        },
        {
          "name": "hand_right",
          "parent": "arm_right2",
          "pivot": [
            -10.47357,
            18.0008,
            -5
          ],
          "cubes": [
            {
              "origin": [
                -12.47357,
                17.5008,
                -6.5
              ],
              "size": [
                2,
                1,
                3
              ],
              "uv": [
                112,
                105
              ]
            }
          ]
        },
        {
          "name": "finger_right_front",
          "parent": "hand_right",
          "pivot": [
            -11.97357,
            18.5008,
            -6
          ],
          "cubes": [
            {
              "origin": [
                -14.97357,
                17.5008,
                -6
              ],
              "size": [
                3,
                1,
                0
              ],
              "uv": [
                24,
                65
              ]
            }
          ]
        },
        {
          "name": "finger_right_mid",
          "parent": "hand_right",
          "pivot": [
            -11.97357,
            18.5008,
            -5
          ],
          "cubes": [
            {
              "origin": [
                -14.97357,
                17.5008,
                -5
              ],
              "size": [
                3,
                1,
                0
              ],
              "uv": [
                66,
                40
              ]
            }
          ]
        },
        {
          "name": "finger_right_back",
          "parent": "hand_right",
          "pivot": [
            -11.97357,
            18.5008,
            -4
          ],
          "cubes": [
            {
              "origin": [
                -14.97357,
                17.5008,
                -4
              ],
              "size": [
                3,
                1,
                0
              ],
              "uv": [
                72,
                40
              ]
            }
          ]
        },
        {
          "name": "arm_left",
          "parent": "torso",
          "pivot": [
            3,
            19,
            -5.5
          ],
          "rotation": [
            0,
            0,
            32.5
          ],
          "cubes": [
            {
              "origin": [
                3,
                17,
                -6
              ],
              "size": [
                4,
                2,
                2
              ],
              "uv": [
                0,
                110
              ],
              "mirror": true
            }
          ]
        },
        {
          "name": "arm_left2",
          "parent": "arm_left",
          "pivot": [
            6.97357,
            18.0008,
            -4
          ],
          "cubes": [
            {
              "origin": [
                6.97357,
                17.0008,
                -6
              ],
              "size": [
                4,
                2,
                2
              ],
              "uv": [
                12,
                110
              ],
              "mirror": true
            }
          ]
        },
        {
          "name": "hand_left",
          "parent": "arm_left2",
          "pivot": [
            10.47357,
            18.0008,
            -5
          ],
          "cubes": [
            {
              "origin": [
                10.47357,
                17.5008,
                -6.5
              ],
              "size": [
                2,
                1,
                3
              ],
              "uv": [
                112,
                105
              ],
              "mirror": true
            }
          ]
        },
        {
          "name": "finger_left_front",
          "parent": "hand_left",
          "pivot": [
            11.97357,
            18.5008,
            -6
          ],
          "cubes": [
            {
              "origin": [
                11.97357,
                17.5008,
                -6
              ],
              "size": [
                3,
                1,
                0
              ],
              "uv": [
                24,
                65
              ],
              "mirror": true
            }
          ]
        },
        {
          "name": "finger_left_mid",
          "parent": "hand_left",
          "pivot": [
            11.97357,
            18.5008,
            -5
          ],
          "cubes": [
            {
              "origin": [
                11.97357,
                17.5008,
                -5
              ],
              "size": [
                3,
                1,
                0
              ],
              "uv": [
                66,
                40
              ],
              "mirror": true
            }
          ]
        },
        {
          "name": "finger_left_back",
          "parent": "hand_left",
          "pivot": [
            11.97357,
            18.5008,
            -4
          ],
          "cubes": [
            {
              "origin": [
                11.97357,
                17.5008,
                -4
              ],
              "size": [
                3,
                1,
                0
              ],
              "uv": [
                72,
                40
              ],
              "mirror": true
            }
          ]
        },
        {
          "name": "tail",
          "parent": "torso",
          "pivot": [
            2.5,
            8.7549,
            -3.34984
          ],
          "rotation": [
            -20,
            0,
            0
          ],
          "cubes": [
            {
              "origin": [
                -3.5,
                5.7549,
                -3.34984
              ],
              "size": [
                7,
                7,
                10
              ],
              "uv": [
                0,
                25
              ]
            }
          ]
        },
        {
          "name": "tail2",
          "parent": "tail",
          "pivot": [
            1.5,
            6.7549,
            6.65016
          ],
          "cubes": [
            {
              "origin": [
                -2.5,
                6.7549,
                6.65016
              ],
              "size": [
                5,
                5,
                7
              ],
              "uv": [
                54,
                54
              ]
            }
          ]
        },
        {
          "name": "tail3",
          "parent": "tail2",
          "pivot": [
            0,
            9.2549,
            13.65016
          ],
          "cubes": [
            {
              "origin": [
                -1.5,
                7.7549,
                13.65016
              ],
              "size": [
                3,
                3,
                7
              ],
              "uv": [
                0,
                96
              ]
            }
          ]
        },
        {
          "name": "tail4",
          "parent": "tail3",
          "pivot": [
            0,
            9.2549,
            20.65016
          ],
          "cubes": [
            {
              "origin": [
                -1.5,
                7.7549,
                20.65016
              ],
              "size": [
                3,
                3,
                7
              ],
              "uv": [
                20,
                96
              ]
            }
          ]
        },
        {
          "name": "tail5",
          "parent": "tail4",
          "pivot": [
            0,
            9.2549,
            27.15016
          ],
          "cubes": [
            {
              "origin": [
                -1,
                8.2549,
                27.65016
              ],
              "size": [
                2,
                2,
                7
              ],
              "uv": [
                100,
                7
              ]
            }
          ]
        },
        {
          "name": "tail6",
          "parent": "tail5",
          "pivot": [
            0,
            9.2549,
            34.15016
          ],
          "cubes": [
            {
              "origin": [
                -1,
                8.2549,
                34.65016
              ],
              "size": [
                2,
                2,
                7
              ],
              "uv": [
                100,
                16
              ]
            }
          ]
        },
        {
          "name": "thigh_left",
          "parent": "body",
          "pivot": [
            3,
            8,
            -1
          ],
          "cubes": [
            {
              "origin": [
                4,
                6,
                -6.5
              ],
              "size": [
                3,
                5,
                8
              ],
              "uv": [
                52,
                76
              ]
            }
          ]
        },
        {
          "name": "leg_left",
          "parent": "thigh_left",
          "pivot": [
            5.5,
            6,
            -5.5
          ],
          "cubes": [
            {
              "origin": [
                4.5,
                0,
                -6.5
              ],
              "size": [
                2,
                6,
                2
              ],
              "uv": [
                48,
                107
              ]
            }
          ]
        },
        {
          "name": "foot_left",
          "parent": "leg_left",
          "pivot": [
            5.5,
            1,
            -5.5
          ],
          "cubes": [
            {
              "origin": [
                4,
                0,
                -7.5
              ],
              "size": [
                3,
                1,
                3
              ],
              "uv": [
                60,
                99
              ]
            },
            {
              "origin": [
                4,
                0,
                -9.5
              ],
              "size": [
                3,
                1,
                2
              ],
              "inflate": 0.01,
              "uv": [
                64,
                51
              ]
            }
          ]
        },
        {
          "name": "toe_left_outer",
          "parent": "foot_left",
          "pivot": [
            6,
            0.5,
            -9.5
          ],
          "cubes": [
            {
              "origin": [
                6,
                0,
                -13.5
              ],
              "size": [
                1,
                1,
                4
              ],
              "uv": [
                112,
                35
              ]
            }
          ]
        },
        {
          "name": "toe_left_middle",
          "parent": "foot_left",
          "pivot": [
            5.5,
            1,
            -9.5
          ],
          "cubes": [
            {
              "origin": [
                5,
                0,
                -13.5
              ],
              "size": [
                1,
                1,
                4
              ],
              "uv": [
                76,
                113
              ]
            }
          ]
        },
        {
          "name": "toe_left_inner",
          "parent": "foot_left",
          "pivot": [
            5,
            0.5,
            -9.5
          ],
          "cubes": [
            {
              "origin": [
                4,
                0,
                -13.5
              ],
              "size": [
                1,
                1,
                4
              ],
              "uv": [
                86,
                113
              ]
            }
          ]
        },
        {
          "name": "thigh_right",
          "parent": "body",
          "pivot": [
            -3,
            8,
            -1
          ],
          "cubes": [
            {
              "origin": [
                -7,
                6,
                -6.5
              ],
              "size": [
                3,
                5,
                8
              ],
              "uv": [
                76,
                66
              ]
            }
          ]
        },
        {
          "name": "leg_right",
          "parent": "thigh_right",
          "pivot": [
            -5.5,
            6,
            -5.5
          ],
          "cubes": [
            {
              "origin": [
                -6.5,
                0,
                -6.5
              ],
              "size": [
                2,
                6,
                2
              ],
              "uv": [
                96,
                109
              ]
            }
          ]
        },
        {
          "name": "foot_right",
          "parent": "leg_right",
          "pivot": [
            -5.5,
            1,
            -5.5
          ],
          "cubes": [
            {
              "origin": [
                -7,
                0,
                -7.5
              ],
              "size": [
                3,
                1,
                3
              ],
              "uv": [
                104,
                109
              ]
            },
            {
              "origin": [
                -7,
                0,
                -9.5
              ],
              "size": [
                3,
                1,
                2
              ],
              "uv": [
                114,
                44
              ]
            }
          ]
        },
        {
          "name": "toe_right_outer",
          "parent": "foot_right",
          "pivot": [
            -6,
            0.5,
            -9.5
          ],
          "cubes": [
            {
              "origin": [
                -7,
                0,
                -13.5
              ],
              "size": [
                1,
                1,
                4
              ],
              "uv": [
                104,
                113
              ]
            }
          ]
        },
        {
          "name": "toe_right_middle",
          "parent": "foot_right",
          "pivot": [
            -5.5,
            1,
            -9.5
          ],
          "cubes": [
            {
              "origin": [
                -6,
                0,
                -13.5
              ],
              "size": [
                1,
                1,
                4
              ],
              "uv": [
                0,
                114
              ]
            }
          ]
        },
        {
          "name": "toe_right_inner",
          "parent": "foot_right",
          "pivot": [
            -5,
            0.5,
            -9.5
          ],
          "cubes": [
            {
              "origin": [
                -5,
                0,
                -13.5
              ],
              "size": [
                1,
                1,
                4
              ],
              "uv": [
                10,
                114
              ]
            }
          ]
        }
      ]
    }
  ]
}