{
  "format_version": "1.12.0",
  "minecraft:geometry": [
    {
      "description": {
        "identifier": "geometry.hatterene",
        "texture_width": 256,
        "texture_height": 256,
        "visible_bounds_width": 16,
        "visible_bounds_height": 9.5,
        "visible_bounds_offset": [
          0,
          4.25,
          0
        ]
      },
      "bones": [
        {
          "name": "hatterene",
          "pivot": [
            0,
            0,
            0
          ]
        },
        {
          "name": "torso",
          "parent": "hatterene",
          "pivot": [
            0,
            0,
            0
          ]
        },
        {
          "name": "body",
          "parent": "torso",
          "pivot": [
            0,
            0,
            0
          ]
        },
        {
          "name": "bottom_body",
          "parent": "body",
          "pivot": [
            0,
            46.83333,
            1.5
          ],
          "cubes": [
            {
              "origin": [
                -8.5,
                24,
                -6
              ],
              "size": [
                17,
                18,
                15
              ],
              "uv": [
                84,
                35
              ]
            },
            {
              "origin": [
                -6.5,
                42,
                -4
              ],
              "size": [
                13,
                13,
                11
              ],
              "uv": [
                47,
                101
              ]
            },
            {
              "origin": [
                -6.5,
                21,
                -5
              ],
              "size": [
                13,
                4,
                13
              ],
              "uv": [
                82,
                123
              ]
            }
          ]
        },
        {
          "name": "legs",
          "parent": "bottom_body",
          "pivot": [
            0,
            20.55711,
            1.41667
          ],
          "cubes": [
            {
              "origin": [
                -6.5,
                4,
                -5
              ],
              "size": [
                13,
                17,
                0
              ],
              "uv": [
                26,
                146
              ]
            },
            {
              "origin": [
                -6.5,
                21,
                -5
              ],
              "size": [
                13,
                0,
                13
              ],
              "uv": [
                30,
                11
              ]
            },
            {
              "origin": [
                -6.5,
                4,
                8
              ],
              "size": [
                13,
                17,
                0
              ],
              "uv": [
                26,
                146
              ]
            },
            {
              "origin": [
                -6.5,
                4,
                8
              ],
              "size": [
                13,
                17,
                0
              ],
              "pivot": [
                0,
                12.5,
                1.5
              ],
              "rotation": [
                0,
                -90,
                0
              ],
              "uv": [
                26,
                146
              ]
            },
            {
              "origin": [
                -6.5,
                4,
                -5
              ],
              "size": [
                13,
                17,
                0
              ],
              "inflate": 0.01,
              "pivot": [
                0,
                12.5,
                1.5
              ],
              "rotation": [
                0,
                -90,
                0
              ],
              "uv": [
                26,
                146
              ]
            },
            {
              "origin": [
                -6.5,
                2.08566,
                -14.61901
              ],
              "size": [
                13,
                0,
                10
              ],
              "pivot": [
                0,
                2.08566,
                -9.61901
              ],
              "rotation": [
                22.5,
                0,
                0
              ],
              "uv": [
                112,
                22
              ]
            },
            {
              "origin": [
                -6.5,
                2.08566,
                7.61901
              ],
              "size": [
                13,
                0,
                10
              ],
              "pivot": [
                0,
                2.08566,
                12.61901
              ],
              "rotation": [
                -22.5,
                0,
                0
              ],
              "uv": [
                86,
                22
              ]
            },
            {
              "origin": [
                6.11901,
                2.08566,
                -5
              ],
              "size": [
                10,
                0,
                13
              ],
              "pivot": [
                11.11901,
                2.08566,
                1.5
              ],
              "rotation": [
                0,
                0,
                22.5
              ],
              "uv": [
                91,
                68
              ]
            },
            {
              "origin": [
                4.11901,
                2.08566,
                -11
              ],
              "size": [
                10,
                0,
                6
              ],
              "pivot": [
                9.11901,
                2.08566,
                -8
              ],
              "rotation": [
                20.94102,
                40.78947,
                30.36119
              ],
              "uv": [
                78,
                103
              ]
            },
            {
              "origin": [
                -14.11901,
                2.08566,
                -11
              ],
              "size": [
                10,
                0,
                6
              ],
              "pivot": [
                -9.11901,
                2.08566,
                -8
              ],
              "rotation": [
                20.94102,
                -40.78947,
                -30.36119
              ],
              "uv": [
                90,
                13
              ]
            },
            {
              "origin": [
                4.11901,
                2.08566,
                7
              ],
              "size": [
                10,
                0,
                6
              ],
              "pivot": [
                9.11901,
                2.08566,
                10
              ],
              "rotation": [
                -20.94102,
                -40.78947,
                30.36119
              ],
              "uv": [
                78,
                68
              ]
            },
            {
              "origin": [
                -14.11901,
                2.08566,
                8
              ],
              "size": [
                10,
                0,
                6
              ],
              "pivot": [
                -9.11901,
                2.08566,
                11
              ],
              "rotation": [
                -20.94102,
                40.78947,
                -30.36119
              ],
              "uv": [
                68,
                35
              ]
            },
            {
              "origin": [
                -16.11901,
                2.08566,
                -5
              ],
              "size": [
                10,
                0,
                13
              ],
              "pivot": [
                -11.11901,
                2.08566,
                1.5
              ],
              "rotation": [
                0,
                0,
                -22.5
              ],
              "uv": [
                83,
                0
              ]
            }
          ]
        },
        {
          "name": "upper_body",
          "parent": "bottom_body",
          "pivot": [
            0,
            66,
            1
          ],
          "cubes": [
            {
              "origin": [
                -8,
                78,
                -8
              ],
              "size": [
                16,
                2,
                18
              ],
              "uv": [
                86,
                83
              ]
            }
          ]
        },
        {
          "name": "left_side_hair",
          "parent": "upper_body",
          "pivot": [
            4.75,
            75.75,
            6.25
          ],
          "rotation": [
            0,
            0,
            0
          ],
          "cubes": [
            {
              "origin": [
                0,
                47,
                -5
              ],
              "size": [
                8,
                8,
                13
              ],
              "inflate": 0.01,
              "uv": [
                121,
                127
              ]
            },
            {
              "origin": [
                0,
                55,
                -9
              ],
              "size": [
                11,
                23,
                20
              ],
              "uv": [
                42,
                58
              ]
            },
            {
              "origin": [
                1.5,
                57,
                -9
              ],
              "size": [
                4,
                6,
                0
              ],
              "inflate": 0.01,
              "pivot": [
                3.5,
                60,
                -9
              ],
              "rotation": [
                0,
                0,
                -45
              ],
              "uv": [
                90,
                41
              ]
            },
            {
              "origin": [
                4.2,
                62.5,
                -9
              ],
              "size": [
                4,
                6,
                0
              ],
              "inflate": 0.01,
              "pivot": [
                6.2,
                65.5,
                -9
              ],
              "rotation": [
                0,
                0,
                -112.5
              ],
              "uv": [
                10,
                78
              ]
            }
          ]
        },
        {
          "name": "left_side_hair_strands",
          "parent": "left_side_hair",
          "pivot": [
            3.5,
            25,
            -0.5
          ],
          "cubes": [
            {
              "origin": [
                4.59639,
                41.08028,
                -3.5
              ],
              "size": [
                3,
                8,
                10
              ],
              "pivot": [
                6.42326,
                47.83786,
                2
              ],
              "rotation": [
                0,
                0,
                -7.5
              ],
              "uv": [
                133,
                32
              ]
            },
            {
              "origin": [
                4.57944,
                25.30758,
                -6.5
              ],
              "size": [
                4,
                17,
                16
              ],
              "inflate": 0.01,
              "pivot": [
                6.42326,
                45.83786,
                2
              ],
              "rotation": [
                0,
                0,
                0
              ],
              "uv": [
                148,
                35
              ]
            },
            {
              "origin": [
                14.72441,
                27.52773,
                -6.36742
              ],
              "size": [
                1,
                4,
                7
              ],
              "pivot": [
                6.42326,
                45.83786,
                2
              ],
              "rotation": [
                150.85029,
                88.2022,
                139.07538
              ],
              "uv": [
                169,
                20
              ]
            },
            {
              "origin": [
                14.38531,
                33.49605,
                -3.02824
              ],
              "size": [
                1,
                3,
                6
              ],
              "pivot": [
                6.42326,
                45.83786,
                2
              ],
              "rotation": [
                146.21667,
                87.70571,
                139.44175
              ],
              "uv": [
                150,
                21
              ]
            }
          ]
        },
        {
          "name": "right_side_hair",
          "parent": "upper_body",
          "pivot": [
            -4.75,
            75.75,
            6.25
          ],
          "rotation": [
            0,
            0,
            0
          ],
          "cubes": [
            {
              "origin": [
                -8,
                47,
                -5
              ],
              "size": [
                8,
                8,
                13
              ],
              "inflate": 0.01,
              "uv": [
                121,
                127
              ],
              "mirror": true
            },
            {
              "origin": [
                -11,
                55,
                -9
              ],
              "size": [
                11,
                23,
                20
              ],
              "uv": [
                42,
                58
              ],
              "mirror": true
            },
            {
              "origin": [
                -5.5,
                57,
                -9
              ],
              "size": [
                4,
                6,
                0
              ],
              "inflate": 0.01,
              "pivot": [
                -3.5,
                60,
                -9
              ],
              "rotation": [
                0,
                0,
                45
              ],
              "uv": [
                90,
                41
              ],
              "mirror": true
            },
            {
              "origin": [
                -8.2,
                62.5,
                -9
              ],
              "size": [
                4,
                6,
                0
              ],
              "inflate": 0.01,
              "pivot": [
                -6.2,
                65.5,
                -9
              ],
              "rotation": [
                0,
                0,
                112.5
              ],
              "uv": [
                10,
                78
              ],
              "mirror": true
            }
          ]
        },
        {
          "name": "right_side_hair_strands",
          "parent": "right_side_hair",
          "pivot": [
            -3.5,
            25,
            -0.5
          ],
          "cubes": [
            {
              "origin": [
                -7.59639,
                41.08028,
                -3.5
              ],
              "size": [
                3,
                8,
                10
              ],
              "pivot": [
                -6.42326,
                47.83786,
                2
              ],
              "rotation": [
                0,
                0,
                7.5
              ],
              "uv": [
                133,
                32
              ],
              "mirror": true
            },
            {
              "origin": [
                -8.57944,
                25.30758,
                -6.5
              ],
              "size": [
                4,
                17,
                16
              ],
              "inflate": 0.01,
              "pivot": [
                -6.42326,
                45.83786,
                2
              ],
              "rotation": [
                0,
                0,
                0
              ],
              "uv": [
                148,
                35
              ],
              "mirror": true
            },
            {
              "origin": [
                -15.72441,
                27.52773,
                -6.36742
              ],
              "size": [
                1,
                4,
                7
              ],
              "pivot": [
                -6.42326,
                45.83786,
                2
              ],
              "rotation": [
                150.85029,
                -88.2022,
                -139.07538
              ],
              "uv": [
                169,
                20
              ],
              "mirror": true
            },
            {
              "origin": [
                -15.38531,
                33.49605,
                -3.02824
              ],
              "size": [
                1,
                3,
                6
              ],
              "pivot": [
                -6.42326,
                45.83786,
                2
              ],
              "rotation": [
                146.21667,
                -87.70571,
                -139.44175
              ],
              "uv": [
                150,
                21
              ],
              "mirror": true
            }
          ]
        },
        {
          "name": "tiny_body",
          "parent": "upper_body",
          "pivot": [
            0,
            54.44786,
            1.5
          ],
          "cubes": [
            {
              "origin": [
                -1.5,
                54,
                0
              ],
              "size": [
                3,
                7,
                3
              ],
              "uv": [
                30,
                110
              ]
            },
            {
              "origin": [
                0.5,
                58,
                0.5
              ],
              "size": [
                8,
                2,
                2
              ],
              "pivot": [
                2.5,
                58.5,
                1.5
              ],
              "rotation": [
                0,
                0,
                30
              ],
              "uv": [
                0,
                4
              ]
            },
            {
              "origin": [
                -8.5,
                58,
                0.5
              ],
              "size": [
                8,
                2,
                2
              ],
              "pivot": [
                -2.5,
                58.5,
                1.5
              ],
              "rotation": [
                0,
                0,
                -30
              ],
              "uv": [
                0,
                4
              ],
              "mirror": true
            },
            {
              "origin": [
                -1.5,
                54,
                0.5
              ],
              "size": [
                8,
                2,
                2
              ],
              "pivot": [
                0.5,
                54.5,
                1.5
              ],
              "rotation": [
                0,
                0,
                67.5
              ],
              "uv": [
                0,
                4
              ]
            },
            {
              "origin": [
                -6.5,
                54,
                0.5
              ],
              "size": [
                8,
                2,
                2
              ],
              "pivot": [
                -0.5,
                54.5,
                1.5
              ],
              "rotation": [
                0,
                0,
                -67.5
              ],
              "uv": [
                0,
                4
              ],
              "mirror": true
            },
            {
              "origin": [
                -1,
                61,
                0.5
              ],
              "size": [
                2,
                1,
                2
              ],
              "uv": [
                0,
                28
              ]
            }
          ]
        },
        {
          "name": "head",
          "parent": "tiny_body",
          "pivot": [
            0,
            62.5,
            1.5
          ],
          "cubes": [
            {
              "origin": [
                -6,
                62,
                -3
              ],
              "size": [
                12,
                9,
                9
              ],
              "uv": [
                130,
                0
              ]
            }
          ]
        },
        {
          "name": "face",
          "parent": "head",
          "pivot": [
            0,
            63.5,
            -2
          ],
          "cubes": [
            {
              "origin": [
                4,
                68.4,
                -3
              ],
              "size": [
                1,
                2,
                0
              ],
              "inflate": 0.01,
              "pivot": [
                4.5,
                69.4,
                -3
              ],
              "rotation": [
                0,
                0,
                22.5
              ],
              "uv": [
                2,
                10
              ]
            },
            {
              "origin": [
                2.5,
                68.7,
                -3
              ],
              "size": [
                1,
                2,
                0
              ],
              "inflate": 0.01,
              "uv": [
                0,
                10
              ]
            },
            {
              "origin": [
                1,
                68.4,
                -3
              ],
              "size": [
                1,
                2,
                0
              ],
              "inflate": 0.01,
              "pivot": [
                1.5,
                69.4,
                -3
              ],
              "rotation": [
                0,
                0,
                -22.5
              ],
              "uv": [
                6,
                10
              ]
            },
            {
              "origin": [
                -2,
                68.4,
                -3
              ],
              "size": [
                1,
                2,
                0
              ],
              "inflate": 0.01,
              "pivot": [
                -1.5,
                69.4,
                -3
              ],
              "rotation": [
                0,
                0,
                22.5
              ],
              "uv": [
                0,
                4
              ]
            },
            {
              "origin": [
                -3.5,
                68.7,
                -3
              ],
              "size": [
                1,
                2,
                0
              ],
              "inflate": 0.01,
              "uv": [
                8,
                8
              ]
            },
            {
              "origin": [
                -5,
                68.4,
                -3
              ],
              "size": [
                1,
                2,
                0
              ],
              "inflate": 0.01,
              "pivot": [
                -4.5,
                69.4,
                -3
              ],
              "rotation": [
                0,
                0,
                -22.5
              ],
              "uv": [
                6,
                8
              ]
            }
          ]
        },
        {
          "name": "eyes",
          "parent": "face",
          "pivot": [
            0,
            66.55,
            -3
          ],
          "cubes": [
            {
              "origin": [
                1,
                65,
                -3
              ],
              "size": [
                4,
                3,
                0
              ],
              "inflate": 0.01,
              "uv": [
                16,
                28
              ]
            },
            {
              "origin": [
                -3.1,
                65.6,
                -3
              ],
              "size": [
                1,
                2,
                0
              ],
              "inflate": 0.02,
              "uv": [
                0,
                0
              ]
            },
            {
              "origin": [
                -5,
                65,
                -3
              ],
              "size": [
                4,
                3,
                0
              ],
              "inflate": 0.01,
              "uv": [
                8,
                28
              ]
            },
            {
              "origin": [
                2.1,
                65.6,
                -3
              ],
              "size": [
                1,
                2,
                0
              ],
              "inflate": 0.02,
              "uv": [
                8,
                10
              ]
            }
          ]
        },
        {
          "name": "mouth",
          "parent": "face",
          "pivot": [
            0,
            63.5,
            -3
          ],
          "cubes": [
            {
              "origin": [
                -1,
                62.5,
                -3
              ],
              "size": [
                2,
                2,
                0
              ],
              "inflate": 0.01,
              "uv": [
                0,
                8
              ]
            }
          ]
        },
        {
          "name": "hat",
          "parent": "body",
          "pivot": [
            -0.3,
            79,
            1
          ],
          "cubes": [
            {
              "origin": [
                -16,
                79,
                -15
              ],
              "size": [
                32,
                3,
                32
              ],
              "uv": [
                0,
                0
              ]
            }
          ]
        },
        {
          "name": "hat_segment_2",
          "parent": "hat",
          "pivot": [
            -0.5,
            81.5,
            1
          ],
          "cubes": [
            {
              "origin": [
                -7,
                82,
                -5.5
              ],
              "size": [
                13,
                7,
                13
              ],
              "uv": [
                95,
                103
              ]
            }
          ]
        },
        {
          "name": "hat_segment_3",
          "parent": "hat_segment_2",
          "pivot": [
            -0.5,
            89,
            1
          ],
          "cubes": [
            {
              "origin": [
                -5,
                89,
                -3.5
              ],
              "size": [
                9,
                10,
                9
              ],
              "uv": [
                136,
                68
              ]
            }
          ]
        },
        {
          "name": "hat_segment_4",
          "parent": "hat_segment_3",
          "pivot": [
            -0.5,
            98.5,
            1
          ],
          "cubes": [
            {
              "origin": [
                -3.5,
                99,
                -2
              ],
              "size": [
                6,
                11,
                6
              ],
              "uv": [
                52,
                146
              ]
            }
          ]
        },
        {
          "name": "hat_segment_5",
          "parent": "hat_segment_4",
          "pivot": [
            -0.5,
            109.5,
            1
          ],
          "cubes": [
            {
              "origin": [
                -2.5,
                110,
                -1
              ],
              "size": [
                4,
                11,
                4
              ],
              "uv": [
                0,
                104
              ]
            }
          ]
        },
        {
          "name": "pony_tail",
          "parent": "hat",
          "pivot": [
            0.5,
            80.5,
            16
          ],
          "cubes": [
            {
              "origin": [
                -4,
                79,
                17
              ],
              "size": [
                9,
                3,
                20
              ],
              "uv": [
                0,
                81
              ]
            }
          ]
        },
        {
          "name": "pony_tail_segment_2",
          "parent": "pony_tail",
          "pivot": [
            0.5,
            80.5,
            37
          ],
          "cubes": [
            {
              "origin": [
                -3,
                79.5,
                37
              ],
              "size": [
                7,
                2,
                20
              ],
              "uv": [
                96,
                0
              ]
            }
          ]
        },
        {
          "name": "pony_tail_segment_3",
          "parent": "pony_tail_segment_2",
          "pivot": [
            0.5,
            80.5,
            57
          ],
          "cubes": [
            {
              "origin": [
                -2,
                80,
                57
              ],
              "size": [
                5,
                1,
                16
              ],
              "uv": [
                4,
                109
              ]
            }
          ]
        },
        {
          "name": "pony_tail_segment_4",
          "parent": "pony_tail_segment_3",
          "pivot": [
            0.5,
            80.7,
            73
          ],
          "cubes": [
            {
              "origin": [
                -2,
                80.7,
                73
              ],
              "size": [
                5,
                0,
                20
              ],
              "uv": [
                0,
                0
              ]
            }
          ]
        },
        {
          "name": "pony_tail_segment_5",
          "parent": "pony_tail_segment_4",
          "pivot": [
            0.5,
            80.95,
            89.92108
          ],
          "cubes": [
            {
              "origin": [
                -5,
                76.7,
                93
              ],
              "size": [
                11,
                8,
                10
              ],
              "uv": [
                42,
                35
              ]
            },
            {
              "origin": [
                -1,
                81.2,
                109
              ],
              "size": [
                3,
                1,
                5
              ],
              "uv": [
                0,
                94
              ]
            },
            {
              "origin": [
                -2,
                80.7,
                101
              ],
              "size": [
                5,
                2,
                8
              ],
              "inflate": 0.01,
              "uv": [
                66,
                125
              ]
            },
            {
              "origin": [
                -3,
                77.2,
                87
              ],
              "size": [
                7,
                7,
                6
              ],
              "uv": [
                134,
                103
              ]
            },
            {
              "origin": [
                2,
                81.2,
                108
              ],
              "size": [
                3,
                1,
                5
              ],
              "pivot": [
                3.5,
                81.7,
                100.25
              ],
              "rotation": [
                0,
                22.5,
                0
              ],
              "uv": [
                0,
                94
              ]
            },
            {
              "origin": [
                1,
                80.7,
                100
              ],
              "size": [
                5,
                2,
                8
              ],
              "pivot": [
                3.5,
                81.7,
                100.25
              ],
              "rotation": [
                0,
                22.5,
                0
              ],
              "uv": [
                66,
                125
              ]
            },
            {
              "origin": [
                -4,
                81.2,
                108
              ],
              "size": [
                3,
                1,
                5
              ],
              "pivot": [
                -2.5,
                81.7,
                100.25
              ],
              "rotation": [
                0,
                -22.5,
                0
              ],
              "uv": [
                0,
                94
              ],
              "mirror": true
            },
            {
              "origin": [
                -5,
                80.7,
                100
              ],
              "size": [
                5,
                2,
                8
              ],
              "pivot": [
                -2.5,
                81.7,
                100.25
              ],
              "rotation": [
                0,
                -22.5,
                0
              ],
              "uv": [
                66,
                125
              ],
              "mirror": true
            }
          ]
        }
      ]
    }
  ]
}