{
  "portraitScale": 1.1,
  "portraitTranslation": [
    -0.2,
    1.1,
    0
  ],
  "profileScale": 0.55,
  "profileTranslation": [
    0,
    0.8,
    0
  ],
  "cry": "bedrock(wochien, cry)",
  "poses": {
    "standing": {
      "poseName": "standing",
      "transformTicks": 10,
      "poseTypes": [
        "STAND",
        "NONE",
        "PORTRAIT",
        "PROFILE"
      ],
      "animations": [
        "bedrock(wochien, ground_idle)"
      ]
    },
    "walking": {
      "poseName": "walking",
      "transformTicks": 10,
      "poseTypes": [
        "WALK"
      ],
      "animations": [
        "bedrock(wochien, ground_walk)"
      ]
    }
  }
}