{
  "portraitScale": 2.0,
  "portraitTranslation": [
    0,
    -0.9,
    0
  ],
  "profileScale": 1,
  "profileTranslation": [
    0,
    0.3,
    0
  ],
  "cry": "bedrock(chiyu, cry)",
  "poses": {
    "standing": {
      "poseName": "standing",
      "transformTicks": 10,
      "poseTypes": [
        "STAND",
        "NONE",
        "PORTRAIT",
        "PROFILE"
      ],
      "animations": [
        "bedrock(chiyu, ground_idle)"
      ]
    },
    "walking": {
      "poseName": "walking",
      "transformTicks": 10,
      "poseTypes": [
        "WALK"
      ],
      "animations": [
        "bedrock(chiyu, ground_walk)"
      ]
    }
  }
}