{
  "portraitScale": 2,
  "portraitTranslation": [
    -1.36,
    2.15,
    0.0
  ],
  "profileScale": 0.5,
  "profileTranslation": [
    0,
    1.1,
    0.0
  ],
  "animations": {
    "faint": "q.bedrock_primary('suicune', 'faint', q.curve('one'))",
    "cry": "q.bedrock_stateful('suicune', 'cry', q.curve('symmetrical_wide'))",
    "recoil": "q.bedrock_stateful('suicune', 'recoil')",
    "physical": "q.bedrock_primary('suicune', 'physical', q.curve('symmetrical_wide'))",
    "special": "q.bedrock_primary('suicune', 'special', q.curve('symmetrical_wide'))",
    "status": "q.bedrock_primary('suicune', 'status', q.curve('symmetrical_wide'))"
  },
  "poses": {
    "battle-standing": {
      "poseTypes": [
        "STAND"
      ],
      "isBattle": true,
      "animations": [
        "q.look('head')",
        "q.bedrock('suicune', 'battle_idle')",
        "q.bedrock('suicune', 'tail_idle')",
        "q.bedrock('suicune', 'hair')"
      ],
      "quirks": [
        "q.bedrock_quirk('suicune', 'blink')"
      ]
    },
    "standing": {
      "poseTypes": [
        "STAND",
        "NONE",
        "PORTRAIT",
        "PROFILE"
      ],
      "isBattle": false,
      "animations": [
        "q.look('head')",
        "q.bedrock('suicune', 'ground_idle')",
        "q.bedrock('suicune', 'tail_idle')",
        "q.bedrock('suicune', 'hair')"
      ],
      "quirks": [
        "q.bedrock_quirk('suicune', 'blink')"
      ]
    },
    "walking": {
      "poseTypes": [
        "WALK"
      ],
      "animations": [
        "q.look('head')",
        "q.bedrock('suicune', 'ground_walk')",
        "q.bedrock('suicune', 'tail_idle')",
        "q.bedrock('suicune', 'hair')"
      ],
      "quirks": [
        "q.bedrock_quirk('suicune', 'blink')"
      ]
    },
    "sleep": {
      "poseTypes": [
        "SLEEP"
      ],
      "animations": [
        "q.bedrock('suicune', 'sleep')",
        "q.bedrock('suicune', 'tail_sleep')",
        "q.bedrock('suicune', 'hair')"
      ]
    }
  }
}