{
  "portraitScale": 1.82,
  "portraitTranslation": [
    -0.14,
    -0.4,
    0
  ],
  "profileScale": 0.61,
  "profileTranslation": [
    -0.03,
    0.85,
    0.0
  ],
  "rootBone": "karrablast",
  "animations": {
    "cry": "q.bedrock_stateful('karrablast', 'cry')"
  },
  "poses": {
    "standing": {
      "poseTypes": [
        "STAND",
        "NONE",
        "PORTRAIT",
        "PROFILE"
      ],
      "isBattle": false,
      "animations": [
        "q.bedrock('karrablast', 'ground_idle')"
      ],
      "quirks": [
        "q.bedrock_quirk('karrablast', 'blink')"
      ]
    },
    "walking": {
      "poseTypes": [
        "WALK",
        "SWIM"
      ],
      "animations": [
        "q.bedrock('karrablast', 'ground_walk')"
      ],
      "quirks": [
        "q.bedrock_quirk('karrablast', 'blink')"
      ]
    }
  }
}