{
  "format_version": "1.12.0",
  "minecraft:geometry": [
    {
      "description": {
        "identifier": "geometry.tsareena",
        "texture_width": 128,
        "texture_height": 128,
        "visible_bounds_width": 4,
        "visible_bounds_height": 4.5,
        "visible_bounds_offset": [
          0,
          1.75,
          0
        ]
      },
      "bones": [
        {
          "name": "tsareena",
          "pivot": [
            0,
            0,
            0
          ]
        },
        {
          "name": "body",
          "parent": "tsareena",
          "pivot": [
            0,
            0,
            0
          ]
        },
        {
          "name": "torso_top",
          "parent": "body",
          "pivot": [
            0,
            26.5,
            0
          ],
          "cubes": [
            {
              "origin": [
                -1.5,
                25.5,
                -1.5
              ],
              "size": [
                3,
                5,
                3
              ],
              "uv": [
                73,
                75
              ]
            },
            {
              "origin": [
                -2,
                28.8,
                -2
              ],
              "size": [
                4,
                3,
                4
              ],
              "uv": [
                90,
                68
              ]
            }
          ]
        },
        {
          "name": "head",
          "parent": "torso_top",
          "pivot": [
            0,
            29.5,
            0
          ],
          "cubes": [
            {
              "origin": [
                -4.5,
                29.5,
                -4
              ],
              "size": [
                9,
                7,
                8
              ],
              "uv": [
                34,
                34
              ]
            },
            {
              "origin": [
                -4.5,
                29.5,
                -4
              ],
              "size": [
                9,
                2,
                8
              ],
              "inflate": 0.06,
              "uv": [
                37,
                0
              ]
            }
          ]
        },
        {
          "name": "eye_right",
          "parent": "head",
          "pivot": [
            -2.75,
            33.75,
            -4
          ],
          "rotation": [
            0,
            0,
            5
          ],
          "cubes": [
            {
              "origin": [
                -4.25,
                31.75,
                -4.013
              ],
              "size": [
                3,
                4,
                0
              ],
              "inflate": 0.01,
              "uv": [
                0,
                86
              ],
              "mirror": true
            },
            {
              "origin": [
                -3.75,
                31.55,
                -4.01
              ],
              "size": [
                2.5,
                3.1,
                0
              ],
              "inflate": 0.01,
              "uv": [
                2,
                94
              ],
              "mirror": true
            },
            {
              "origin": [
                -2.55,
                33.15,
                -4.03
              ],
              "size": [
                0.5,
                0.5,
                0
              ],
              "uv": [
                3,
                3
              ]
            }
          ]
        },
        {
          "name": "pupil_right",
          "parent": "eye_right",
          "pivot": [
            -1.75,
            32.75,
            -4.016
          ],
          "cubes": [
            {
              "origin": [
                -2.45,
                31.75,
                -4.016
              ],
              "size": [
                1,
                2,
                0
              ],
              "inflate": 0.01,
              "uv": [
                8,
                88
              ],
              "mirror": true
            }
          ]
        },
        {
          "name": "eyelash_right",
          "parent": "eye_right",
          "pivot": [
            -2.25,
            33.75,
            -4
          ],
          "cubes": [
            {
              "origin": [
                -6.25,
                33.75,
                -4.025
              ],
              "size": [
                5,
                2,
                0
              ],
              "inflate": 0.01,
              "uv": [
                0,
                90
              ],
              "mirror": true
            }
          ]
        },
        {
          "name": "eyelid_right",
          "parent": "eye_right",
          "pivot": [
            -2.75,
            33.75,
            -3.9
          ],
          "cubes": [
            {
              "origin": [
                -4.25,
                31.75,
                -3.95
              ],
              "size": [
                3,
                4,
                1
              ],
              "inflate": 0.02,
              "uv": [
                10,
                85
              ],
              "mirror": true
            }
          ]
        },
        {
          "name": "eye_left",
          "parent": "head",
          "pivot": [
            2.75,
            33.75,
            -4
          ],
          "rotation": [
            0,
            0,
            -5
          ],
          "cubes": [
            {
              "origin": [
                1.25,
                31.75,
                -4.013
              ],
              "size": [
                3,
                4,
                0
              ],
              "inflate": 0.01,
              "uv": [
                0,
                86
              ]
            },
            {
              "origin": [
                1.25,
                31.55,
                -4.01
              ],
              "size": [
                2.5,
                3.1,
                0
              ],
              "inflate": 0.01,
              "uv": [
                0,
                94
              ]
            },
            {
              "origin": [
                2.05,
                33.15,
                -4.03
              ],
              "size": [
                0.5,
                0.5,
                0
              ],
              "uv": [
                3,
                3
              ]
            }
          ]
        },
        {
          "name": "pupil_left",
          "parent": "eye_left",
          "pivot": [
            1.75,
            32.75,
            -4.016
          ],
          "cubes": [
            {
              "origin": [
                1.45,
                31.75,
                -4.016
              ],
              "size": [
                1,
                2,
                0
              ],
              "inflate": 0.01,
              "uv": [
                8,
                88
              ]
            }
          ]
        },
        {
          "name": "eyelash_left",
          "parent": "eye_left",
          "pivot": [
            2.25,
            33.75,
            -4
          ],
          "cubes": [
            {
              "origin": [
                1.25,
                33.75,
                -4.035
              ],
              "size": [
                5,
                2,
                0
              ],
              "inflate": 0.01,
              "uv": [
                0,
                90
              ]
            }
          ]
        },
        {
          "name": "eyelid_left",
          "parent": "eye_left",
          "pivot": [
            2.75,
            33.75,
            -3.9
          ],
          "cubes": [
            {
              "origin": [
                1.25,
                31.75,
                -3.95
              ],
              "size": [
                3,
                4,
                1
              ],
              "inflate": 0.02,
              "uv": [
                10,
                85
              ]
            }
          ]
        },
        {
          "name": "crown",
          "parent": "head",
          "pivot": [
            1.5,
            37.5,
            1.5
          ],
          "rotation": [
            -5,
            -10,
            15
          ],
          "cubes": [
            {
              "origin": [
                -0.5,
                37.5,
                -0.5
              ],
              "size": [
                4,
                3,
                4
              ],
              "uv": [
                68,
                42
              ]
            }
          ]
        },
        {
          "name": "hair_front",
          "parent": "head",
          "pivot": [
            0,
            38.25,
            1
          ],
          "rotation": [
            10,
            -2.5,
            2.5
          ],
          "cubes": [
            {
              "origin": [
                -3,
                36.5,
                -5
              ],
              "size": [
                6,
                2,
                6
              ],
              "inflate": 0.01,
              "uv": [
                20,
                58
              ]
            }
          ]
        },
        {
          "name": "hair_front2",
          "parent": "hair_front",
          "pivot": [
            2.5,
            38,
            -5
          ],
          "rotation": [
            -5,
            55,
            0
          ],
          "cubes": [
            {
              "origin": [
                -2.5,
                37,
                -11
              ],
              "size": [
                5,
                1,
                6
              ],
              "uv": [
                0,
                60
              ]
            }
          ]
        },
        {
          "name": "hair_front3",
          "parent": "hair_front2",
          "pivot": [
            2,
            38,
            -11
          ],
          "rotation": [
            -5,
            60,
            0
          ],
          "cubes": [
            {
              "origin": [
                -2,
                37,
                -17
              ],
              "size": [
                4,
                1,
                6
              ],
              "inflate": 0.01,
              "uv": [
                62,
                23
              ]
            }
          ]
        },
        {
          "name": "hair_front4",
          "parent": "hair_front3",
          "pivot": [
            2,
            38,
            -17
          ],
          "rotation": [
            -5,
            55,
            0
          ],
          "cubes": [
            {
              "origin": [
                -2,
                37,
                -23
              ],
              "size": [
                4,
                1,
                6
              ],
              "uv": [
                62,
                16
              ]
            }
          ]
        },
        {
          "name": "hair_middle",
          "parent": "head",
          "pivot": [
            0,
            35.75,
            0.75
          ],
          "rotation": [
            -2.5,
            0,
            0
          ],
          "cubes": [
            {
              "origin": [
                -2.5,
                35.75,
                0.75
              ],
              "size": [
                5,
                2,
                5
              ],
              "uv": [
                17,
                66
              ]
            }
          ]
        },
        {
          "name": "hair_middle2",
          "parent": "hair_middle",
          "pivot": [
            0,
            37.75,
            5.75
          ],
          "rotation": [
            -70,
            0,
            0
          ],
          "cubes": [
            {
              "origin": [
                -3.5,
                36.75,
                5.75
              ],
              "size": [
                7,
                1,
                6
              ],
              "uv": [
                42,
                56
              ]
            }
          ]
        },
        {
          "name": "hair_middle3",
          "parent": "hair_middle2",
          "pivot": [
            0,
            37.75,
            11.75
          ],
          "cubes": [
            {
              "origin": [
                -3.5,
                36.75,
                11.75
              ],
              "size": [
                7,
                1,
                8
              ],
              "inflate": 0.01,
              "uv": [
                37,
                83
              ]
            },
            {
              "origin": [
                -1,
                37.775,
                12
              ],
              "size": [
                2,
                0,
                4
              ],
              "inflate": 0.01,
              "uv": [
                35,
                81
              ]
            },
            {
              "origin": [
                -1,
                36.725,
                12
              ],
              "size": [
                2,
                0,
                4
              ],
              "inflate": 0.01,
              "uv": [
                35,
                81
              ]
            }
          ]
        },
        {
          "name": "hair_middle4",
          "parent": "hair_middle3",
          "pivot": [
            0,
            37.25,
            19.75
          ],
          "cubes": [
            {
              "origin": [
                -3.5,
                36.75,
                19.75
              ],
              "size": [
                7,
                1,
                4
              ],
              "uv": [
                54,
                63
              ]
            }
          ]
        },
        {
          "name": "hair_middle5",
          "parent": "hair_middle4",
          "pivot": [
            0,
            36.75,
            23.75
          ],
          "cubes": [
            {
              "origin": [
                -4,
                36.75,
                23.75
              ],
              "size": [
                8,
                1,
                5
              ],
              "inflate": 0.01,
              "uv": [
                60,
                49
              ]
            }
          ]
        },
        {
          "name": "hair_middle6",
          "parent": "hair_middle5",
          "pivot": [
            0,
            36.75,
            28.75
          ],
          "cubes": [
            {
              "origin": [
                -5,
                36.75,
                28.75
              ],
              "size": [
                10,
                1,
                11
              ],
              "uv": [
                31,
                19
              ]
            }
          ]
        },
        {
          "name": "hair_right",
          "parent": "head",
          "pivot": [
            -2.5,
            36,
            0
          ],
          "rotation": [
            -2.5,
            -45,
            0
          ],
          "cubes": [
            {
              "origin": [
                -5,
                36,
                0
              ],
              "size": [
                5,
                2,
                5
              ],
              "uv": [
                39,
                63
              ]
            }
          ]
        },
        {
          "name": "hair_right2",
          "parent": "hair_right",
          "pivot": [
            -2.5,
            38,
            5
          ],
          "rotation": [
            -70,
            0,
            0
          ],
          "cubes": [
            {
              "origin": [
                -6,
                37,
                5
              ],
              "size": [
                7,
                1,
                6
              ],
              "uv": [
                0,
                52
              ]
            }
          ]
        },
        {
          "name": "hair_right3",
          "parent": "hair_right2",
          "pivot": [
            -2.5,
            38,
            11
          ],
          "cubes": [
            {
              "origin": [
                -5.5,
                37,
                11
              ],
              "size": [
                6,
                1,
                8
              ],
              "inflate": 0.01,
              "uv": [
                0,
                42
              ]
            }
          ]
        },
        {
          "name": "hair_right4",
          "parent": "hair_right3",
          "pivot": [
            -2.5,
            37.5,
            19
          ],
          "cubes": [
            {
              "origin": [
                -6,
                37,
                19
              ],
              "size": [
                7,
                1,
                4
              ],
              "uv": [
                63,
                0
              ]
            }
          ]
        },
        {
          "name": "hair_right5",
          "parent": "hair_right4",
          "pivot": [
            -2.5,
            37,
            23
          ],
          "cubes": [
            {
              "origin": [
                -6.5,
                37,
                23
              ],
              "size": [
                8,
                1,
                5
              ],
              "inflate": 0.01,
              "uv": [
                60,
                31
              ]
            }
          ]
        },
        {
          "name": "hair_right6",
          "parent": "hair_right5",
          "pivot": [
            -2.5,
            37,
            28
          ],
          "cubes": [
            {
              "origin": [
                -7.5,
                37,
                28
              ],
              "size": [
                10,
                1,
                11
              ],
              "uv": [
                0,
                30
              ]
            }
          ]
        },
        {
          "name": "hair_left",
          "parent": "head",
          "pivot": [
            2.5,
            36,
            0
          ],
          "rotation": [
            -2.5,
            45,
            0
          ],
          "cubes": [
            {
              "origin": [
                0,
                36,
                0
              ],
              "size": [
                5,
                2,
                5
              ],
              "uv": [
                62,
                55
              ]
            }
          ]
        },
        {
          "name": "hair_left2",
          "parent": "hair_left",
          "pivot": [
            2.5,
            38,
            5
          ],
          "rotation": [
            -70,
            0,
            0
          ],
          "cubes": [
            {
              "origin": [
                -1,
                37,
                5
              ],
              "size": [
                7,
                1,
                6
              ],
              "uv": [
                40,
                49
              ]
            }
          ]
        },
        {
          "name": "hair_left3",
          "parent": "hair_left2",
          "pivot": [
            2.5,
            38,
            11
          ],
          "cubes": [
            {
              "origin": [
                -0.5,
                37,
                11
              ],
              "size": [
                6,
                1,
                8
              ],
              "inflate": 0.01,
              "uv": [
                40,
                10
              ]
            }
          ]
        },
        {
          "name": "hair_left4",
          "parent": "hair_left3",
          "pivot": [
            2.5,
            37.5,
            19
          ],
          "cubes": [
            {
              "origin": [
                -1,
                37,
                19
              ],
              "size": [
                7,
                1,
                4
              ],
              "uv": [
                60,
                37
              ]
            }
          ]
        },
        {
          "name": "hair_left5",
          "parent": "hair_left4",
          "pivot": [
            2.5,
            37,
            23
          ],
          "cubes": [
            {
              "origin": [
                -1.5,
                37,
                23
              ],
              "size": [
                8,
                1,
                5
              ],
              "inflate": 0.01,
              "uv": [
                60,
                10
              ]
            }
          ]
        },
        {
          "name": "hair_left6",
          "parent": "hair_left5",
          "pivot": [
            2.5,
            37,
            28
          ],
          "cubes": [
            {
              "origin": [
                -2.5,
                37,
                28
              ],
              "size": [
                10,
                1,
                11
              ],
              "uv": [
                0,
                18
              ]
            }
          ]
        },
        {
          "name": "arm_right",
          "parent": "torso_top",
          "pivot": [
            -1.5,
            28.5,
            0
          ],
          "rotation": [
            2.5,
            0,
            0
          ],
          "cubes": [
            {
              "origin": [
                -4.5,
                28,
                -0.5
              ],
              "size": [
                3,
                1,
                1
              ],
              "inflate": 0.01,
              "uv": [
                31,
                31
              ]
            }
          ]
        },
        {
          "name": "arm_right2",
          "parent": "arm_right",
          "pivot": [
            -4.5,
            28.5,
            0.5
          ],
          "cubes": [
            {
              "origin": [
                -8.5,
                28,
                -0.5
              ],
              "size": [
                4,
                1,
                1
              ],
              "uv": [
                0,
                27
              ]
            }
          ]
        },
        {
          "name": "hand_right",
          "parent": "arm_right2",
          "pivot": [
            -8.5,
            28.5,
            0
          ],
          "cubes": [
            {
              "origin": [
                -11.5,
                28,
                -1
              ],
              "size": [
                3,
                1,
                2
              ],
              "inflate": 0.01,
              "uv": [
                0,
                24
              ]
            }
          ]
        },
        {
          "name": "arm_left",
          "parent": "torso_top",
          "pivot": [
            1.5,
            28.5,
            0
          ],
          "rotation": [
            2.5,
            0,
            0
          ],
          "cubes": [
            {
              "origin": [
                1.5,
                28,
                -0.5
              ],
              "size": [
                3,
                1,
                1
              ],
              "inflate": 0.01,
              "uv": [
                31,
                26
              ]
            }
          ]
        },
        {
          "name": "arm_left2",
          "parent": "arm_left",
          "pivot": [
            4.5,
            28.5,
            0.5
          ],
          "cubes": [
            {
              "origin": [
                4.5,
                28,
                -0.5
              ],
              "size": [
                4,
                1,
                1
              ],
              "uv": [
                0,
                9
              ]
            }
          ]
        },
        {
          "name": "hand_left",
          "parent": "arm_left2",
          "pivot": [
            8.5,
            28.5,
            0
          ],
          "cubes": [
            {
              "origin": [
                8.5,
                28,
                -1
              ],
              "size": [
                3,
                1,
                2
              ],
              "inflate": 0.01,
              "uv": [
                0,
                6
              ]
            }
          ]
        },
        {
          "name": "torso_bottom",
          "parent": "body",
          "pivot": [
            0,
            25,
            -0.5
          ],
          "cubes": [
            {
              "origin": [
                -6.5,
                18,
                -5.5
              ],
              "size": [
                13,
                7,
                11
              ],
              "uv": [
                0,
                0
              ]
            },
            {
              "origin": [
                -2,
                23.5,
                -2
              ],
              "size": [
                4,
                3,
                4
              ],
              "uv": [
                74,
                68
              ]
            },
            {
              "origin": [
                -3.5,
                18.7,
                -3
              ],
              "size": [
                7,
                7,
                6
              ],
              "uv": [
                21,
                115
              ]
            },
            {
              "origin": [
                -5.5,
                17.5,
                -4.5
              ],
              "size": [
                11,
                1,
                9
              ],
              "uv": [
                48,
                118
              ]
            },
            {
              "origin": [
                -4.5,
                17.5,
                -5.5
              ],
              "size": [
                9,
                1,
                1
              ],
              "uv": [
                34,
                107
              ]
            },
            {
              "origin": [
                5.49,
                17.5,
                -3.5
              ],
              "size": [
                1,
                1,
                7
              ],
              "uv": [
                38,
                101
              ]
            },
            {
              "origin": [
                -4.5,
                17.5,
                4.5
              ],
              "size": [
                9,
                1,
                1
              ],
              "uv": [
                34,
                107
              ]
            },
            {
              "origin": [
                -6.49,
                17.5,
                -3.5
              ],
              "size": [
                1,
                1,
                7
              ],
              "uv": [
                26,
                101
              ]
            },
            {
              "origin": [
                -4.5,
                18,
                5.5
              ],
              "size": [
                9,
                6,
                1
              ],
              "uv": [
                1,
                99
              ]
            },
            {
              "origin": [
                -7.5,
                18,
                -4.5
              ],
              "size": [
                1,
                6,
                4
              ],
              "uv": [
                5,
                118
              ]
            },
            {
              "origin": [
                -7.5,
                18,
                0.5
              ],
              "size": [
                1,
                6,
                4
              ],
              "uv": [
                5,
                118
              ]
            },
            {
              "origin": [
                -4.5,
                18,
                -6.5
              ],
              "size": [
                9,
                6,
                1
              ],
              "uv": [
                1,
                106
              ]
            },
            {
              "origin": [
                6.5,
                18,
                -4.5
              ],
              "size": [
                1,
                6,
                4
              ],
              "uv": [
                5,
                118
              ]
            },
            {
              "origin": [
                6.5,
                18,
                0.5
              ],
              "size": [
                1,
                6,
                4
              ],
              "uv": [
                5,
                118
              ]
            }
          ]
        },
        {
          "name": "leg_right",
          "parent": "body",
          "pivot": [
            -2.5,
            18,
            -0.5
          ],
          "cubes": [
            {
              "origin": [
                -4.5,
                10,
                -2.5
              ],
              "size": [
                4,
                5,
                4
              ],
              "uv": [
                55,
                68
              ]
            },
            {
              "origin": [
                -4,
                14.25,
                -2
              ],
              "size": [
                3,
                5,
                3
              ],
              "uv": [
                25,
                77
              ]
            },
            {
              "origin": [
                -0.52434,
                14.48326,
                -2.73463
              ],
              "size": [
                0,
                4,
                3
              ],
              "pivot": [
                -0.52434,
                15.98326,
                -1.73463
              ],
              "rotation": [
                15,
                10,
                25
              ],
              "uv": [
                31,
                19
              ]
            },
            {
              "origin": [
                -4.47566,
                14.48326,
                -2.73463
              ],
              "size": [
                0,
                4,
                3
              ],
              "pivot": [
                -4.47566,
                15.98326,
                -1.73463
              ],
              "rotation": [
                15,
                -10,
                -25
              ],
              "uv": [
                31,
                15
              ]
            },
            {
              "origin": [
                -3.51,
                14.8127,
                -3.24634
              ],
              "size": [
                2,
                4,
                0
              ],
              "pivot": [
                -2.51,
                16.3127,
                -3.24634
              ],
              "rotation": [
                30,
                0,
                0
              ],
              "uv": [
                31,
                33
              ]
            }
          ]
        },
        {
          "name": "leg_right2",
          "parent": "leg_right",
          "pivot": [
            -2.5,
            10,
            -1.75
          ],
          "cubes": [
            {
              "origin": [
                -3.5,
                0,
                -1
              ],
              "size": [
                2,
                5,
                2
              ],
              "uv": [
                86,
                80
              ]
            },
            {
              "origin": [
                -4,
                5,
                -1.75
              ],
              "size": [
                3,
                5,
                3
              ],
              "uv": [
                0,
                76
              ]
            }
          ]
        },
        {
          "name": "leg_left",
          "parent": "body",
          "pivot": [
            2.5,
            18,
            -0.5
          ],
          "cubes": [
            {
              "origin": [
                0.5,
                10,
                -2.5
              ],
              "size": [
                4,
                5,
                4
              ],
              "uv": [
                0,
                67
              ]
            },
            {
              "origin": [
                1,
                14.25,
                -2
              ],
              "size": [
                3,
                5,
                3
              ],
              "uv": [
                25,
                77
              ],
              "mirror": true
            },
            {
              "origin": [
                0.52434,
                14.48326,
                -2.73463
              ],
              "size": [
                0,
                4,
                3
              ],
              "pivot": [
                0.52434,
                15.98326,
                -1.73463
              ],
              "rotation": [
                15,
                -10,
                -25
              ],
              "uv": [
                0,
                31
              ]
            },
            {
              "origin": [
                4.47566,
                14.48326,
                -2.73463
              ],
              "size": [
                0,
                4,
                3
              ],
              "pivot": [
                4.47566,
                15.98326,
                -1.73463
              ],
              "rotation": [
                15,
                10,
                25
              ],
              "uv": [
                0,
                27
              ]
            },
            {
              "origin": [
                1.49,
                14.8127,
                -3.24634
              ],
              "size": [
                2,
                4,
                0
              ],
              "pivot": [
                2.49,
                16.3127,
                -3.24634
              ],
              "rotation": [
                30,
                0,
                0
              ],
              "uv": [
                6,
                30
              ]
            }
          ]
        },
        {
          "name": "leg_left2",
          "parent": "leg_left",
          "pivot": [
            2.5,
            10,
            -1.75
          ],
          "cubes": [
            {
              "origin": [
                1,
                5,
                -1.75
              ],
              "size": [
                3,
                5,
                3
              ],
              "uv": [
                13,
                74
              ]
            },
            {
              "origin": [
                1.5,
                0,
                -1
              ],
              "size": [
                2,
                5,
                2
              ],
              "uv": [
                76,
                88
              ]
            }
          ]
        }
      ]
    }
  ]
}