{
  "head": "head",
  "portraitScale": 1.55,
  "portraitTranslation": [
    -0.1,
    1.35,
    0
  ],
  "profileScale": 0.7,
  "profileTranslation": [
    0,
    0.8,
    0
  ],
  "animations": {
    "faint": "q.bedrock_stateful('indeedee_female', 'faint', q.curve('symmetrical_wide'))",
    "cry": "q.bedrock_stateful('indeedee_female', 'cry', q.curve('symmetrical_wide'))",
    "physical": "q.bedrock_primary('indeedee_female', 'physical', q.curve('symmetrical_wide'))"
  },
  "poses": {
    "battle-idle": {
      "poseName": "battle-idle",
      "transformTicks": 10,
      "poseTypes": [
        "STAND"
      ],
      "isBattle": true,
      "isTouchingWater": false,
      "animations": [
        "bedrock(indeedee_female, battle_idle)"
      ],
      "quirks": [
        {
          "name": "blink",
          "loopTimes": 5,
          "minSecondsBetweenOccurrences": 8,
          "maxSecondsBetweenOccurrences": 20,
          "animations": [
            "bedrock(indeedee_female, blink)"
          ]
        }
      ]
    },
    "standing": {
      "poseName": "standing",
      "transformTicks": 10,
      "poseTypes": [
        "STAND",
        "NONE",
        "PORTRAIT",
        "PROFILE"
      ],
      "isBattle": false,
      "animations": [
        "bedrock(indeedee_female, ground_idle)"
      ],
      "quirks": [
        {
          "name": "blink",
          "animations": [
            "bedrock(indeedee_female, blink)"
          ]
        }
      ]
    },
    "walking": {
      "poseName": "walking",
      "transformTicks": 10,
      "poseTypes": [
        "WALK"
      ],
      "animations": [
        "bedrock(indeedee_female, ground_walk)"
      ],
      "quirks": [
        {
          "name": "blink",
          "animations": [
            "bedrock(indeedee_female, blink)"
          ]
        }
      ]
    },
    "swimming": {
      "poseName": "swimming",
      "transformTicks": 10,
      "poseTypes": [
        "SWIM"
      ],
      "animations": [
        "bedrock(indeedee_female, ground_walk)"
      ],
      "quirks": [
        {
          "name": "blink",
          "animations": [
            "bedrock(indeedee_female, blink)"
          ]
        }
      ]
    }
  }
}