{
  "head": "head",
  "portraitScale": 2.1,
  "portraitTranslation": [
    -0.6,
    0.2,
    0
  ],
  "profileScale": 0.82,
  "profileTranslation": [
    0,
    0.54,
    0
  ],
  "cry": "bedrock(furret, cry)",
  "faint": "bedrock(furret, sleep)",
  "poses": {
    "standing": {
      "poseName": "standing",
      "transformTicks": 10,
      "poseTypes": [
        "STAND",
        "NONE",
        "PORTRAIT",
        "PROFILE"
      ],
      "animations": [
        "bedrock(furret, ground_idle)"
      ],
      "quirks": [
        {
          "name": "blink",
          "animations": [
            "bedrock(furret, blink)"
          ]
        }
      ]
    },
    "walking": {
      "poseName": "walking",
      "transformTicks": 10,
      "poseTypes": [
        "WALK"
      ],
      "animations": [
        "bedrock(furret, ground_walk)"
      ]
    },
    "sleeping": {
      "poseName": "sleeping",
      "transformTicks": 10,
      "poseTypes": [
        "SLEEP"
      ],
      "animations": [
        "bedrock(furret, sleep)"
      ]
    },
    "leftshoulder": {
      "poseName": "leftshoulder",
      "transformTicks": 10,
      "poseTypes": [
        "SHOULDER_LEFT"
      ],
      "animations": [
        "bedrock(furret, left_shoulder)"
      ],
      "quirks": [
        {
          "name": "blink",
          "animations": [
            "bedrock(furret, blink)"
          ]
        }
      ]
    },
    "rightshoulder": {
      "poseName": "rightshoulder",
      "transformTicks": 10,
      "poseTypes": [
        "SHOULDER_RIGHT"
      ],
      "animations": [
        "bedrock(furret, right_shoulder)"
      ],
      "quirks": [
        {
          "name": "blink",
          "animations": [
            "bedrock(furret, blink)"
          ]
        }
      ]
    }
  }
}