{
  "portraitScale": 1.7,
  "portraitTranslation": [ -0.8, 3.4, 0 ],
  "profileScale": 0.48,
  "profileTranslation": [ 0, 1.1, 0 ],
  "animations": {
    "faint": "q.bedrock_primary('baxcalibur', 'faint', q.curve('one'))",
    "cry": "q.bedrock_stateful('baxcalibur', 'cry', q.curve('symmetrical_wide'))",
    "recoil": "q.bedrock_stateful('baxcalibur', 'recoil')",
    "physical": "q.bedrock_primary('baxcalibur', 'physical', q.curve('symmetrical_wide'))",
    "special": "q.bedrock_primary('baxcalibur', 'special', q.curve('symmetrical_wide'))",
    "status": "q.bedrock_primary('baxcalibur', 'status', q.curve('symmetrical_wide'))"
  },
  "poses": {
    "battle-standing": {
      "poseTypes": [
        "STAND"
      ],
      "isBattle": true,
      "animations": [
        "q.look('head_ai', 1, 1, 20, -20, 25, -25)",
        "q.bedrock('baxcalibur', 'battle_idle')"
      ]
    },
    "standing": {
      "poseTypes": [
        "STAND",
        "NONE",
        "PORTRAIT",
        "PROFILE"
      ],
      "isBattle": false,
      "animations": [
        "q.look('head_ai', 1, 1, 20, -20, 25, -25)",
        "q.bedrock('baxcalibur', 'ground_idle')"
      ]
    },
    "walking": {
      "poseTypes": [
        "WALK"
      ],
      "animations": [
        "q.look('head_ai', 1, 1, 20, -20, 25, -25)",
        "q.bedrock('baxcalibur', 'ground_walk')"
      ]
    }
  }
}