{
  "head": "head",
  "portraitScale": 2.5,
  "portraitTranslation": [
    -0.8,
    2.3,
    0
  ],
  "profileScale": 0.6,
  "profileTranslation": [
    0,
    0.8,
    0
  ],
  "cry": "bedrock(virizion, cry)",
  "poses": {
    "standing": {
      "poseName": "standing",
      "transformTicks": 10,
      "poseTypes": [
        "STAND",
        "NONE",
        "PORTRAIT",
        "PROFILE"
      ],
      "animations": [
        "bedrock(virizion, ground_idle)"
      ]
    },
    "walking": {
      "poseName": "walking",
      "transformTicks": 10,
      "poseTypes": [
        "WALK"
      ],
      "animations": [
        "bedrock(virizion, ground_walk)"
      ]
    }
  }
}