{
  "portraitScale": 1.97,
  "portraitTranslation": [
    0.07,
    0.96,
    0
  ],
  "profileScale": 0.65,
  "profileTranslation": [
    0.0,
    0.8,
    0.0
  ],
  "rootBone": "combusken",
  "animations": {
    "cry": "q.bedrock_stateful('combusken', 'cry')"
  },
  "poses": {
    "battle-idle": {
      "poseName": "battle-idle",
      "poseTypes": [
        "STAND"
      ],
      "isBattle": true,
      "animations": [
        "q.look('head')",
        "q.bedrock('combusken', 'ground_idle')"
      ],
      "quirks": [
        "q.bedrock_quirk('combusken', 'blink')"
      ]
    },
    "standing": {
      "poseName": "standing",
      "poseTypes": [
        "STAND",
        "FLOAT",
        "NONE",
        "PORTRAIT",
        "PROFILE"
      ],
      "isBattle": false,
      "animations": [
        "q.look('head')",
        "q.bedrock('combusken', 'ground_idle')"
      ],
      "quirks": [
        "q.bedrock_quirk('combusken', 'blink')"
      ]
    },
    "walking": {
      "poseName": "walking",
      "poseTypes": [
        "WALK"
      ],
      "animations": [
        "q.bedrock('combusken', 'ground_walk')"
      ]
    }
  }
}
