{
  "format_version": "1.12.0",
  "minecraft:geometry": [
    {
      "description": {
        "identifier": "geometry.hatenna",
        "texture_width": 64,
        "texture_height": 64,
        "visible_bounds_width": 4,
        "visible_bounds_height": 2.5,
        "visible_bounds_offset": [
          0,
          0.75,
          0
        ]
      },
      "bones": [
        {
          "name": "hatenna",
          "pivot": [
            0,
            0,
            0
          ]
        },
        {
          "name": "torso",
          "parent": "hatenna",
          "pivot": [
            0,
            5,
            0
          ]
        },
        {
          "name": "body",
          "parent": "torso",
          "pivot": [
            0,
            4.6,
            -0.5
          ],
          "cubes": [
            {
              "origin": [
                -4,
                1.1,
                -4
              ],
              "size": [
                8,
                7,
                7
              ],
              "uv": [
                0,
                0
              ]
            }
          ]
        },
        {
          "name": "hat",
          "parent": "body",
          "pivot": [
            0,
            3.29029,
            2.02969
          ],
          "cubes": [
            {
              "origin": [
                -2.5,
                1.4076,
                -0.54643
              ],
              "size": [
                5,
                7,
                5
              ],
              "pivot": [
                1,
                4.9076,
                2.95357
              ],
              "rotation": [
                -22.5,
                0,
                0
              ],
              "uv": [
                25,
                27
              ]
            }
          ]
        },
        {
          "name": "hat_segment_2",
          "parent": "hat",
          "pivot": [
            0,
            7.94879,
            3.34654
          ],
          "cubes": [
            {
              "origin": [
                -2,
                7.44879,
                1.34654
              ],
              "size": [
                4,
                5,
                4
              ],
              "uv": [
                41,
                35
              ]
            }
          ]
        },
        {
          "name": "hat_segment_3",
          "parent": "hat_segment_2",
          "pivot": [
            0,
            11.94879,
            3.34654
          ],
          "cubes": [
            {
              "origin": [
                -1,
                11.44879,
                1.84654
              ],
              "size": [
                2,
                3,
                3
              ],
              "uv": [
                40,
                25
              ]
            }
          ]
        },
        {
          "name": "hat_segment_pony",
          "parent": "hat_segment_3",
          "pivot": [
            0,
            14.19879,
            3.34654
          ],
          "cubes": [
            {
              "origin": [
                -0.5,
                13.44879,
                2.84654
              ],
              "size": [
                1,
                2,
                1
              ],
              "uv": [
                0,
                0
              ]
            },
            {
              "origin": [
                -1,
                15.44879,
                2.34654
              ],
              "size": [
                2,
                3,
                2
              ],
              "uv": [
                44,
                7
              ]
            }
          ]
        },
        {
          "name": "hair",
          "parent": "body",
          "pivot": [
            0,
            8.85,
            0.825
          ],
          "cubes": [
            {
              "origin": [
                -1.5,
                5.1,
                -4.7
              ],
              "size": [
                3,
                4,
                6
              ],
              "uv": [
                0,
                32
              ]
            },
            {
              "origin": [
                -2.5,
                5.1,
                0.5
              ],
              "size": [
                5,
                4,
                1
              ],
              "inflate": -0.01,
              "uv": [
                12,
                32
              ]
            }
          ]
        },
        {
          "name": "left_side_hair",
          "parent": "hair",
          "pivot": [
            3.16667,
            8.57447,
            -1.00137
          ],
          "cubes": [
            {
              "origin": [
                1.5,
                4.1,
                -4.5
              ],
              "size": [
                3,
                5,
                5
              ],
              "uv": [
                13,
                37
              ]
            },
            {
              "origin": [
                1.7,
                3.9,
                -2.3
              ],
              "size": [
                3,
                3,
                3
              ],
              "uv": [
                35,
                0
              ]
            },
            {
              "origin": [
                4.7,
                4.51171,
                -2.05205
              ],
              "size": [
                0,
                2,
                1
              ],
              "inflate": 0.02,
              "uv": [
                0,
                13
              ]
            },
            {
              "origin": [
                4.7,
                4.21171,
                -1.25205
              ],
              "size": [
                0,
                1,
                1
              ],
              "inflate": 0.03,
              "uv": [
                2,
                14
              ]
            },
            {
              "origin": [
                4.7,
                4.51171,
                -0.65205
              ],
              "size": [
                0,
                1,
                1
              ],
              "inflate": 0.02,
              "uv": [
                4,
                14
              ]
            },
            {
              "origin": [
                4.7,
                5.71171,
                -1.25205
              ],
              "size": [
                0,
                1,
                1
              ],
              "inflate": 0.03,
              "uv": [
                4,
                13
              ]
            }
          ]
        },
        {
          "name": "right_side_hair",
          "parent": "hair",
          "pivot": [
            -3.16667,
            8.57447,
            -1.00137
          ],
          "cubes": [
            {
              "origin": [
                -4.5,
                4.1,
                -4.5
              ],
              "size": [
                3,
                5,
                5
              ],
              "uv": [
                13,
                37
              ],
              "mirror": true
            },
            {
              "origin": [
                -4.7,
                3.9,
                -2.3
              ],
              "size": [
                3,
                3,
                3
              ],
              "uv": [
                35,
                0
              ],
              "mirror": true
            },
            {
              "origin": [
                -4.7,
                4.51171,
                -2.05205
              ],
              "size": [
                0,
                2,
                1
              ],
              "inflate": 0.02,
              "uv": [
                0,
                13
              ],
              "mirror": true
            },
            {
              "origin": [
                -4.7,
                4.21171,
                -1.25205
              ],
              "size": [
                0,
                1,
                1
              ],
              "inflate": 0.03,
              "uv": [
                2,
                14
              ],
              "mirror": true
            },
            {
              "origin": [
                -4.7,
                4.51171,
                -0.65205
              ],
              "size": [
                0,
                1,
                1
              ],
              "inflate": 0.02,
              "uv": [
                4,
                14
              ],
              "mirror": true
            },
            {
              "origin": [
                -4.7,
                5.71171,
                -1.25205
              ],
              "size": [
                0,
                1,
                1
              ],
              "inflate": 0.03,
              "uv": [
                4,
                13
              ],
              "mirror": true
            }
          ]
        },
        {
          "name": "left_flaps",
          "parent": "body",
          "pivot": [
            3,
            8.1,
            1
          ],
          "cubes": [
            {
              "origin": [
                2.5,
                6.1,
                -2
              ],
              "size": [
                9,
                3,
                6
              ],
              "inflate": -0.01,
              "uv": [
                0,
                23
              ]
            }
          ]
        },
        {
          "name": "left_flaps_end",
          "parent": "left_flaps",
          "pivot": [
            11.4,
            8.1,
            1
          ],
          "cubes": [
            {
              "origin": [
                10.4,
                6.6,
                -2
              ],
              "size": [
                7,
                2,
                6
              ],
              "inflate": -0.02,
              "uv": [
                24,
                17
              ]
            }
          ]
        },
        {
          "name": "right_flaps",
          "parent": "body",
          "pivot": [
            -3,
            8.1,
            1
          ],
          "cubes": [
            {
              "origin": [
                -11.5,
                6.1,
                -2
              ],
              "size": [
                9,
                3,
                6
              ],
              "inflate": -0.01,
              "uv": [
                0,
                23
              ],
              "mirror": true
            }
          ]
        },
        {
          "name": "right_flaps_end",
          "parent": "right_flaps",
          "pivot": [
            -11.4,
            8.1,
            1
          ],
          "cubes": [
            {
              "origin": [
                -17.4,
                6.6,
                -2
              ],
              "size": [
                7,
                2,
                6
              ],
              "inflate": -0.02,
              "uv": [
                24,
                17
              ],
              "mirror": true
            }
          ]
        },
        {
          "name": "mouth",
          "parent": "body",
          "pivot": [
            0,
            0,
            0
          ]
        },
        {
          "name": "mouth_open",
          "parent": "mouth",
          "pivot": [
            0,
            2.4,
            -4
          ],
          "cubes": [
            {
              "origin": [
                -1,
                1.4,
                -4
              ],
              "size": [
                2,
                2,
                0
              ],
              "inflate": 0.01,
              "uv": [
                0,
                5
              ]
            }
          ]
        },
        {
          "name": "mouth_closed",
          "parent": "mouth",
          "pivot": [
            0,
            2.4,
            -4
          ],
          "cubes": [
            {
              "origin": [
                -1,
                1.9,
                -4
              ],
              "size": [
                2,
                1,
                0
              ],
              "inflate": 0.01,
              "uv": [
                3,
                0
              ]
            }
          ]
        },
        {
          "name": "legs",
          "parent": "hatenna",
          "pivot": [
            0,
            2,
            1
          ]
        },
        {
          "name": "left_leg",
          "parent": "legs",
          "pivot": [
            1.80907,
            1.15,
            0.65985
          ],
          "cubes": [
            {
              "origin": [
                2,
                0.3,
                -0.4
              ],
              "size": [
                1,
                1,
                1
              ],
              "pivot": [
                1.5,
                0.5,
                -0.5
              ],
              "rotation": [
                0,
                -22.5,
                0
              ],
              "uv": [
                3,
                2
              ]
            },
            {
              "origin": [
                1.5,
                0,
                -2
              ],
              "size": [
                2,
                1,
                3
              ],
              "pivot": [
                1.5,
                0.5,
                -0.5
              ],
              "rotation": [
                0,
                -22.5,
                0
              ],
              "uv": [
                44,
                3
              ]
            }
          ]
        },
        {
          "name": "right_leg",
          "parent": "legs",
          "pivot": [
            -1.80907,
            1.15,
            0.65985
          ],
          "cubes": [
            {
              "origin": [
                -3,
                0.3,
                -0.4
              ],
              "size": [
                1,
                1,
                1
              ],
              "pivot": [
                -1.5,
                0.5,
                -0.5
              ],
              "rotation": [
                0,
                22.5,
                0
              ],
              "uv": [
                3,
                2
              ],
              "mirror": true
            },
            {
              "origin": [
                -3.5,
                0,
                -2
              ],
              "size": [
                2,
                1,
                3
              ],
              "pivot": [
                -1.5,
                0.5,
                -0.5
              ],
              "rotation": [
                0,
                22.5,
                0
              ],
              "uv": [
                44,
                3
              ],
              "mirror": true
            }
          ]
        }
      ]
    }
  ]
}