{
  "portraitScale": 1.15,
  "portraitTranslation": [
    -0.2,
    0.8,
    0
  ],
  "profileScale": 0.6,
  "profileTranslation": [
    0,
    0.8,
    0
  ],
  "animations": {
    "cry": "q.bedrock_stateful('gengar', 'cry')"
  },
  "poses": {
    "battle-idle": {
      "poseName": "battle-idle",
      "poseTypes": [
        "STAND"
      ],
      "isBattle": true,
      "animations": [
        "q.bedrock('gengar', 'ground_idle')"
      ],
      "quirks": [
        "q.bedrock_quirk('gengar', 'blink')",
        "q.bedrock_quirk('gengar', 'laugh_quirk')"
      ]
    },
    "standing": {
      "poseName": "standing",
      "poseTypes": [
        "STAND",
        "FLOAT",
        "NONE",
        "PORTRAIT",
        "PROFILE"
      ],
      "isBattle": false,
      "animations": [
        "q.bedrock('gengar', 'ground_idle')"
      ],
      "quirks": [
        "q.bedrock_quirk('gengar', 'blink')"
      ]
    },
    "walking": {
      "poseName": "walking",
      "poseTypes": [
        "WALK"
      ],
      "animations": [
        "q.bedrock('gengar', 'ground_walk')"
      ]
    },
    "sleep": {
      "poseName": "walking",
      "poseTypes": [
        "SLEEP"
      ],
      "animations": [
        "q.bedrock('gengar', 'sleep')"
      ]
    },
    "flying": {
      "poseName": "flying",
      "poseTypes": [
        "FLY",
        "HOVER",
        "SWIM"
      ],
      "animations": [
        "q.bedrock('gengar', 'air_idle')"
      ]
    }
  }
}
