{
  "head": "head",
  "portraitScale": 2.3,
  "portraitTranslation": [
    0.2,
    -0.5,
    0
  ],
  "profileScale": 0.9,
  "profileTranslation": [
    0,
    0.4,
    0
  ],
  "poses": {
    "standing": {
      "poseName": "standing",
      "transformTicks": 10,
      "poseTypes": [
        "STAND",
        "NONE",
        "PORTRAIT",
        "PROFILE"
      ],
      "animations": [
        "bedrock(dipplin, ground_idle)"
      ]
    },
    "walking": {
      "poseName": "walking",
      "transformTicks": 10,
      "poseTypes": [
        "WALK"
      ],
      "animations": [
        "bedrock(dipplin, ground_walk)"
      ]
    }
  }
}