{
  "format_version": "1.12.0",
  "minecraft:geometry": [
    {
      "description": {
        "identifier": "geometry.chiyu",
        "texture_width": 64,
        "texture_height": 64,
        "visible_bounds_width": 4,
        "visible_bounds_height": 2.5,
        "visible_bounds_offset": [
          0,
          0.75,
          0
        ]
      },
      "bones": [
        {
          "name": "chi_yu",
          "pivot": [
            0,
            0,
            0
          ]
        },
        {
          "name": "body",
          "parent": "chi_yu",
          "pivot": [
            0,
            9,
            0
          ],
          "rotation": [
            0,
            180,
            0
          ]
        },
        {
          "name": "torso",
          "parent": "body",
          "pivot": [
            0,
            9.06475,
            0.04083
          ],
          "cubes": [
            {
              "origin": [
                -0.64142,
                8.85958,
                4.001
              ],
              "size": [
                1,
                1,
                0
              ],
              "inflate": 0.002,
              "pivot": [
                0,
                9.501,
                4.001
              ],
              "rotation": [
                0,
                0,
                -45
              ],
              "uv": [
                53,
                58
              ]
            },
            {
              "origin": [
                0.06569,
                9.56669,
                4.001
              ],
              "size": [
                1,
                1,
                0
              ],
              "pivot": [
                0,
                9.501,
                4.001
              ],
              "rotation": [
                0,
                0,
                -45
              ],
              "uv": [
                53,
                59
              ]
            },
            {
              "origin": [
                -0.5,
                11,
                1.999
              ],
              "size": [
                1,
                0,
                2
              ],
              "pivot": [
                1.5,
                10.5,
                3.999
              ],
              "rotation": [
                0,
                0,
                0
              ],
              "uv": [
                51,
                56
              ]
            },
            {
              "origin": [
                -2.5,
                5.6,
                -4
              ],
              "size": [
                5,
                6,
                6
              ],
              "uv": [
                19,
                0
              ]
            },
            {
              "origin": [
                -2.87283,
                8,
                2.01577
              ],
              "size": [
                2,
                2,
                2
              ],
              "pivot": [
                -2.47144,
                8.95,
                2.96375
              ],
              "rotation": [
                0,
                5,
                0
              ],
              "uv": [
                0,
                0
              ]
            },
            {
              "origin": [
                0.87283,
                8,
                2.01577
              ],
              "size": [
                2,
                2,
                2
              ],
              "pivot": [
                2.47144,
                8.95,
                2.96375
              ],
              "rotation": [
                0,
                -5,
                0
              ],
              "uv": [
                0,
                0
              ],
              "mirror": true
            },
            {
              "origin": [
                2.501,
                9.3,
                -2.7
              ],
              "size": [
                0,
                1,
                1
              ],
              "pivot": [
                2.501,
                9.8,
                -2.2
              ],
              "rotation": [
                -45,
                0,
                0
              ],
              "uv": [
                62,
                16
              ]
            },
            {
              "origin": [
                2.501,
                7.5,
                -2.7
              ],
              "size": [
                0,
                1,
                1
              ],
              "pivot": [
                2.501,
                8,
                -2.2
              ],
              "rotation": [
                -45,
                0,
                0
              ],
              "uv": [
                62,
                16
              ]
            },
            {
              "origin": [
                2.501,
                8.4,
                -3.7
              ],
              "size": [
                0,
                1,
                1
              ],
              "pivot": [
                2.501,
                8.9,
                -3.2
              ],
              "rotation": [
                -45,
                0,
                0
              ],
              "uv": [
                62,
                16
              ]
            },
            {
              "origin": [
                -2.501,
                9.3,
                -2.7
              ],
              "size": [
                0,
                1,
                1
              ],
              "pivot": [
                -2.501,
                9.8,
                -2.2
              ],
              "rotation": [
                -45,
                0,
                0
              ],
              "uv": [
                62,
                16
              ],
              "mirror": true
            },
            {
              "origin": [
                -2.502,
                9.28232,
                -2.21768
              ],
              "size": [
                0,
                1,
                1
              ],
              "pivot": [
                -2.501,
                9.8,
                -1.7
              ],
              "rotation": [
                -45,
                0,
                0
              ],
              "uv": [
                54,
                38
              ],
              "mirror": true
            },
            {
              "origin": [
                -2.502,
                8.38232,
                -3.21768
              ],
              "size": [
                0,
                1,
                1
              ],
              "pivot": [
                -2.501,
                8.9,
                -2.7
              ],
              "rotation": [
                -45,
                0,
                0
              ],
              "uv": [
                54,
                35
              ],
              "mirror": true
            },
            {
              "origin": [
                -2.501,
                8.4,
                -3.7
              ],
              "size": [
                0,
                1,
                1
              ],
              "pivot": [
                -2.501,
                8.9,
                -3.2
              ],
              "rotation": [
                -45,
                0,
                0
              ],
              "uv": [
                62,
                16
              ],
              "mirror": true
            },
            {
              "origin": [
                -2.501,
                7.5,
                -2.7
              ],
              "size": [
                0,
                1,
                1
              ],
              "pivot": [
                -2.501,
                8,
                -2.2
              ],
              "rotation": [
                -45,
                0,
                0
              ],
              "uv": [
                62,
                16
              ],
              "mirror": true
            },
            {
              "origin": [
                -2.502,
                7.48232,
                -2.21768
              ],
              "size": [
                0,
                1,
                1
              ],
              "pivot": [
                -2.501,
                8,
                -1.7
              ],
              "rotation": [
                -45,
                0,
                0
              ],
              "uv": [
                54,
                36
              ],
              "mirror": true
            },
            {
              "origin": [
                2.502,
                9.28232,
                -2.21768
              ],
              "size": [
                0,
                1,
                1
              ],
              "pivot": [
                2.501,
                9.8,
                -1.7
              ],
              "rotation": [
                -45,
                0,
                0
              ],
              "uv": [
                54,
                38
              ]
            },
            {
              "origin": [
                2.502,
                7.48232,
                -2.21768
              ],
              "size": [
                0,
                1,
                1
              ],
              "pivot": [
                2.501,
                8,
                -1.7
              ],
              "rotation": [
                -45,
                0,
                0
              ],
              "uv": [
                54,
                36
              ]
            },
            {
              "origin": [
                2.502,
                8.38232,
                -3.21768
              ],
              "size": [
                0,
                1,
                1
              ],
              "pivot": [
                2.501,
                8.9,
                -2.7
              ],
              "rotation": [
                -45,
                0,
                0
              ],
              "uv": [
                54,
                35
              ]
            },
            {
              "origin": [
                -2,
                7,
                2
              ],
              "size": [
                4,
                4,
                2
              ],
              "uv": [
                30,
                25
              ]
            }
          ]
        },
        {
          "name": "dorsalfin",
          "parent": "torso",
          "pivot": [
            0,
            11.03049,
            -1.09289
          ],
          "cubes": [
            {
              "origin": [
                0,
                10.16447,
                -5.09289
              ],
              "size": [
                0,
                4,
                7
              ],
              "pivot": [
                0,
                11.16447,
                -1.59289
              ],
              "rotation": [
                -30,
                0,
                0
              ],
              "uv": [
                0,
                26
              ]
            }
          ]
        },
        {
          "name": "beadright",
          "parent": "torso",
          "pivot": [
            2.47115,
            8.96667,
            2.96364
          ],
          "rotation": [
            0,
            -10,
            0
          ],
          "cubes": [
            {
              "origin": [
                2.4,
                6,
                0
              ],
              "size": [
                0,
                6,
                6
              ],
              "pivot": [
                2.47058,
                9,
                2.9634
              ],
              "rotation": [
                0,
                -5,
                0
              ],
              "uv": [
                23,
                27
              ]
            },
            {
              "origin": [
                2.4,
                8.5,
                0.5
              ],
              "size": [
                0,
                1,
                1
              ],
              "inflate": 0.005,
              "pivot": [
                2.47058,
                9,
                2.9634
              ],
              "rotation": [
                0,
                -5,
                0
              ],
              "uv": [
                19,
                15
              ]
            },
            {
              "origin": [
                2.4,
                8.5,
                4.5
              ],
              "size": [
                0,
                1,
                1
              ],
              "inflate": 0.005,
              "pivot": [
                2.47058,
                9,
                2.9634
              ],
              "rotation": [
                0,
                -5,
                0
              ],
              "uv": [
                19,
                15
              ]
            }
          ]
        },
        {
          "name": "beadleft",
          "parent": "torso",
          "pivot": [
            -2.47115,
            8.96667,
            2.96364
          ],
          "rotation": [
            0,
            10,
            0
          ],
          "cubes": [
            {
              "origin": [
                -2.4,
                6,
                0
              ],
              "size": [
                0,
                6,
                6
              ],
              "pivot": [
                -2.47058,
                9,
                2.9634
              ],
              "rotation": [
                0,
                5,
                0
              ],
              "uv": [
                23,
                27
              ],
              "mirror": true
            },
            {
              "origin": [
                -2.4,
                8.5,
                0.5
              ],
              "size": [
                0,
                1,
                1
              ],
              "inflate": 0.005,
              "pivot": [
                -2.47058,
                9,
                2.9634
              ],
              "rotation": [
                0,
                5,
                0
              ],
              "uv": [
                19,
                15
              ],
              "mirror": true
            },
            {
              "origin": [
                -2.4,
                8.5,
                4.5
              ],
              "size": [
                0,
                1,
                1
              ],
              "inflate": 0.005,
              "pivot": [
                -2.47058,
                9,
                2.9634
              ],
              "rotation": [
                0,
                5,
                0
              ],
              "uv": [
                19,
                15
              ],
              "mirror": true
            }
          ]
        },
        {
          "name": "finleft",
          "parent": "torso",
          "pivot": [
            -2.5,
            6.7,
            -0.001
          ],
          "cubes": [
            {
              "origin": [
                -6.5,
                5.2,
                -0.001
              ],
              "size": [
                4,
                3,
                0
              ],
              "uv": [
                10,
                5
              ]
            }
          ]
        },
        {
          "name": "finright",
          "parent": "torso",
          "pivot": [
            2.5,
            6.7,
            -0.001
          ],
          "cubes": [
            {
              "origin": [
                2.5,
                5.2,
                -0.001
              ],
              "size": [
                4,
                3,
                0
              ],
              "uv": [
                10,
                5
              ],
              "mirror": true
            }
          ]
        },
        {
          "name": "fin2left",
          "parent": "torso",
          "pivot": [
            -0.075,
            10.2,
            -4
          ],
          "cubes": [
            {
              "origin": [
                -0.075,
                5.2,
                -12.8
              ],
              "size": [
                0,
                11,
                9
              ],
              "uv": [
                10,
                12
              ]
            }
          ]
        },
        {
          "name": "fin2lefttip",
          "parent": "fin2left",
          "pivot": [
            -0.075,
            10.2,
            -12.8
          ],
          "cubes": [
            {
              "origin": [
                -0.075,
                5.2,
                -16.8
              ],
              "size": [
                0,
                12,
                4
              ],
              "uv": [
                16,
                33
              ]
            }
          ]
        },
        {
          "name": "fin2right",
          "parent": "torso",
          "pivot": [
            0.075,
            10.2,
            -4
          ],
          "cubes": [
            {
              "origin": [
                0.075,
                5.2,
                -12.8
              ],
              "size": [
                0,
                11,
                9
              ],
              "uv": [
                10,
                12
              ],
              "mirror": true
            }
          ]
        },
        {
          "name": "fin2righttip",
          "parent": "fin2right",
          "pivot": [
            0.075,
            10.2,
            -12.8
          ],
          "cubes": [
            {
              "origin": [
                0.075,
                5.2,
                -16.8
              ],
              "size": [
                0,
                12,
                4
              ],
              "uv": [
                16,
                33
              ],
              "mirror": true
            }
          ]
        }
      ]
    }
  ]
}