{
  "portraitScale": 2.7,
  "portraitTranslation": [
    0,
    1.5,
    0
  ],
  "profileScale": 0.7,
  "profileTranslation": [
    0,
    1.0,
    0
  ],
  "animations": {
    "physical": "q.bedrock_primary('kartana', 'physical', q.curve('symmetrical_wide'))",
    "status": "q.bedrock_primary('kartana', 'status', q.curve('symmetrical_wide'))"
  },
  "poses": {
    "battle-standing": {
      "poseTypes": [
        "STAND"
      ],
      "isBattle": true,
      "animations": [
        "q.look('head')",
        "q.bedrock('kartana', 'battle_idle')"
      ]
    },
    "standing": {
      "poseTypes": [
        "STAND",
        "NONE",
        "PORTRAIT",
        "PROFILE"
      ],
      "isBattle": false,
      "animations": [
        "q.look('head')",
        "q.bedrock('kartana', 'ground_idle')"
      ]
    },
    "walking": {
      "poseTypes": [
        "WALK"
      ],
      "animations": [
        "q.look('head')",
        "q.bedrock('kartana', 'ground_walk')"
      ]
    }
  }
}