{
  "format_version": "1.12.0",
  "minecraft:geometry": [
    {
      "description": {
        "identifier": "geometry.kingambit",
        "texture_width": 256,
        "texture_height": 256,
        "visible_bounds_width": 11,
        "visible_bounds_height": 7,
        "visible_bounds_offset": [
          0,
          2.5,
          0
        ]
      },
      "bones": [
        {
          "name": "kingambit",
          "pivot": [
            -0.5,
            0,
            -2
          ]
        },
        {
          "name": "body",
          "parent": "kingambit",
          "pivot": [
            0.5,
            22.9,
            -2
          ]
        },
        {
          "name": "torso",
          "parent": "body",
          "pivot": [
            0.5,
            17.7,
            -2
          ]
        },
        {
          "name": "lowerbody",
          "parent": "torso",
          "pivot": [
            0.5,
            16.4,
            -2
          ]
        },
        {
          "name": "turnk",
          "parent": "lowerbody",
          "pivot": [
            0,
            17,
            0
          ],
          "cubes": [
            {
              "origin": [
                -5.5,
                13,
                -4
              ],
              "size": [
                11,
                8,
                8
              ],
              "uv": [
                82,
                37
              ]
            },
            {
              "origin": [
                -5.5,
                13,
                -4
              ],
              "size": [
                11,
                8,
                8
              ],
              "uv": [
                82,
                37
              ]
            }
          ]
        },
        {
          "name": "upperbody",
          "parent": "turnk",
          "pivot": [
            0.5,
            18,
            1
          ]
        },
        {
          "name": "waist",
          "parent": "upperbody",
          "pivot": [
            0.5,
            20,
            -1
          ],
          "cubes": [
            {
              "origin": [
                -4.5,
                19,
                -3
              ],
              "size": [
                9,
                8,
                6
              ],
              "uv": [
                112,
                107
              ]
            },
            {
              "origin": [
                -24.5,
                22,
                -11.2
              ],
              "size": [
                25,
                0,
                22
              ],
              "uv": [
                0,
                22
              ]
            },
            {
              "origin": [
                -0.5,
                22,
                -11.2
              ],
              "size": [
                25,
                0,
                22
              ],
              "uv": [
                0,
                22
              ],
              "mirror": true
            },
            {
              "origin": [
                -20.5,
                26,
                -11.2
              ],
              "size": [
                25,
                0,
                22
              ],
              "uv": [
                0,
                0
              ]
            },
            {
              "origin": [
                -4.5,
                26,
                -11.2
              ],
              "size": [
                25,
                0,
                22
              ],
              "uv": [
                0,
                0
              ],
              "mirror": true
            }
          ]
        },
        {
          "name": "chest",
          "parent": "waist",
          "pivot": [
            0.5,
            27.24758,
            -1.01249
          ],
          "cubes": [
            {
              "origin": [
                -5.5,
                27,
                -4
              ],
              "size": [
                11,
                8,
                7
              ],
              "uv": [
                89,
                92
              ]
            },
            {
              "origin": [
                -6.5,
                24.84116,
                -4.40391
              ],
              "size": [
                13,
                11,
                0
              ],
              "uv": [
                42,
                180
              ]
            },
            {
              "origin": [
                -6.5,
                24.84116,
                3.59609
              ],
              "size": [
                13,
                11,
                0
              ],
              "uv": [
                16,
                180
              ]
            },
            {
              "origin": [
                -6.5,
                24.84116,
                -4.40391
              ],
              "size": [
                0,
                11,
                8
              ],
              "uv": [
                0,
                172
              ]
            },
            {
              "origin": [
                6.5,
                24.84116,
                -4.40391
              ],
              "size": [
                0,
                11,
                8
              ],
              "uv": [
                0,
                172
              ]
            },
            {
              "origin": [
                -6.5,
                35.84116,
                -4.40391
              ],
              "size": [
                13,
                0,
                8
              ],
              "uv": [
                26,
                74
              ]
            }
          ]
        },
        {
          "name": "bone",
          "parent": "chest",
          "pivot": [
            0,
            0,
            -2
          ],
          "cubes": [
            {
              "origin": [
                -6.5,
                24.84116,
                -5.40391
              ],
              "size": [
                4,
                12,
                0
              ],
              "uv": [
                32,
                103
              ],
              "mirror": true
            },
            {
              "origin": [
                -2.5,
                24.84116,
                -5.40391
              ],
              "size": [
                0,
                12,
                1
              ],
              "uv": [
                155,
                -1
              ],
              "mirror": true
            },
            {
              "origin": [
                -2.5,
                35.84116,
                -4.40391
              ],
              "size": [
                0,
                1,
                8
              ],
              "uv": [
                163,
                -3
              ],
              "mirror": true
            },
            {
              "origin": [
                -6.5,
                36.84116,
                -5.40391
              ],
              "size": [
                4,
                0,
                10
              ],
              "uv": [
                26,
                93
              ]
            },
            {
              "origin": [
                -6.5,
                24.84116,
                4.59609
              ],
              "size": [
                4,
                12,
                0
              ],
              "uv": [
                3,
                143
              ]
            },
            {
              "origin": [
                -2.5,
                24.84116,
                3.59609
              ],
              "size": [
                0,
                12,
                1
              ],
              "uv": [
                155,
                -1
              ]
            }
          ]
        },
        {
          "name": "bone2",
          "parent": "bone",
          "pivot": [
            0,
            0,
            -2
          ],
          "cubes": [
            {
              "origin": [
                2.5,
                24.84116,
                -5.40391
              ],
              "size": [
                4,
                12,
                0
              ],
              "uv": [
                32,
                103
              ]
            },
            {
              "origin": [
                2.5,
                24.84116,
                -5.40391
              ],
              "size": [
                0,
                12,
                1
              ],
              "uv": [
                155,
                -1
              ]
            },
            {
              "origin": [
                2.5,
                35.84116,
                -4.40391
              ],
              "size": [
                0,
                1,
                8
              ],
              "uv": [
                163,
                -3
              ]
            },
            {
              "origin": [
                2.5,
                36.84116,
                -5.40391
              ],
              "size": [
                4,
                0,
                10
              ],
              "uv": [
                26,
                93
              ],
              "mirror": true
            },
            {
              "origin": [
                2.5,
                24.84116,
                4.59609
              ],
              "size": [
                4,
                12,
                0
              ],
              "uv": [
                3,
                143
              ],
              "mirror": true
            },
            {
              "origin": [
                2.5,
                24.84116,
                3.59609
              ],
              "size": [
                0,
                12,
                1
              ],
              "uv": [
                155,
                -1
              ],
              "mirror": true
            }
          ]
        },
        {
          "name": "neck",
          "parent": "chest",
          "pivot": [
            0,
            35.9,
            -1.1
          ],
          "cubes": [
            {
              "origin": [
                -2,
                35.8,
                -2.6
              ],
              "size": [
                4,
                3,
                3
              ],
              "uv": [
                72,
                19
              ]
            }
          ]
        },
        {
          "name": "head",
          "parent": "neck",
          "pivot": [
            -1.4,
            39.4,
            -0.8
          ]
        },
        {
          "name": "head_ai",
          "parent": "head",
          "pivot": [
            0.4,
            36.8,
            -0.6
          ],
          "cubes": [
            {
              "origin": [
                -3.4,
                39.74116,
                -6.30391
              ],
              "size": [
                7,
                1,
                7
              ],
              "pivot": [
                0.6,
                39.24116,
                -2.30391
              ],
              "rotation": [
                16,
                0,
                0
              ],
              "uv": [
                112,
                37
              ]
            },
            {
              "origin": [
                -3.5,
                39.44116,
                -6.60391
              ],
              "size": [
                7,
                2,
                8
              ],
              "uv": [
                56,
                117
              ]
            },
            {
              "origin": [
                -1.4,
                37.7,
                -6.1
              ],
              "size": [
                2,
                3,
                2
              ],
              "pivot": [
                -0.4,
                37.7,
                -5.1
              ],
              "rotation": [
                13.30291,
                4.40252,
                -17.98636
              ],
              "uv": [
                14,
                34
              ]
            },
            {
              "origin": [
                -0.6,
                37.7,
                -6.1
              ],
              "size": [
                2,
                3,
                2
              ],
              "pivot": [
                0.4,
                37.7,
                -5.1
              ],
              "rotation": [
                13.30291,
                -4.40252,
                17.98636
              ],
              "uv": [
                14,
                34
              ],
              "mirror": true
            },
            {
              "origin": [
                -2.5,
                37.74116,
                -6.30391
              ],
              "size": [
                5,
                3,
                7
              ],
              "pivot": [
                0.5,
                39.24116,
                -2.30391
              ],
              "rotation": [
                16,
                0,
                0
              ],
              "uv": [
                118,
                88
              ]
            },
            {
              "origin": [
                -0.7,
                39.3,
                -6.6
              ],
              "size": [
                1,
                2,
                2
              ],
              "pivot": [
                -0.7,
                39.3,
                -5.6
              ],
              "rotation": [
                0,
                0,
                45
              ],
              "uv": [
                15,
                15
              ]
            },
            {
              "origin": [
                -3.4,
                38.8,
                -6.6
              ],
              "size": [
                2,
                2,
                2
              ],
              "pivot": [
                -2.4,
                38.8,
                -5.6
              ],
              "rotation": [
                0,
                0,
                45
              ],
              "uv": [
                65,
                62
              ]
            },
            {
              "origin": [
                1.4,
                38.8,
                -6.6
              ],
              "size": [
                2,
                2,
                2
              ],
              "pivot": [
                2.4,
                38.8,
                -5.6
              ],
              "rotation": [
                0,
                0,
                -45
              ],
              "uv": [
                65,
                62
              ],
              "mirror": true
            }
          ]
        },
        {
          "name": "blade",
          "parent": "head_ai",
          "pivot": [
            0,
            39.44116,
            -7.00391
          ],
          "cubes": [
            {
              "origin": [
                0,
                39.29964,
                -8.3448
              ],
              "size": [
                26,
                0,
                13
              ],
              "pivot": [
                0,
                39.44116,
                -7.00391
              ],
              "rotation": [
                21,
                0,
                0
              ],
              "uv": [
                59,
                0
              ],
              "mirror": true
            }
          ]
        },
        {
          "name": "blade2",
          "parent": "head_ai",
          "pivot": [
            0,
            39.44116,
            -7.00391
          ],
          "cubes": [
            {
              "origin": [
                -26,
                40.44116,
                -8.50391
              ],
              "size": [
                26,
                0,
                13
              ],
              "pivot": [
                -9,
                40.44116,
                -4.00391
              ],
              "rotation": [
                21,
                0,
                0
              ],
              "uv": [
                59,
                0
              ]
            }
          ]
        },
        {
          "name": "helmet",
          "parent": "head_ai",
          "pivot": [
            5,
            40.94116,
            -3.50391
          ],
          "cubes": [
            {
              "origin": [
                -4.5,
                41.14116,
                -7.30391
              ],
              "size": [
                9,
                3,
                10
              ],
              "uv": [
                58,
                86
              ]
            },
            {
              "origin": [
                -4.5,
                40.14116,
                -7.30391
              ],
              "size": [
                9,
                1,
                0
              ],
              "uv": [
                133,
                63
              ]
            },
            {
              "origin": [
                -4.5,
                40.14116,
                2.69609
              ],
              "size": [
                9,
                1,
                0
              ],
              "uv": [
                105,
                63
              ]
            },
            {
              "origin": [
                4.5,
                40.14116,
                -7.30391
              ],
              "size": [
                0,
                1,
                10
              ],
              "uv": [
                105,
                53
              ]
            },
            {
              "origin": [
                -4.5,
                40.14116,
                -7.30391
              ],
              "size": [
                0,
                1,
                10
              ],
              "uv": [
                105,
                53
              ]
            },
            {
              "origin": [
                -3.5,
                42.14116,
                -6.30391
              ],
              "size": [
                7,
                4,
                8
              ],
              "uv": [
                114,
                45
              ]
            },
            {
              "origin": [
                3.9,
                36.14116,
                -6.00391
              ],
              "size": [
                1,
                5,
                3
              ],
              "pivot": [
                4.4,
                40.64116,
                -3.50391
              ],
              "rotation": [
                -10.09541,
                25.71543,
                -58.30998
              ],
              "uv": [
                0,
                62
              ]
            },
            {
              "origin": [
                3.6,
                35.74116,
                -0.49609
              ],
              "size": [
                1,
                5,
                7
              ],
              "pivot": [
                4.1,
                40.24116,
                1.00391
              ],
              "rotation": [
                65.03493,
                -47.47216,
                -76.50912
              ],
              "uv": [
                0,
                24
              ]
            },
            {
              "origin": [
                3.9,
                36.14116,
                -3.69609
              ],
              "size": [
                1,
                5,
                6
              ],
              "pivot": [
                4.4,
                40.64116,
                -2.19609
              ],
              "rotation": [
                0,
                0,
                -56.88852
              ],
              "uv": [
                0,
                44
              ]
            },
            {
              "origin": [
                -4.9,
                36.14116,
                -6.00391
              ],
              "size": [
                1,
                5,
                3
              ],
              "pivot": [
                -4.4,
                40.64116,
                -3.50391
              ],
              "rotation": [
                -10.09541,
                -25.71543,
                58.30998
              ],
              "uv": [
                0,
                62
              ],
              "mirror": true
            },
            {
              "origin": [
                -4.9,
                36.14116,
                -3.69609
              ],
              "size": [
                1,
                5,
                6
              ],
              "pivot": [
                -4.4,
                40.64116,
                -2.19609
              ],
              "rotation": [
                0,
                0,
                56.88852
              ],
              "uv": [
                0,
                44
              ],
              "mirror": true
            },
            {
              "origin": [
                -4.6,
                35.74116,
                -0.49609
              ],
              "size": [
                1,
                5,
                7
              ],
              "pivot": [
                -4.1,
                40.24116,
                1.00391
              ],
              "rotation": [
                65.03493,
                47.47216,
                76.50912
              ],
              "uv": [
                0,
                24
              ],
              "mirror": true
            },
            {
              "origin": [
                0,
                37.94116,
                -10.10391
              ],
              "size": [
                0,
                37,
                13
              ],
              "pivot": [
                0,
                60.44116,
                -3.10391
              ],
              "rotation": [
                2,
                0,
                0
              ],
              "uv": [
                0,
                61
              ]
            },
            {
              "origin": [
                -1,
                42.94116,
                -5.10391
              ],
              "size": [
                2,
                5,
                6
              ],
              "uv": [
                0,
                127
              ]
            }
          ]
        },
        {
          "name": "eye",
          "parent": "head_ai",
          "pivot": [
            -1.4,
            40.8,
            -6.2
          ],
          "cubes": [
            {
              "origin": [
                -3.7,
                40.3,
                -6.7
              ],
              "size": [
                3,
                2,
                2
              ],
              "pivot": [
                -1.7,
                40.3,
                -5.7
              ],
              "rotation": [
                0,
                0,
                -12.5
              ],
              "uv": [
                86,
                92
              ]
            },
            {
              "origin": [
                -3.3,
                40.7,
                -6.8
              ],
              "size": [
                2,
                2,
                2
              ],
              "pivot": [
                -2.3,
                40.7,
                -5.8
              ],
              "rotation": [
                0,
                0,
                -12.5
              ],
              "uv": [
                65,
                66
              ]
            },
            {
              "origin": [
                -2.5,
                40.5,
                -7.2
              ],
              "size": [
                1,
                2,
                2
              ],
              "inflate": -0.35,
              "pivot": [
                -1.5,
                40.5,
                -6.2
              ],
              "rotation": [
                0,
                0,
                -3.5
              ],
              "uv": [
                0,
                0
              ]
            }
          ]
        },
        {
          "name": "eye2",
          "parent": "head_ai",
          "pivot": [
            1.4,
            40.8,
            -6.2
          ],
          "cubes": [
            {
              "origin": [
                1.3,
                40.7,
                -6.8
              ],
              "size": [
                2,
                2,
                2
              ],
              "pivot": [
                2.3,
                40.7,
                -5.8
              ],
              "rotation": [
                0,
                0,
                12.5
              ],
              "uv": [
                65,
                66
              ],
              "mirror": true
            },
            {
              "origin": [
                0.7,
                40.3,
                -6.7
              ],
              "size": [
                3,
                2,
                2
              ],
              "pivot": [
                1.7,
                40.3,
                -5.7
              ],
              "rotation": [
                0,
                0,
                12.5
              ],
              "uv": [
                86,
                92
              ],
              "mirror": true
            },
            {
              "origin": [
                1.7,
                40.5,
                -7.2
              ],
              "size": [
                1,
                2,
                2
              ],
              "inflate": -0.35,
              "pivot": [
                1.7,
                40.5,
                -6.2
              ],
              "rotation": [
                0,
                0,
                3.5
              ],
              "uv": [
                0,
                0
              ],
              "mirror": true
            }
          ]
        },
        {
          "name": "hair",
          "parent": "head",
          "pivot": [
            0,
            39.8,
            0
          ],
          "cubes": [
            {
              "origin": [
                -5,
                38.8,
                0.4
              ],
              "size": [
                11,
                2,
                8
              ],
              "uv": [
                106,
                78
              ]
            }
          ]
        },
        {
          "name": "hair2",
          "parent": "hair",
          "pivot": [
            0,
            39.8,
            6.35
          ],
          "cubes": [
            {
              "origin": [
                -14,
                38.8,
                6.4
              ],
              "size": [
                28,
                3,
                9
              ],
              "uv": [
                65,
                65
              ]
            }
          ]
        },
        {
          "name": "hair3",
          "parent": "hair2",
          "pivot": [
            0,
            40.8,
            13.4
          ],
          "cubes": [
            {
              "origin": [
                -17,
                38.8,
                13.4
              ],
              "size": [
                34,
                4,
                14
              ],
              "uv": [
                0,
                44
              ]
            }
          ]
        },
        {
          "name": "hair4",
          "parent": "hair3",
          "pivot": [
            0,
            40.3,
            27.8
          ],
          "cubes": [
            {
              "origin": [
                -14,
                38.8,
                26.4
              ],
              "size": [
                28,
                3,
                9
              ],
              "uv": [
                0,
                62
              ]
            }
          ]
        },
        {
          "name": "hair5",
          "parent": "hair4",
          "pivot": [
            0,
            39.8,
            35.5
          ],
          "cubes": [
            {
              "origin": [
                -8,
                38.8,
                33.4
              ],
              "size": [
                16,
                2,
                7
              ],
              "uv": [
                68,
                77
              ]
            }
          ]
        },
        {
          "name": "hair6",
          "parent": "hair5",
          "pivot": [
            0.5,
            38.8,
            40.4
          ]
        },
        {
          "name": "haircorrection",
          "parent": "hair6",
          "pivot": [
            0.5,
            40.2,
            45.2
          ],
          "cubes": [
            {
              "origin": [
                -8,
                37.8,
                40.4
              ],
              "size": [
                16,
                10,
                14
              ],
              "uv": [
                72,
                13
              ]
            }
          ]
        },
        {
          "name": "hair7",
          "parent": "hair6",
          "pivot": [
            -1,
            40,
            55
          ],
          "cubes": [
            {
              "origin": [
                -3,
                37.8,
                54.4
              ],
              "size": [
                8,
                7,
                6
              ],
              "uv": [
                28,
                115
              ]
            },
            {
              "origin": [
                -4,
                37.8,
                60.4
              ],
              "size": [
                5,
                4,
                5
              ],
              "uv": [
                0,
                15
              ]
            }
          ]
        },
        {
          "name": "hair8",
          "parent": "hair7",
          "pivot": [
            -1,
            39.3,
            65.4
          ],
          "cubes": [
            {
              "origin": [
                -2,
                37.8,
                65.4
              ],
              "size": [
                4,
                3,
                4
              ],
              "uv": [
                72,
                37
              ]
            },
            {
              "origin": [
                -4,
                37.8,
                69.4
              ],
              "size": [
                4,
                3,
                4
              ],
              "uv": [
                72,
                37
              ]
            }
          ]
        },
        {
          "name": "arm_left",
          "parent": "chest",
          "pivot": [
            6.76396,
            33.26248,
            -0.35391
          ],
          "cubes": [
            {
              "origin": [
                5.51396,
                35.76248,
                -3.40391
              ],
              "size": [
                5,
                0,
                6
              ],
              "uv": [
                0,
                0
              ]
            },
            {
              "origin": [
                5.51396,
                26.76248,
                -3.40391
              ],
              "size": [
                5,
                9,
                0
              ],
              "uv": [
                12,
                6
              ]
            },
            {
              "origin": [
                5.51396,
                26.76248,
                2.59609
              ],
              "size": [
                5,
                9,
                0
              ],
              "uv": [
                12,
                6
              ]
            },
            {
              "origin": [
                1.51396,
                26.76248,
                -3.40391
              ],
              "size": [
                6,
                9,
                6
              ],
              "uv": [
                118,
                7
              ]
            }
          ]
        },
        {
          "name": "arm_left2",
          "parent": "arm_left",
          "pivot": [
            9.51396,
            33.26248,
            -0.30391
          ],
          "cubes": [
            {
              "origin": [
                4.51396,
                27.76248,
                2.19609
              ],
              "size": [
                8,
                7,
                0
              ],
              "uv": [
                86,
                128
              ]
            },
            {
              "origin": [
                4.51396,
                34.76248,
                -2.80391
              ],
              "size": [
                8,
                0,
                5
              ],
              "uv": [
                81,
                123
              ]
            },
            {
              "origin": [
                4.51396,
                27.76248,
                -2.80391
              ],
              "size": [
                8,
                7,
                0
              ],
              "uv": [
                86,
                128
              ]
            },
            {
              "origin": [
                -0.48604,
                27.76248,
                -2.80391
              ],
              "size": [
                8,
                7,
                5
              ],
              "uv": [
                107,
                121
              ]
            }
          ]
        },
        {
          "name": "arm_left3",
          "parent": "arm_left2",
          "pivot": [
            6.49974,
            32.59091,
            -0.40391
          ],
          "cubes": [
            {
              "origin": [
                4.09974,
                31.59091,
                -1.40391
              ],
              "size": [
                12,
                2,
                2
              ],
              "uv": [
                86,
                88
              ]
            }
          ]
        },
        {
          "name": "arm_left4",
          "parent": "arm_left3",
          "pivot": [
            15.59974,
            30.09091,
            0.09609
          ],
          "cubes": [
            {
              "origin": [
                16.19974,
                33.09091,
                -1.40391
              ],
              "size": [
                7,
                4,
                0
              ],
              "uv": [
                114,
                57
              ]
            },
            {
              "origin": [
                16.19974,
                33.09091,
                0.79609
              ],
              "size": [
                7,
                4,
                0
              ],
              "uv": [
                114,
                57
              ]
            },
            {
              "origin": [
                16.19974,
                29.59091,
                1.79609
              ],
              "size": [
                7,
                4,
                0
              ],
              "pivot": [
                20.19974,
                31.59091,
                2.79609
              ],
              "rotation": [
                -90,
                0,
                0
              ],
              "uv": [
                114,
                57
              ]
            },
            {
              "origin": [
                16.19974,
                29.59091,
                -2.39609
              ],
              "size": [
                7,
                4,
                0
              ],
              "pivot": [
                20.19974,
                31.59091,
                -3.39609
              ],
              "rotation": [
                90,
                0,
                0
              ],
              "uv": [
                114,
                57
              ]
            },
            {
              "origin": [
                16.09974,
                30.09091,
                -2.30391
              ],
              "size": [
                5,
                4,
                4
              ],
              "inflate": 0.15,
              "uv": [
                0,
                36
              ]
            },
            {
              "origin": [
                20.39974,
                30.59091,
                -1.80391
              ],
              "size": [
                5,
                3,
                3
              ],
              "inflate": 0.15,
              "uv": [
                44,
                96
              ]
            }
          ]
        },
        {
          "name": "hand_left",
          "parent": "arm_left4",
          "pivot": [
            25.59974,
            32.09091,
            -0.30391
          ],
          "cubes": [
            {
              "origin": [
                24.69974,
                31.09091,
                -1.80391
              ],
              "size": [
                4,
                2,
                3
              ],
              "inflate": 0.15,
              "uv": [
                60,
                77
              ]
            },
            {
              "origin": [
                24.09974,
                31.59091,
                -2.80391
              ],
              "size": [
                3,
                1,
                1
              ],
              "inflate": 0.15,
              "pivot": [
                25.59974,
                31.59091,
                -2.30391
              ],
              "rotation": [
                0,
                36,
                0
              ],
              "uv": [
                0,
                55
              ]
            }
          ]
        },
        {
          "name": "arm_right",
          "parent": "chest",
          "pivot": [
            -6.76396,
            33.26248,
            -0.35391
          ],
          "cubes": [
            {
              "origin": [
                -10.51396,
                26.76248,
                2.59609
              ],
              "size": [
                5,
                9,
                0
              ],
              "uv": [
                12,
                6
              ],
              "mirror": true
            },
            {
              "origin": [
                -10.51396,
                35.76248,
                -3.40391
              ],
              "size": [
                5,
                0,
                6
              ],
              "uv": [
                0,
                0
              ],
              "mirror": true
            },
            {
              "origin": [
                -10.51396,
                26.76248,
                -3.40391
              ],
              "size": [
                5,
                9,
                0
              ],
              "pivot": [
                -8.01396,
                31.26248,
                -3.40391
              ],
              "rotation": [
                0,
                180,
                0
              ],
              "uv": [
                12,
                6
              ]
            },
            {
              "origin": [
                -7.51396,
                26.76248,
                -3.40391
              ],
              "size": [
                6,
                9,
                6
              ],
              "uv": [
                118,
                7
              ],
              "mirror": true
            }
          ]
        },
        {
          "name": "arm_right2",
          "parent": "arm_right",
          "pivot": [
            -9.51396,
            32.46248,
            -0.30391
          ],
          "cubes": [
            {
              "origin": [
                -12.51396,
                34.76248,
                -2.80391
              ],
              "size": [
                8,
                0,
                5
              ],
              "uv": [
                81,
                123
              ],
              "mirror": true
            },
            {
              "origin": [
                -12.51396,
                27.76248,
                2.19609
              ],
              "size": [
                8,
                7,
                0
              ],
              "uv": [
                86,
                128
              ],
              "mirror": true
            },
            {
              "origin": [
                -12.51396,
                27.76248,
                -2.80391
              ],
              "size": [
                8,
                7,
                0
              ],
              "uv": [
                86,
                128
              ],
              "mirror": true
            },
            {
              "origin": [
                -12.51396,
                27.76248,
                -2.80391
              ],
              "size": [
                8,
                7,
                0
              ],
              "uv": [
                86,
                128
              ],
              "mirror": true
            },
            {
              "origin": [
                -7.51396,
                27.76248,
                -2.80391
              ],
              "size": [
                8,
                7,
                5
              ],
              "uv": [
                107,
                121
              ],
              "mirror": true
            }
          ]
        },
        {
          "name": "arm_right3",
          "parent": "arm_right2",
          "pivot": [
            -6.49974,
            32.59091,
            -0.40391
          ],
          "cubes": [
            {
              "origin": [
                -16.09974,
                31.59091,
                -1.40391
              ],
              "size": [
                12,
                2,
                2
              ],
              "uv": [
                86,
                88
              ],
              "mirror": true
            }
          ]
        },
        {
          "name": "arm_right4",
          "parent": "arm_right3",
          "pivot": [
            -16.04974,
            32.59091,
            -0.30391
          ],
          "cubes": [
            {
              "origin": [
                -23.19974,
                29.59091,
                -2.39609
              ],
              "size": [
                7,
                4,
                0
              ],
              "pivot": [
                -20.19974,
                31.59091,
                -3.39609
              ],
              "rotation": [
                90,
                0,
                0
              ],
              "uv": [
                114,
                57
              ],
              "mirror": true
            },
            {
              "origin": [
                -23.19974,
                33.09091,
                -1.40391
              ],
              "size": [
                7,
                4,
                0
              ],
              "uv": [
                114,
                57
              ],
              "mirror": true
            },
            {
              "origin": [
                -23.19974,
                33.09091,
                0.79609
              ],
              "size": [
                7,
                4,
                0
              ],
              "uv": [
                114,
                57
              ],
              "mirror": true
            },
            {
              "origin": [
                -23.19974,
                29.59091,
                1.79609
              ],
              "size": [
                7,
                4,
                0
              ],
              "pivot": [
                -20.19974,
                31.59091,
                2.79609
              ],
              "rotation": [
                -90,
                0,
                0
              ],
              "uv": [
                114,
                57
              ],
              "mirror": true
            },
            {
              "origin": [
                -21.09974,
                30.09091,
                -2.30391
              ],
              "size": [
                5,
                4,
                4
              ],
              "inflate": 0.15,
              "uv": [
                0,
                36
              ],
              "mirror": true
            },
            {
              "origin": [
                -25.39974,
                30.59091,
                -1.80391
              ],
              "size": [
                5,
                3,
                3
              ],
              "inflate": 0.15,
              "uv": [
                44,
                96
              ],
              "mirror": true
            }
          ]
        },
        {
          "name": "hand_right",
          "parent": "arm_right4",
          "pivot": [
            -25.59974,
            32.09091,
            -0.30391
          ],
          "cubes": [
            {
              "origin": [
                -28.69974,
                31.09091,
                -1.80391
              ],
              "size": [
                4,
                2,
                3
              ],
              "inflate": 0.15,
              "uv": [
                60,
                77
              ],
              "mirror": true
            },
            {
              "origin": [
                -27.09974,
                31.59091,
                -2.80391
              ],
              "size": [
                3,
                1,
                1
              ],
              "inflate": 0.15,
              "pivot": [
                -25.59974,
                31.59091,
                -2.30391
              ],
              "rotation": [
                0,
                -36,
                0
              ],
              "uv": [
                0,
                55
              ],
              "mirror": true
            }
          ]
        },
        {
          "name": "leg_left0",
          "parent": "lowerbody",
          "pivot": [
            5.5,
            16.9,
            -0.75
          ]
        },
        {
          "name": "leg_left1",
          "parent": "leg_left0",
          "pivot": [
            6.27646,
            17.79778,
            1.25
          ],
          "cubes": [
            {
              "origin": [
                4.91224,
                11.33537,
                -2.70209
              ],
              "size": [
                7,
                9,
                7
              ],
              "uv": [
                0,
                111
              ]
            },
            {
              "origin": [
                3.91224,
                8.33537,
                -4.70209
              ],
              "size": [
                7,
                10,
                8
              ],
              "uv": [
                54,
                99
              ],
              "mirror": true
            }
          ]
        },
        {
          "name": "leg_left2",
          "parent": "leg_left1",
          "pivot": [
            6.91224,
            8.33537,
            -0.82709
          ],
          "cubes": [
            {
              "origin": [
                4.91224,
                5.33537,
                -2.70209
              ],
              "size": [
                4,
                6,
                4
              ],
              "uv": [
                16,
                127
              ],
              "mirror": true
            },
            {
              "origin": [
                5.41224,
                2.33537,
                -2.20209
              ],
              "size": [
                3,
                4,
                3
              ],
              "uv": [
                9,
                24
              ],
              "mirror": true
            }
          ]
        },
        {
          "name": "foot_left",
          "parent": "leg_left2",
          "pivot": [
            6.91224,
            2.63537,
            -0.05209
          ],
          "cubes": [
            {
              "origin": [
                5.41224,
                0.33537,
                -2.20209
              ],
              "size": [
                3,
                2,
                4
              ],
              "uv": [
                72,
                13
              ],
              "mirror": true
            },
            {
              "origin": [
                4.91224,
                0.33537,
                -5.20209
              ],
              "size": [
                4,
                2,
                3
              ],
              "uv": [
                82,
                53
              ],
              "mirror": true
            }
          ]
        },
        {
          "name": "leg_right0",
          "parent": "lowerbody",
          "pivot": [
            -5.5,
            16.9,
            -0.75
          ]
        },
        {
          "name": "leg_right1",
          "parent": "leg_right0",
          "pivot": [
            -6.27646,
            17.79778,
            1.25
          ],
          "cubes": [
            {
              "origin": [
                -11.91224,
                11.33537,
                -2.70209
              ],
              "size": [
                7,
                9,
                7
              ],
              "uv": [
                84,
                107
              ]
            },
            {
              "origin": [
                -10.91224,
                8.33537,
                -4.70209
              ],
              "size": [
                7,
                10,
                8
              ],
              "uv": [
                54,
                99
              ]
            }
          ]
        },
        {
          "name": "leg_right2",
          "parent": "leg_right1",
          "pivot": [
            -6.91224,
            8.33537,
            -0.82709
          ],
          "cubes": [
            {
              "origin": [
                -8.91224,
                5.33537,
                -2.70209
              ],
              "size": [
                4,
                6,
                4
              ],
              "uv": [
                16,
                127
              ]
            },
            {
              "origin": [
                -8.41224,
                2.33537,
                -2.20209
              ],
              "size": [
                3,
                4,
                3
              ],
              "uv": [
                9,
                24
              ]
            }
          ]
        },
        {
          "name": "foot_right",
          "parent": "leg_right2",
          "pivot": [
            -6.91224,
            2.63537,
            -0.05209
          ],
          "cubes": [
            {
              "origin": [
                -8.41224,
                0.33537,
                -2.20209
              ],
              "size": [
                3,
                2,
                4
              ],
              "uv": [
                72,
                13
              ]
            },
            {
              "origin": [
                -8.91224,
                0.33537,
                -5.20209
              ],
              "size": [
                4,
                2,
                3
              ],
              "uv": [
                82,
                53
              ]
            }
          ]
        }
      ]
    }
  ]
}