{
  "head": "head",
  "portraitScale": 2,
  "portraitTranslation": [
    -0.3,
    1.8,
    0
  ],
  "profileScale": 0.7,
  "profileTranslation": [
    0,
    0.8,
    0
  ],
  "poses": {
    "standing": {
      "poseName": "standing",
      "transformTicks": 10,
      "poseTypes": [
        "STAND",
        "NONE",
        "PORTRAIT",
        "PROFILE"
      ],
      "animations": [
        "look",
        "bedrock(mandibuzz, ground_idle)"
      ]
    },
    "walking": {
      "poseName": "walking",
      "transformTicks": 10,
      "poseTypes": [
        "WALK"
      ],
      "animations": [
        "bedrock(mandibuzz, ground_walk)"
      ]
    },
    "flying": {
      "poseName": "flying",
      "transformTicks": 10,
      "poseTypes": [
        "FLY"
      ],
      "animations": [
        "bedrock(mandibuzz, air_fly)"
      ]
    },
    "hovering": {
      "poseName": "hovering",
      "transformTicks": 10,
      "poseTypes": [
        "HOVER"
      ],
      "animations": [
        "bedrock(mandibuzz, air_idle)"
      ]
    }
  }
}