{
  "format_version": "1.12.0",
  "minecraft:geometry": [
    {
      "description": {
        "identifier": "geometry.unknown",
        "texture_width": 128,
        "texture_height": 128,
        "visible_bounds_width": 5,
        "visible_bounds_height": 4.5,
        "visible_bounds_offset": [
          0,
          1.75,
          0
        ]
      },
      "bones": [
        {
          "name": "fluttermane",
          "pivot": [
            0,
            0,
            0
          ]
        },
        {
          "name": "body",
          "parent": "fluttermane",
          "pivot": [
            0,
            18,
            0
          ]
        },
        {
          "name": "neck",
          "parent": "body",
          "pivot": [
            2,
            4,
            0
          ]
        },
        {
          "name": "torso",
          "parent": "neck",
          "pivot": [
            0,
            18.5,
            -4
          ],
          "cubes": [
            {
              "origin": [
                -3,
                17,
                -4
              ],
              "size": [
                6,
                3,
                6
              ],
              "uv": [
                37,
                36
              ]
            }
          ]
        },
        {
          "name": "necklace",
          "parent": "torso",
          "pivot": [
            0,
            19,
            -2
          ]
        },
        {
          "name": "bead_front",
          "parent": "necklace",
          "pivot": [
            0,
            17.6359,
            -5.00067
          ],
          "cubes": [
            {
              "origin": [
                -1.5,
                16.3,
                -6.725
              ],
              "size": [
                3,
                3,
                3
              ],
              "inflate": -0.3,
              "pivot": [
                0,
                19,
                -4.175
              ],
              "rotation": [
                10,
                0,
                0
              ],
              "uv": [
                74,
                19
              ]
            }
          ]
        },
        {
          "name": "bead_front_right",
          "parent": "necklace",
          "pivot": [
            -2.36171,
            17.9923,
            -4.1632
          ],
          "rotation": [
            0,
            35,
            0
          ],
          "cubes": [
            {
              "origin": [
                -3.36171,
                17.15,
                -5.36072
              ],
              "size": [
                2,
                2,
                2
              ],
              "inflate": -0.1,
              "pivot": [
                -2.36171,
                19.2,
                -3.36072
              ],
              "rotation": [
                10,
                0,
                0
              ],
              "uv": [
                80,
                50
              ]
            }
          ]
        },
        {
          "name": "bead_front_left",
          "parent": "necklace",
          "pivot": [
            2.36171,
            17.9923,
            -4.1632
          ],
          "rotation": [
            0,
            -35,
            0
          ],
          "cubes": [
            {
              "origin": [
                1.36171,
                17.15,
                -5.36072
              ],
              "size": [
                2,
                2,
                2
              ],
              "inflate": -0.1,
              "pivot": [
                2.36171,
                19.2,
                -3.36072
              ],
              "rotation": [
                10,
                0,
                0
              ],
              "uv": [
                80,
                77
              ]
            }
          ]
        },
        {
          "name": "bead_front_right2",
          "parent": "necklace",
          "pivot": [
            -3.32876,
            18.0788,
            -2.69896
          ],
          "cubes": [
            {
              "origin": [
                -4.48021,
                17.20991,
                -3.69896
              ],
              "size": [
                2,
                2,
                2
              ],
              "inflate": -0.2,
              "pivot": [
                -2.65521,
                19.00991,
                -2.69896
              ],
              "rotation": [
                0,
                0,
                -10
              ],
              "uv": [
                50,
                80
              ]
            }
          ]
        },
        {
          "name": "bead_front_left2",
          "parent": "necklace",
          "pivot": [
            3.32876,
            18.0788,
            -2.69896
          ],
          "cubes": [
            {
              "origin": [
                2.48021,
                17.20991,
                -3.69896
              ],
              "size": [
                2,
                2,
                2
              ],
              "inflate": -0.2,
              "pivot": [
                2.65521,
                19.00991,
                -2.69896
              ],
              "rotation": [
                0,
                0,
                10
              ],
              "uv": [
                80,
                54
              ]
            }
          ]
        },
        {
          "name": "bead_front_right3",
          "parent": "necklace",
          "pivot": [
            -3.20954,
            18.39105,
            -1.4
          ],
          "rotation": [
            0,
            0,
            -10
          ],
          "cubes": [
            {
              "origin": [
                -3.70954,
                17.89105,
                -1.9
              ],
              "size": [
                1,
                1,
                1
              ],
              "uv": [
                7,
                9
              ]
            }
          ]
        },
        {
          "name": "bead_front_left3",
          "parent": "necklace",
          "pivot": [
            3.20954,
            18.39105,
            -1.4
          ],
          "rotation": [
            0,
            0,
            10
          ],
          "cubes": [
            {
              "origin": [
                2.70954,
                17.89105,
                -1.9
              ],
              "size": [
                1,
                1,
                1
              ],
              "uv": [
                25,
                24
              ]
            }
          ]
        },
        {
          "name": "skirt",
          "parent": "torso",
          "pivot": [
            0,
            17.4,
            -3
          ],
          "rotation": [
            22.5,
            0,
            0
          ]
        },
        {
          "name": "skirt_horizon2",
          "parent": "skirt",
          "pivot": [
            0,
            17,
            -1
          ],
          "rotation": [
            0,
            45,
            0
          ]
        },
        {
          "name": "skirt_back3",
          "parent": "skirt_horizon2",
          "pivot": [
            0,
            17.375,
            1.95
          ],
          "rotation": [
            30,
            0,
            0
          ],
          "cubes": [
            {
              "origin": [
                -2.5,
                9.4,
                1.675
              ],
              "size": [
                5,
                9,
                0
              ],
              "uv": [
                0,
                71
              ]
            }
          ]
        },
        {
          "name": "skirt_back4",
          "parent": "skirt_back3",
          "pivot": [
            0.025,
            12.4,
            1.575
          ],
          "cubes": [
            {
              "origin": [
                -1.5,
                7.4,
                1.675
              ],
              "size": [
                3,
                2,
                0
              ],
              "uv": [
                44,
                48
              ]
            }
          ]
        },
        {
          "name": "skirt_left2",
          "parent": "skirt_horizon2",
          "pivot": [
            2.575,
            17.375,
            -1
          ],
          "rotation": [
            0,
            -90,
            -30
          ],
          "cubes": [
            {
              "origin": [
                0.075,
                9.4,
                -1
              ],
              "size": [
                5,
                9,
                0
              ],
              "uv": [
                61,
                70
              ]
            }
          ]
        },
        {
          "name": "skirt_front5",
          "parent": "skirt_left2",
          "pivot": [
            2.55,
            12.4,
            -1
          ],
          "cubes": [
            {
              "origin": [
                1.05,
                7.4,
                -1
              ],
              "size": [
                3,
                2,
                0
              ],
              "uv": [
                46,
                12
              ]
            }
          ]
        },
        {
          "name": "skirt_right2",
          "parent": "skirt_horizon2",
          "pivot": [
            -2.575,
            17.375,
            -1
          ],
          "rotation": [
            0,
            90,
            30
          ],
          "cubes": [
            {
              "origin": [
                -5.075,
                9.4,
                -1
              ],
              "size": [
                5,
                9,
                0
              ],
              "uv": [
                70,
                52
              ]
            }
          ]
        },
        {
          "name": "skirt_front6",
          "parent": "skirt_right2",
          "pivot": [
            -2.55,
            12.4,
            -1
          ],
          "cubes": [
            {
              "origin": [
                -4.05,
                7.4,
                -1
              ],
              "size": [
                3,
                2,
                0
              ],
              "uv": [
                46,
                10
              ]
            }
          ]
        },
        {
          "name": "skirt_front7",
          "parent": "skirt_horizon2",
          "pivot": [
            0,
            17.375,
            -3.65
          ],
          "rotation": [
            -30,
            0,
            0
          ],
          "cubes": [
            {
              "origin": [
                -2.5,
                9.4,
                -3.65
              ],
              "size": [
                5,
                9,
                0
              ],
              "uv": [
                0,
                0
              ]
            }
          ]
        },
        {
          "name": "skirt_front8",
          "parent": "skirt_front7",
          "pivot": [
            -0.025,
            12.4,
            -3.65
          ],
          "cubes": [
            {
              "origin": [
                -1.525,
                7.4,
                -3.65
              ],
              "size": [
                3,
                2,
                0
              ],
              "uv": [
                0,
                41
              ]
            }
          ]
        },
        {
          "name": "skirt_horizon",
          "parent": "skirt",
          "pivot": [
            0,
            17.375,
            1.95
          ]
        },
        {
          "name": "skirt_back",
          "parent": "skirt_horizon",
          "pivot": [
            0,
            17.375,
            1.95
          ],
          "rotation": [
            30,
            0,
            0
          ],
          "cubes": [
            {
              "origin": [
                -2.5,
                9.4,
                1.95
              ],
              "size": [
                5,
                9,
                0
              ],
              "uv": [
                42,
                72
              ]
            }
          ]
        },
        {
          "name": "skirt_back2",
          "parent": "skirt_back",
          "pivot": [
            0.025,
            12.4,
            1.95
          ],
          "cubes": [
            {
              "origin": [
                -1.475,
                7.4,
                1.95
              ],
              "size": [
                3,
                2,
                0
              ],
              "uv": [
                0,
                53
              ]
            }
          ]
        },
        {
          "name": "skirt_left",
          "parent": "skirt_horizon",
          "pivot": [
            2.575,
            17.375,
            -1
          ],
          "rotation": [
            0,
            -90,
            -30
          ],
          "cubes": [
            {
              "origin": [
                0.075,
                9.4,
                -1
              ],
              "size": [
                5,
                9,
                0
              ],
              "uv": [
                71,
                70
              ]
            }
          ]
        },
        {
          "name": "skirt_front4",
          "parent": "skirt_left",
          "pivot": [
            2.55,
            12.4,
            -1
          ],
          "cubes": [
            {
              "origin": [
                1.05,
                7.4,
                -1
              ],
              "size": [
                3,
                2,
                0
              ],
              "uv": [
                44,
                50
              ]
            }
          ]
        },
        {
          "name": "skirt_right",
          "parent": "skirt_horizon",
          "pivot": [
            -2.575,
            17.375,
            -1
          ],
          "rotation": [
            0,
            90,
            30
          ],
          "cubes": [
            {
              "origin": [
                -5.075,
                9.4,
                -1
              ],
              "size": [
                5,
                9,
                0
              ],
              "uv": [
                10,
                72
              ]
            }
          ]
        },
        {
          "name": "skirt_front3",
          "parent": "skirt_right",
          "pivot": [
            -2.55,
            12.4,
            -1
          ],
          "cubes": [
            {
              "origin": [
                -4.05,
                7.4,
                -1
              ],
              "size": [
                3,
                2,
                0
              ],
              "uv": [
                0,
                51
              ]
            }
          ]
        },
        {
          "name": "skirt_front",
          "parent": "skirt_horizon",
          "pivot": [
            0,
            17.375,
            -4
          ],
          "rotation": [
            -30,
            0,
            0
          ],
          "cubes": [
            {
              "origin": [
                -2.5,
                9.4,
                -4
              ],
              "size": [
                5,
                9,
                0
              ],
              "uv": [
                75,
                30
              ]
            }
          ]
        },
        {
          "name": "skirt_front2",
          "parent": "skirt_front",
          "pivot": [
            -0.025,
            9.4,
            -4
          ],
          "cubes": [
            {
              "origin": [
                -1.525,
                7.4,
                -4
              ],
              "size": [
                3,
                2,
                0
              ],
              "uv": [
                20,
                53
              ]
            }
          ]
        },
        {
          "name": "bone24",
          "parent": "torso",
          "pivot": [
            0,
            17.375,
            -4
          ]
        },
        {
          "name": "head",
          "parent": "bone24",
          "pivot": [
            5,
            4,
            0
          ],
          "cubes": [
            {
              "origin": [
                -5,
                20,
                3
              ],
              "size": [
                10,
                8,
                5
              ],
              "uv": [
                0,
                21
              ]
            },
            {
              "origin": [
                5,
                20,
                -5
              ],
              "size": [
                2,
                8,
                9
              ],
              "uv": [
                0,
                34
              ]
            },
            {
              "origin": [
                -7,
                20,
                -5
              ],
              "size": [
                2,
                8,
                9
              ],
              "uv": [
                21,
                25
              ]
            },
            {
              "origin": [
                -6,
                19,
                -6
              ],
              "size": [
                12,
                10,
                11
              ],
              "uv": [
                0,
                0
              ]
            }
          ]
        },
        {
          "name": "bone_3",
          "parent": "head",
          "pivot": [
            0,
            27.925,
            3.7875
          ],
          "rotation": [
            -27.5,
            0,
            0
          ],
          "cubes": [
            {
              "origin": [
                -1,
                27.46175,
                3.71201
              ],
              "size": [
                2,
                4,
                2
              ],
              "uv": [
                62,
                79
              ]
            },
            {
              "origin": [
                -0.5,
                29.31175,
                4.13701
              ],
              "size": [
                1,
                4,
                1
              ],
              "uv": [
                13,
                37
              ]
            }
          ]
        },
        {
          "name": "bone_2",
          "parent": "head",
          "pivot": [
            0.5,
            28.925,
            -0.3375
          ],
          "rotation": [
            -27.5,
            0,
            0
          ],
          "cubes": [
            {
              "origin": [
                -1.5,
                27.46175,
                -0.41299
              ],
              "size": [
                3,
                5,
                3
              ],
              "uv": [
                49,
                64
              ]
            },
            {
              "origin": [
                -1,
                29.31175,
                0.01201
              ],
              "size": [
                2,
                5,
                2
              ],
              "uv": [
                0,
                34
              ]
            },
            {
              "origin": [
                -0.5,
                31.31175,
                0.48701
              ],
              "size": [
                1,
                5,
                1
              ],
              "uv": [
                24,
                42
              ]
            }
          ]
        },
        {
          "name": "bone_1",
          "parent": "head",
          "pivot": [
            0,
            28.925,
            -3.9625
          ],
          "rotation": [
            -27.5,
            0,
            0
          ],
          "cubes": [
            {
              "origin": [
                -1,
                28.46175,
                -4.03799
              ],
              "size": [
                2,
                4,
                2
              ],
              "uv": [
                62,
                79
              ]
            },
            {
              "origin": [
                -0.5,
                30.31175,
                -3.61299
              ],
              "size": [
                1,
                4,
                1
              ],
              "uv": [
                13,
                37
              ]
            }
          ]
        },
        {
          "name": "hairback",
          "parent": "head",
          "pivot": [
            0,
            5,
            0
          ]
        },
        {
          "name": "hair_back4",
          "parent": "hairback",
          "pivot": [
            -3.8,
            25.075,
            4.1
          ],
          "rotation": [
            0,
            -17.5,
            0
          ],
          "cubes": [
            {
              "origin": [
                -5.30071,
                22.975,
                3.54628
              ],
              "size": [
                4,
                4,
                7
              ],
              "uv": [
                44,
                45
              ]
            }
          ]
        },
        {
          "name": "hair_back2_joint2",
          "parent": "hair_back4",
          "pivot": [
            -2.80071,
            25.475,
            9.54628
          ],
          "rotation": [
            -22.5,
            0,
            0
          ],
          "cubes": [
            {
              "origin": [
                -4.80071,
                23.475,
                9.54628
              ],
              "size": [
                3,
                3,
                5
              ],
              "uv": [
                33,
                62
              ]
            },
            {
              "origin": [
                -5.80071,
                24.975,
                10.89628
              ],
              "size": [
                5,
                0,
                3
              ],
              "uv": [
                34,
                45
              ]
            },
            {
              "origin": [
                -3.80071,
                24.475,
                12.54628
              ],
              "size": [
                1,
                1,
                5
              ],
              "uv": [
                20,
                72
              ]
            },
            {
              "origin": [
                -4.80071,
                24.95,
                14.54628
              ],
              "size": [
                3,
                0,
                3
              ],
              "uv": [
                32,
                0
              ]
            }
          ]
        },
        {
          "name": "hair_back5",
          "parent": "hairback",
          "pivot": [
            0.8,
            25.075,
            5.1
          ],
          "cubes": [
            {
              "origin": [
                -2,
                22.975,
                4.5
              ],
              "size": [
                4,
                4,
                7
              ],
              "uv": [
                22,
                42
              ]
            }
          ]
        },
        {
          "name": "hair_back2_joint3",
          "parent": "hair_back5",
          "pivot": [
            -0.5,
            25.475,
            10.5
          ],
          "rotation": [
            -22.5,
            0,
            0
          ],
          "cubes": [
            {
              "origin": [
                -1.5,
                23.475,
                10.5
              ],
              "size": [
                3,
                3,
                5
              ],
              "uv": [
                61,
                2
              ]
            },
            {
              "origin": [
                -2.5,
                24.975,
                11.85
              ],
              "size": [
                5,
                0,
                3
              ],
              "uv": [
                43,
                18
              ]
            },
            {
              "origin": [
                -0.5,
                24.475,
                13.5
              ],
              "size": [
                1,
                1,
                5
              ],
              "uv": [
                13,
                37
              ]
            },
            {
              "origin": [
                -1.5,
                24.95,
                15.5
              ],
              "size": [
                3,
                0,
                3
              ],
              "uv": [
                31,
                24
              ]
            }
          ]
        },
        {
          "name": "hair_back2",
          "parent": "hairback",
          "pivot": [
            3.8,
            25.075,
            4.1
          ],
          "rotation": [
            0,
            17.5,
            0
          ],
          "cubes": [
            {
              "origin": [
                1.30071,
                22.975,
                3.54628
              ],
              "size": [
                4,
                4,
                7
              ],
              "uv": [
                46,
                7
              ]
            }
          ]
        },
        {
          "name": "hair_back2_joint",
          "parent": "hair_back2",
          "pivot": [
            2.80071,
            25.475,
            9.54628
          ],
          "rotation": [
            -22.5,
            0,
            0
          ],
          "cubes": [
            {
              "origin": [
                1.80071,
                23.475,
                9.54628
              ],
              "size": [
                3,
                3,
                5
              ],
              "uv": [
                63,
                22
              ]
            },
            {
              "origin": [
                0.80071,
                24.975,
                10.89628
              ],
              "size": [
                5,
                0,
                3
              ],
              "uv": [
                53,
                22
              ]
            },
            {
              "origin": [
                2.80071,
                24.475,
                12.54628
              ],
              "size": [
                1,
                1,
                5
              ],
              "uv": [
                52,
                74
              ]
            },
            {
              "origin": [
                1.80071,
                24.95,
                14.54628
              ],
              "size": [
                3,
                0,
                3
              ],
              "uv": [
                32,
                3
              ]
            }
          ]
        },
        {
          "name": "eye_right",
          "parent": "head",
          "pivot": [
            -3.975,
            23.2,
            -5.925
          ],
          "cubes": [
            {
              "origin": [
                -5.975,
                21,
                -6.3
              ],
              "size": [
                4,
                3,
                1
              ],
              "inflate": -0.25,
              "uv": [
                79,
                25
              ]
            },
            {
              "origin": [
                -5.975,
                21,
                -6.025
              ],
              "size": [
                4,
                3,
                1
              ],
              "uv": [
                77,
                6
              ]
            },
            {
              "origin": [
                -4.975,
                24,
                -6.125
              ],
              "size": [
                2,
                1,
                0
              ],
              "uv": [
                28,
                24
              ]
            }
          ]
        },
        {
          "name": "bone25",
          "parent": "eye_right",
          "pivot": [
            -3.975,
            23.25,
            -6.0875
          ],
          "cubes": [
            {
              "origin": [
                -4.975,
                22,
                -6.075
              ],
              "size": [
                2,
                2,
                0
              ],
              "uv": [
                44,
                31
              ]
            }
          ]
        },
        {
          "name": "bone27",
          "parent": "bone25",
          "pivot": [
            -3.975,
            23.5,
            -6.1
          ],
          "cubes": [
            {
              "origin": [
                -4.475,
                22.5,
                -6.1
              ],
              "size": [
                1,
                2,
                0
              ],
              "uv": [
                0,
                34
              ]
            }
          ]
        },
        {
          "name": "eyelid_right",
          "parent": "eye_right",
          "pivot": [
            -3.975,
            22.5,
            -5.95
          ],
          "cubes": [
            {
              "origin": [
                -5.975,
                21,
                -5.95
              ],
              "size": [
                4,
                3,
                0
              ],
              "uv": [
                76,
                16
              ]
            }
          ]
        },
        {
          "name": "eye_left",
          "parent": "head",
          "pivot": [
            4.975,
            4,
            0.05
          ],
          "cubes": [
            {
              "origin": [
                1.975,
                21,
                -6.3
              ],
              "size": [
                4,
                3,
                1
              ],
              "inflate": -0.25,
              "uv": [
                70,
                79
              ]
            },
            {
              "origin": [
                1.975,
                21,
                -6.025
              ],
              "size": [
                4,
                3,
                1
              ],
              "uv": [
                0,
                80
              ]
            },
            {
              "origin": [
                2.975,
                24,
                -6.125
              ],
              "size": [
                2,
                1,
                0
              ],
              "uv": [
                35,
                10
              ]
            }
          ]
        },
        {
          "name": "bone26",
          "parent": "eye_left",
          "pivot": [
            3.975,
            23.25,
            -6.0875
          ],
          "cubes": [
            {
              "origin": [
                2.975,
                22,
                -6.075
              ],
              "size": [
                2,
                2,
                0
              ],
              "uv": [
                47,
                45
              ]
            }
          ]
        },
        {
          "name": "bone28",
          "parent": "bone26",
          "pivot": [
            3.975,
            23.5,
            -6.1
          ],
          "cubes": [
            {
              "origin": [
                3.475,
                22.5,
                -6.1
              ],
              "size": [
                1,
                2,
                0
              ],
              "uv": [
                6,
                34
              ]
            }
          ]
        },
        {
          "name": "eyelid_left",
          "parent": "eye_left",
          "pivot": [
            4.075,
            22.5,
            -6.1
          ],
          "cubes": [
            {
              "origin": [
                1.975,
                21,
                -5.95
              ],
              "size": [
                4,
                3,
                0
              ],
              "uv": [
                79,
                42
              ]
            }
          ]
        },
        {
          "name": "right_lower_flap",
          "parent": "head",
          "pivot": [
            -6,
            23,
            -3.9
          ],
          "rotation": [
            0,
            17.5,
            0
          ],
          "cubes": [
            {
              "origin": [
                -9,
                21,
                -4.4
              ],
              "size": [
                4,
                4,
                1
              ],
              "uv": [
                32,
                76
              ]
            }
          ]
        },
        {
          "name": "right_lower_flap_2",
          "parent": "right_lower_flap",
          "pivot": [
            -9,
            23.025,
            -4.4
          ],
          "rotation": [
            4.75346,
            32.18826,
            8.87221
          ],
          "cubes": [
            {
              "origin": [
                -15,
                20.6,
                -4.4
              ],
              "size": [
                6,
                5,
                1
              ],
              "inflate": 0.01,
              "uv": [
                0,
                65
              ]
            }
          ]
        },
        {
          "name": "right_lower_flap_3",
          "parent": "right_lower_flap_2",
          "pivot": [
            -14.975,
            22.6,
            -4.375
          ],
          "rotation": [
            15.77241,
            45.41054,
            21.63402
          ],
          "cubes": [
            {
              "origin": [
                -21,
                20.6,
                -4.4
              ],
              "size": [
                6,
                5,
                1
              ],
              "uv": [
                61,
                64
              ]
            }
          ]
        },
        {
          "name": "right_lower_flap_4",
          "parent": "right_lower_flap_3",
          "pivot": [
            -20.975,
            22.15,
            -4.375
          ],
          "rotation": [
            0,
            -42.5,
            0
          ],
          "cubes": [
            {
              "origin": [
                -29,
                20.15,
                -4.4
              ],
              "size": [
                8,
                6,
                1
              ],
              "uv": [
                20,
                59
              ]
            }
          ]
        },
        {
          "name": "bone22",
          "parent": "right_lower_flap_4",
          "pivot": [
            -28.99779,
            22.65,
            -3.72205
          ],
          "cubes": [
            {
              "origin": [
                -36,
                20.15,
                -4.025
              ],
              "size": [
                8,
                3,
                0
              ],
              "pivot": [
                -29,
                21.65,
                -4.025
              ],
              "rotation": [
                0,
                -2.5,
                -12.25
              ],
              "uv": [
                68,
                13
              ]
            },
            {
              "origin": [
                -31.99457,
                20.15,
                -4.38543
              ],
              "size": [
                4,
                3,
                0
              ],
              "inflate": 0.01,
              "pivot": [
                -27.99779,
                21.65,
                -4.27205
              ],
              "rotation": [
                -0.26941,
                3.23883,
                -4.75762
              ],
              "uv": [
                81,
                70
              ]
            },
            {
              "origin": [
                -31.00047,
                21.40064,
                -4.34803
              ],
              "size": [
                4,
                3,
                0
              ],
              "inflate": 0.01,
              "uv": [
                36,
                81
              ]
            },
            {
              "origin": [
                -32,
                23.15,
                -4.35
              ],
              "size": [
                4,
                3,
                0
              ],
              "inflate": 0.01,
              "pivot": [
                -28.625,
                24.65,
                -4.35
              ],
              "rotation": [
                0.25526,
                3.23997,
                4.50722
              ],
              "uv": [
                81,
                73
              ]
            },
            {
              "origin": [
                -37,
                21.625,
                -3.975
              ],
              "size": [
                9,
                3,
                0
              ],
              "uv": [
                35,
                7
              ]
            },
            {
              "origin": [
                -38,
                23.15,
                -3.875
              ],
              "size": [
                10,
                3,
                0
              ],
              "pivot": [
                -28,
                24.65,
                -3.875
              ],
              "rotation": [
                0,
                2.5,
                9
              ],
              "uv": [
                55,
                39
              ]
            },
            {
              "origin": [
                -32,
                23.15,
                -3.8
              ],
              "size": [
                4,
                3,
                0
              ],
              "pivot": [
                -28.625,
                24.65,
                -3.8
              ],
              "rotation": [
                0.25526,
                3.23997,
                4.50722
              ],
              "uv": [
                10,
                81
              ]
            },
            {
              "origin": [
                -31.99457,
                20.15,
                -3.83543
              ],
              "size": [
                4,
                3,
                0
              ],
              "pivot": [
                -27.99779,
                21.65,
                -3.72205
              ],
              "rotation": [
                -0.26941,
                3.23883,
                -4.75762
              ],
              "uv": [
                80,
                58
              ]
            }
          ]
        },
        {
          "name": "left_lower_flap",
          "parent": "head",
          "pivot": [
            6,
            23,
            -3.9
          ],
          "rotation": [
            0,
            -17.5,
            0
          ],
          "cubes": [
            {
              "origin": [
                5,
                21,
                -4.4
              ],
              "size": [
                4,
                4,
                1
              ],
              "uv": [
                77,
                45
              ]
            }
          ]
        },
        {
          "name": "left_lower_flap_2",
          "parent": "left_lower_flap",
          "pivot": [
            9,
            23.025,
            -4.4
          ],
          "rotation": [
            4.75346,
            -32.18826,
            -8.87221
          ],
          "cubes": [
            {
              "origin": [
                9,
                20.6,
                -4.4
              ],
              "size": [
                6,
                5,
                1
              ],
              "inflate": 0.01,
              "uv": [
                28,
                70
              ]
            }
          ]
        },
        {
          "name": "left_lower_flap_3",
          "parent": "left_lower_flap_2",
          "pivot": [
            14.975,
            22.6,
            -4.375
          ],
          "rotation": [
            15.77241,
            -45.41054,
            -21.63402
          ],
          "cubes": [
            {
              "origin": [
                15,
                20.6,
                -4.4
              ],
              "size": [
                6,
                5,
                1
              ],
              "uv": [
                14,
                66
              ]
            }
          ]
        },
        {
          "name": "left_lower_flap_4",
          "parent": "left_lower_flap_3",
          "pivot": [
            20.975,
            22.15,
            -4.375
          ],
          "rotation": [
            0,
            42.5,
            0
          ],
          "cubes": [
            {
              "origin": [
                21,
                20.15,
                -4.4
              ],
              "size": [
                8,
                6,
                1
              ],
              "uv": [
                59,
                45
              ]
            }
          ]
        },
        {
          "name": "bone21",
          "parent": "left_lower_flap_4",
          "pivot": [
            28.99779,
            22.65,
            -3.74705
          ],
          "cubes": [
            {
              "origin": [
                28,
                23.15,
                -4.35
              ],
              "size": [
                4,
                3,
                0
              ],
              "pivot": [
                28.625,
                24.65,
                -4.35
              ],
              "rotation": [
                0.25526,
                -3.23997,
                -4.50722
              ],
              "uv": [
                83,
                19
              ]
            },
            {
              "origin": [
                27.00047,
                21.40064,
                -4.34803
              ],
              "size": [
                4,
                3,
                0
              ],
              "inflate": 0.01,
              "uv": [
                80,
                81
              ]
            },
            {
              "origin": [
                27.99457,
                20.15,
                -4.38543
              ],
              "size": [
                4,
                3,
                0
              ],
              "pivot": [
                27.99779,
                21.65,
                -4.27205
              ],
              "rotation": [
                -0.26941,
                -3.23883,
                4.75762
              ],
              "uv": [
                82,
                3
              ]
            },
            {
              "origin": [
                28,
                20.15,
                -4.025
              ],
              "size": [
                8,
                3,
                0
              ],
              "pivot": [
                29,
                21.65,
                -4.025
              ],
              "rotation": [
                0,
                2.5,
                12.25
              ],
              "uv": [
                72,
                0
              ]
            },
            {
              "origin": [
                28,
                21.625,
                -3.975
              ],
              "size": [
                9,
                3,
                0
              ],
              "uv": [
                61,
                42
              ]
            },
            {
              "origin": [
                28,
                23.15,
                -3.875
              ],
              "size": [
                10,
                3,
                0
              ],
              "pivot": [
                28,
                24.65,
                -3.875
              ],
              "rotation": [
                0,
                -2.5,
                -9
              ],
              "uv": [
                61,
                10
              ]
            },
            {
              "origin": [
                28,
                23.15,
                -3.825
              ],
              "size": [
                4,
                3,
                0
              ],
              "inflate": 0.01,
              "pivot": [
                28.625,
                24.65,
                -3.825
              ],
              "rotation": [
                0.25526,
                -3.23997,
                -4.50722
              ],
              "uv": [
                28,
                81
              ]
            },
            {
              "origin": [
                27.99457,
                20.15,
                -3.86043
              ],
              "size": [
                4,
                3,
                0
              ],
              "inflate": 0.01,
              "pivot": [
                27.99779,
                21.65,
                -3.74705
              ],
              "rotation": [
                -0.26941,
                -3.23883,
                4.75762
              ],
              "uv": [
                81,
                10
              ]
            }
          ]
        },
        {
          "name": "bone23",
          "parent": "head",
          "pivot": [
            -0.5,
            20,
            -5.9
          ],
          "cubes": [
            {
              "origin": [
                -1.5,
                20,
                -5.9
              ],
              "size": [
                3,
                2,
                0
              ],
              "uv": [
                122,
                1
              ]
            }
          ]
        },
        {
          "name": "mouth",
          "parent": "head",
          "pivot": [
            4.52223,
            4.6,
            0.075
          ],
          "cubes": [
            {
              "origin": [
                -1.50277,
                20.6,
                -6.05
              ],
              "size": [
                3,
                1,
                0
              ],
              "uv": [
                0,
                10
              ]
            },
            {
              "origin": [
                0.72223,
                20.1,
                -6.025
              ],
              "size": [
                1,
                1,
                0
              ],
              "pivot": [
                0.99723,
                21.1,
                -6.05
              ],
              "rotation": [
                0,
                0,
                45
              ],
              "uv": [
                32,
                24
              ]
            },
            {
              "origin": [
                -2,
                20.975,
                -6.1
              ],
              "size": [
                4,
                1,
                0
              ],
              "uv": [
                0,
                9
              ]
            },
            {
              "origin": [
                0.72223,
                20.475,
                -6.075
              ],
              "size": [
                1,
                1,
                0
              ],
              "pivot": [
                0.99723,
                21.475,
                -6.1
              ],
              "rotation": [
                0,
                0,
                45
              ],
              "uv": [
                3,
                21
              ]
            }
          ]
        },
        {
          "name": "right_flap",
          "parent": "head",
          "pivot": [
            -3.34346,
            25.51416,
            -6
          ],
          "rotation": [
            -7.5,
            0,
            -35
          ]
        },
        {
          "name": "bone9",
          "parent": "right_flap",
          "pivot": [
            -2.57944,
            27.86647,
            -6.85479
          ],
          "rotation": [
            97.5,
            0,
            0
          ],
          "cubes": [
            {
              "origin": [
                -4.27944,
                26.86647,
                -10.25479
              ],
              "size": [
                5,
                2,
                5
              ],
              "pivot": [
                -2.57944,
                27.86647,
                -7.35479
              ],
              "rotation": [
                0,
                112.25,
                0
              ],
              "uv": [
                55,
                57
              ]
            }
          ]
        },
        {
          "name": "bone10",
          "parent": "bone9",
          "pivot": [
            -2.52944,
            28.94147,
            -4.75479
          ],
          "rotation": [
            -32.5,
            0,
            0
          ],
          "cubes": [
            {
              "origin": [
                1.0234,
                26.94147,
                0.55
              ],
              "size": [
                7,
                1,
                6
              ],
              "inflate": 0.01,
              "pivot": [
                -1.95542,
                27.93902,
                4.12403
              ],
              "rotation": [
                0,
                90,
                0
              ],
              "uv": [
                43,
                28
              ]
            }
          ]
        },
        {
          "name": "bone11",
          "parent": "bone10",
          "pivot": [
            -2.52944,
            27.41156,
            -0.25479
          ],
          "rotation": [
            -35.6484,
            -10.21235,
            7.24677
          ],
          "cubes": [
            {
              "origin": [
                -6.0766,
                26.91156,
                0.55
              ],
              "size": [
                8,
                1,
                6
              ],
              "inflate": 0.02,
              "pivot": [
                -1.95542,
                27.33902,
                4.12403
              ],
              "rotation": [
                0,
                90,
                0
              ],
              "uv": [
                34,
                21
              ]
            }
          ]
        },
        {
          "name": "bone12",
          "parent": "bone11",
          "pivot": [
            -2.14676,
            27.33688,
            8.08008
          ],
          "rotation": [
            41.7633,
            15.18892,
            13.16783
          ],
          "cubes": [
            {
              "origin": [
                -10.66259,
                26.87854,
                1.05
              ],
              "size": [
                6,
                1,
                5
              ],
              "inflate": 0.03,
              "pivot": [
                -1.95542,
                27.33902,
                4.12403
              ],
              "rotation": [
                0,
                90,
                0
              ],
              "uv": [
                21,
                53
              ]
            }
          ]
        },
        {
          "name": "bone18",
          "parent": "bone12",
          "pivot": [
            -1.52944,
            27.15354,
            12.8312
          ],
          "rotation": [
            6.75,
            0,
            0
          ],
          "cubes": [
            {
              "origin": [
                -7.52944,
                27.12854,
                10.3312
              ],
              "size": [
                4,
                0,
                3
              ],
              "inflate": 0.01,
              "pivot": [
                -3.52944,
                27.15354,
                11.8312
              ],
              "rotation": [
                -10.58678,
                64.53645,
                -11.69592
              ],
              "uv": [
                54,
                0
              ]
            },
            {
              "origin": [
                -5.52944,
                27.15354,
                11.3312
              ],
              "size": [
                4,
                0,
                3
              ],
              "inflate": 0.01,
              "pivot": [
                -1.52944,
                27.15354,
                12.8312
              ],
              "rotation": [
                -90,
                85,
                -90
              ],
              "uv": [
                10,
                34
              ]
            }
          ]
        },
        {
          "name": "bone17",
          "parent": "bone12",
          "pivot": [
            -1.52944,
            27.85354,
            12.8312
          ],
          "cubes": [
            {
              "origin": [
                -7.52944,
                27.82854,
                10.3312
              ],
              "size": [
                4,
                0,
                3
              ],
              "inflate": 0.01,
              "pivot": [
                -3.52944,
                27.85354,
                11.8312
              ],
              "rotation": [
                -10.58678,
                64.53645,
                -11.69592
              ],
              "uv": [
                72,
                39
              ]
            },
            {
              "origin": [
                -5.52944,
                27.85354,
                11.3312
              ],
              "size": [
                4,
                0,
                3
              ],
              "inflate": 0.01,
              "pivot": [
                -1.52944,
                27.85354,
                12.8312
              ],
              "rotation": [
                -90,
                85,
                -90
              ],
              "uv": [
                72,
                61
              ]
            }
          ]
        },
        {
          "name": "bone20",
          "parent": "bone12",
          "pivot": [
            -1.38139,
            27.32854,
            12.10284
          ],
          "cubes": [
            {
              "origin": [
                -10.02944,
                27.30354,
                10.8312
              ],
              "size": [
                7,
                0,
                3
              ],
              "inflate": 0.01,
              "pivot": [
                -3.52944,
                27.30354,
                12.3312
              ],
              "rotation": [
                0,
                45,
                0
              ],
              "uv": [
                22,
                21
              ]
            },
            {
              "origin": [
                -12.03571,
                27.32854,
                9.37867
              ],
              "size": [
                10,
                0,
                4
              ],
              "inflate": 0.01,
              "pivot": [
                -1.38139,
                27.32854,
                12.10284
              ],
              "rotation": [
                0,
                75,
                0
              ],
              "uv": [
                51,
                35
              ]
            }
          ]
        },
        {
          "name": "bone13",
          "parent": "right_flap",
          "pivot": [
            -7.0516,
            26.86647,
            -5.5
          ]
        },
        {
          "name": "bone14",
          "parent": "bone13",
          "pivot": [
            -11.6016,
            21.76647,
            -5.5
          ]
        },
        {
          "name": "bone15",
          "parent": "bone14",
          "pivot": [
            -18.21771,
            15.59799,
            -5.45
          ],
          "rotation": [
            0,
            0,
            -7.5
          ]
        },
        {
          "name": "left_flap",
          "parent": "head",
          "pivot": [
            3.34346,
            25.51416,
            -6
          ],
          "rotation": [
            -7.5,
            0,
            35
          ]
        },
        {
          "name": "bone5",
          "parent": "left_flap",
          "pivot": [
            2.57944,
            27.86647,
            -6.85479
          ],
          "rotation": [
            97.5,
            0,
            0
          ],
          "cubes": [
            {
              "origin": [
                -0.72056,
                26.86647,
                -10.25479
              ],
              "size": [
                5,
                2,
                5
              ],
              "pivot": [
                2.57944,
                27.86647,
                -7.35479
              ],
              "rotation": [
                0,
                -112.25,
                0
              ],
              "uv": [
                0,
                58
              ]
            },
            {
              "origin": [
                0.85285,
                28.71647,
                -7.48924
              ],
              "size": [
                5,
                0,
                3
              ],
              "pivot": [
                1.62312,
                28.66647,
                -6.15748
              ],
              "rotation": [
                0,
                -119.75,
                0
              ],
              "uv": [
                69,
                3
              ]
            },
            {
              "origin": [
                1.6488,
                28.64147,
                -6.42833
              ],
              "size": [
                5,
                0,
                3
              ],
              "pivot": [
                2.69511,
                28.64147,
                -4.67854
              ],
              "rotation": [
                0,
                -94,
                0
              ],
              "uv": [
                31,
                31
              ]
            },
            {
              "origin": [
                2.79266,
                28.66647,
                -8.4527
              ],
              "size": [
                5,
                0,
                3
              ],
              "pivot": [
                3.52984,
                28.66647,
                -6.87808
              ],
              "rotation": [
                0,
                -70.75,
                0
              ],
              "uv": [
                60,
                30
              ]
            }
          ]
        },
        {
          "name": "bone6",
          "parent": "bone5",
          "pivot": [
            2.52944,
            28.94147,
            -4.75479
          ],
          "rotation": [
            -32.5,
            0,
            0
          ],
          "cubes": [
            {
              "origin": [
                -8.0234,
                26.94147,
                0.55
              ],
              "size": [
                7,
                1,
                6
              ],
              "inflate": 0.01,
              "pivot": [
                1.95542,
                27.93902,
                4.12403
              ],
              "rotation": [
                0,
                -90,
                0
              ],
              "uv": [
                0,
                51
              ]
            }
          ]
        },
        {
          "name": "bone7",
          "parent": "bone6",
          "pivot": [
            2.52944,
            27.41156,
            -0.25479
          ],
          "rotation": [
            -35.6484,
            10.21235,
            -7.24677
          ],
          "cubes": [
            {
              "origin": [
                -1.9234,
                26.91156,
                0.55
              ],
              "size": [
                8,
                1,
                6
              ],
              "inflate": 0.02,
              "pivot": [
                1.95542,
                27.33902,
                4.12403
              ],
              "rotation": [
                0,
                -90,
                0
              ],
              "uv": [
                35,
                0
              ]
            }
          ]
        },
        {
          "name": "bone8",
          "parent": "bone7",
          "pivot": [
            2.14676,
            27.33688,
            8.08008
          ],
          "rotation": [
            41.7633,
            -15.18892,
            -13.16783
          ],
          "cubes": [
            {
              "origin": [
                4.66259,
                26.87854,
                1.05
              ],
              "size": [
                6,
                1,
                5
              ],
              "inflate": 0.03,
              "pivot": [
                1.95542,
                27.33902,
                4.12403
              ],
              "rotation": [
                0,
                -90,
                0
              ],
              "uv": [
                38,
                56
              ]
            }
          ]
        },
        {
          "name": "bone16",
          "parent": "bone8",
          "pivot": [
            3.52944,
            26.97854,
            11.8312
          ],
          "rotation": [
            6,
            0,
            0
          ],
          "cubes": [
            {
              "origin": [
                1.52944,
                26.97854,
                11.3312
              ],
              "size": [
                4,
                0,
                3
              ],
              "inflate": 0.01,
              "pivot": [
                1.52944,
                26.97854,
                12.8312
              ],
              "rotation": [
                -90,
                -85,
                90
              ],
              "uv": [
                41,
                62
              ]
            },
            {
              "origin": [
                3.52944,
                26.95354,
                10.3312
              ],
              "size": [
                4,
                0,
                3
              ],
              "inflate": 0.01,
              "pivot": [
                3.52944,
                26.97854,
                11.8312
              ],
              "rotation": [
                -10.58678,
                -64.53645,
                11.69592
              ],
              "uv": [
                54,
                3
              ]
            }
          ]
        },
        {
          "name": "bone",
          "parent": "bone8",
          "pivot": [
            3.52944,
            27.85354,
            11.8312
          ],
          "cubes": [
            {
              "origin": [
                1.52944,
                27.85354,
                11.3312
              ],
              "size": [
                4,
                0,
                3
              ],
              "inflate": 0.01,
              "pivot": [
                1.52944,
                27.85354,
                12.8312
              ],
              "rotation": [
                -90,
                -85,
                90
              ],
              "uv": [
                72,
                67
              ]
            },
            {
              "origin": [
                3.52944,
                27.82854,
                10.3312
              ],
              "size": [
                4,
                0,
                3
              ],
              "inflate": 0.01,
              "pivot": [
                3.52944,
                27.85354,
                11.8312
              ],
              "rotation": [
                -10.58678,
                -64.53645,
                11.69592
              ],
              "uv": [
                72,
                64
              ]
            }
          ]
        },
        {
          "name": "bone19",
          "parent": "bone8",
          "pivot": [
            3.38139,
            27.32854,
            13.10284
          ],
          "cubes": [
            {
              "origin": [
                3.02944,
                27.30354,
                10.8312
              ],
              "size": [
                7,
                0,
                3
              ],
              "inflate": 0.01,
              "pivot": [
                3.52944,
                27.30354,
                12.3312
              ],
              "rotation": [
                0,
                -45,
                0
              ],
              "uv": [
                31,
                28
              ]
            },
            {
              "origin": [
                2.03571,
                27.32854,
                9.37867
              ],
              "size": [
                10,
                0,
                4
              ],
              "inflate": 0.01,
              "pivot": [
                1.38139,
                27.32854,
                12.10284
              ],
              "rotation": [
                0,
                -75,
                0
              ],
              "uv": [
                52,
                18
              ]
            }
          ]
        },
        {
          "name": "bone2",
          "parent": "left_flap",
          "pivot": [
            7.0516,
            26.86647,
            -5.5
          ]
        },
        {
          "name": "bone3",
          "parent": "bone2",
          "pivot": [
            11.6016,
            21.76647,
            -5.5
          ]
        },
        {
          "name": "bone4",
          "parent": "bone3",
          "pivot": [
            18.21771,
            15.59799,
            -5.45
          ],
          "rotation": [
            0,
            0,
            7.5
          ]
        }
      ]
    }
  ]
}