{
  "head": "head",
  "portraitScale": 1.75,
  "portraitTranslation": [
    -1.0,
    2.9,
    0
  ],
  "profileScale": 0.35,
  "profileTranslation": [
    -0.1,
    1.2,
    0
  ],
  "faint": "bedrock(runerigus, sleep)",
  "poses": {
    "standing": {
      "poseName": "standing",
      "transformTicks": 10,
      "poseTypes": [
        "STAND",
        "NONE",
        "PORTRAIT",
        "PROFILE"
      ],
      "animations": [
        "look",
        "bedrock(runerigus, ground_idle)"
      ]
    },
    "walking": {
      "poseName": "walking",
      "transformTicks": 10,
      "poseTypes": [
        "WALK"
      ],
      "animations": [
        "look",
        "bedrock(runerigus, ground_walk)"
      ]
    }
  }
}