{
  "format_version": "1.12.0",
  "minecraft:geometry": [
    {
      "description": {
        "identifier": "geometry.Baxcalibur",
        "texture_width": 256,
        "texture_height": 256,
        "visible_bounds_width": 7,
        "visible_bounds_height": 4.5,
        "visible_bounds_offset": [
          0,
          1.75,
          0
        ]
      },
      "bones": [
        {
          "name": "baxcalibur",
          "pivot": [
            0,
            0,
            0
          ]
        },
        {
          "name": "body",
          "parent": "baxcalibur",
          "pivot": [
            0,
            18,
            0
          ],
          "cubes": [
            {
              "origin": [
                -8,
                10,
                -7
              ],
              "size": [
                16,
                16,
                14
              ],
              "uv": [
                0,
                0
              ]
            }
          ]
        },
        {
          "name": "torso",
          "parent": "body",
          "pivot": [
            0,
            26,
            0
          ],
          "cubes": [
            {
              "origin": [
                -6.5,
                16,
                -6.5
              ],
              "size": [
                13,
                18,
                12
              ],
              "uv": [
                1,
                31
              ]
            }
          ]
        },
        {
          "name": "neck",
          "parent": "torso",
          "pivot": [
            0,
            33,
            0
          ],
          "cubes": [
            {
              "origin": [
                -5,
                23,
                -6
              ],
              "size": [
                10,
                18,
                10
              ],
              "uv": [
                42,
                51
              ]
            },
            {
              "origin": [
                -4,
                28,
                -6
              ],
              "size": [
                8,
                21,
                8
              ],
              "inflate": 0.01,
              "uv": [
                4,
                65
              ]
            }
          ]
        },
        {
          "name": "head",
          "parent": "neck",
          "pivot": [
            0,
            48,
            -3
          ],
          "cubes": [
            {
              "origin": [
                -4,
                46,
                4
              ],
              "size": [
                8,
                8,
                9
              ],
              "pivot": [
                0,
                5,
                1
              ],
              "rotation": [
                15,
                0,
                0
              ],
              "uv": [
                86,
                4
              ]
            },
            {
              "origin": [
                -4,
                49,
                -2
              ],
              "size": [
                8,
                3,
                7
              ],
              "inflate": 0.01,
              "pivot": [
                0,
                5,
                1
              ],
              "rotation": [
                15,
                0,
                0
              ],
              "uv": [
                113,
                55
              ]
            },
            {
              "origin": [
                -0.5,
                52,
                -2
              ],
              "size": [
                1,
                0,
                7
              ],
              "inflate": 0.02,
              "pivot": [
                0,
                5,
                1
              ],
              "rotation": [
                15,
                0,
                0
              ],
              "uv": [
                132,
                12
              ]
            },
            {
              "origin": [
                -4,
                41.25,
                -26.25
              ],
              "size": [
                8,
                2,
                2
              ],
              "inflate": 0.02,
              "pivot": [
                0,
                5,
                1
              ],
              "rotation": [
                -25,
                0,
                0
              ],
              "uv": [
                46,
                10
              ]
            }
          ]
        },
        {
          "name": "bone8",
          "parent": "head",
          "pivot": [
            0,
            5,
            1
          ],
          "cubes": [
            {
              "origin": [
                -4,
                43,
                23
              ],
              "size": [
                8,
                3,
                5
              ],
              "inflate": 0.03,
              "pivot": [
                0,
                5,
                1
              ],
              "rotation": [
                45,
                0,
                0
              ],
              "uv": [
                113,
                2
              ]
            },
            {
              "origin": [
                -0.5,
                43.01,
                23
              ],
              "size": [
                1,
                3,
                5
              ],
              "inflate": 0.03,
              "pivot": [
                0,
                5,
                1
              ],
              "rotation": [
                45,
                0,
                0
              ],
              "uv": [
                129,
                11
              ]
            },
            {
              "origin": [
                4.04,
                44.5,
                24.5
              ],
              "size": [
                0,
                1,
                4
              ],
              "inflate": 0.01,
              "pivot": [
                0,
                5,
                1
              ],
              "rotation": [
                45,
                0,
                0
              ],
              "uv": [
                1,
                26
              ]
            },
            {
              "origin": [
                -4.04,
                44.5,
                24
              ],
              "size": [
                0,
                1,
                5
              ],
              "inflate": 0.01,
              "pivot": [
                0,
                5,
                1
              ],
              "rotation": [
                45,
                0,
                0
              ],
              "uv": [
                0,
                8
              ]
            },
            {
              "origin": [
                -4,
                50.9,
                2
              ],
              "size": [
                0,
                2,
                3
              ],
              "inflate": 0.035,
              "pivot": [
                0,
                5,
                1
              ],
              "rotation": [
                15,
                0,
                0
              ],
              "uv": [
                8,
                0
              ]
            },
            {
              "origin": [
                4,
                50.9,
                2
              ],
              "size": [
                0,
                2,
                3
              ],
              "inflate": 0.035,
              "pivot": [
                0,
                5,
                1
              ],
              "rotation": [
                15,
                0,
                0
              ],
              "uv": [
                0,
                0
              ]
            },
            {
              "origin": [
                4,
                50.9,
                2.25
              ],
              "size": [
                0,
                2,
                2
              ],
              "inflate": 0.04,
              "pivot": [
                0,
                5,
                1
              ],
              "rotation": [
                15,
                0,
                0
              ],
              "uv": [
                32,
                62
              ]
            },
            {
              "origin": [
                -4,
                50.9,
                2.25
              ],
              "size": [
                0,
                2,
                2
              ],
              "inflate": 0.04,
              "pivot": [
                0,
                5,
                1
              ],
              "rotation": [
                15,
                0,
                0
              ],
              "uv": [
                4,
                59
              ]
            },
            {
              "origin": [
                4.01,
                51.1,
                2.5
              ],
              "size": [
                0,
                1,
                1
              ],
              "inflate": 0.035,
              "pivot": [
                0,
                5,
                1
              ],
              "rotation": [
                15,
                0,
                0
              ],
              "uv": [
                2,
                1
              ]
            },
            {
              "origin": [
                -4.01,
                51.1,
                2.5
              ],
              "size": [
                0,
                1,
                1
              ],
              "inflate": 0.035,
              "pivot": [
                0,
                5,
                1
              ],
              "rotation": [
                15,
                0,
                0
              ],
              "uv": [
                0,
                1
              ]
            }
          ]
        },
        {
          "name": "bone12",
          "parent": "bone8",
          "pivot": [
            0,
            5,
            1
          ],
          "rotation": [
            45,
            0,
            0
          ],
          "cubes": [
            {
              "origin": [
                -19.3,
                45.03,
                19.95
              ],
              "size": [
                3,
                1,
                3
              ],
              "inflate": 0.02,
              "pivot": [
                0,
                5,
                1
              ],
              "rotation": [
                0,
                45,
                0
              ],
              "uv": [
                137,
                0
              ]
            },
            {
              "origin": [
                16.3,
                45.03,
                19.95
              ],
              "size": [
                3,
                1,
                3
              ],
              "inflate": 0.02,
              "pivot": [
                0,
                5,
                1
              ],
              "rotation": [
                0,
                -45,
                0
              ],
              "uv": [
                153,
                0
              ],
              "mirror": true
            }
          ]
        },
        {
          "name": "bone",
          "parent": "bone8",
          "pivot": [
            0,
            5,
            1
          ],
          "rotation": [
            15,
            0,
            0
          ],
          "cubes": [
            {
              "origin": [
                -40.6,
                27.9,
                -2
              ],
              "size": [
                2,
                4,
                1
              ],
              "pivot": [
                0,
                5,
                1
              ],
              "rotation": [
                0,
                0,
                60
              ],
              "uv": [
                39,
                35
              ]
            },
            {
              "origin": [
                38.6,
                27.9,
                -2
              ],
              "size": [
                2,
                4,
                1
              ],
              "pivot": [
                0,
                5,
                1
              ],
              "rotation": [
                0,
                0,
                -60
              ],
              "uv": [
                39,
                30
              ]
            },
            {
              "origin": [
                4,
                34.6,
                32.75
              ],
              "size": [
                0,
                1,
                1
              ],
              "inflate": 0.02,
              "pivot": [
                0,
                5,
                1
              ],
              "rotation": [
                45,
                0,
                0
              ],
              "uv": [
                73,
                58
              ]
            },
            {
              "origin": [
                -4,
                34.6,
                32.75
              ],
              "size": [
                0,
                1,
                1
              ],
              "inflate": 0.02,
              "pivot": [
                0,
                5,
                1
              ],
              "rotation": [
                45,
                0,
                0
              ],
              "uv": [
                73,
                58
              ],
              "mirror": true
            }
          ]
        },
        {
          "name": "bone11",
          "parent": "head",
          "pivot": [
            0,
            47,
            -6
          ],
          "cubes": [
            {
              "origin": [
                -4,
                46,
                -2
              ],
              "size": [
                8,
                3,
                7
              ],
              "inflate": 0.02,
              "pivot": [
                0,
                5,
                1
              ],
              "rotation": [
                15,
                0,
                0
              ],
              "uv": [
                112,
                117
              ]
            },
            {
              "origin": [
                -4,
                46,
                -2
              ],
              "size": [
                8,
                3,
                0
              ],
              "inflate": 0.01,
              "pivot": [
                0,
                5,
                1
              ],
              "rotation": [
                15,
                0,
                0
              ],
              "uv": [
                118,
                6
              ]
            },
            {
              "origin": [
                -4,
                46.1,
                -2
              ],
              "size": [
                8,
                0,
                7
              ],
              "inflate": 0.01,
              "pivot": [
                0,
                5,
                1
              ],
              "rotation": [
                15,
                0,
                0
              ],
              "uv": [
                120,
                117
              ]
            },
            {
              "origin": [
                4,
                46,
                -2
              ],
              "size": [
                0,
                3,
                7
              ],
              "inflate": 0.01,
              "pivot": [
                0,
                5,
                1
              ],
              "rotation": [
                15,
                0,
                0
              ],
              "uv": [
                152,
                82
              ]
            },
            {
              "origin": [
                -4,
                46,
                -2
              ],
              "size": [
                0,
                3,
                7
              ],
              "inflate": 0.01,
              "pivot": [
                0,
                5,
                1
              ],
              "rotation": [
                15,
                0,
                0
              ],
              "uv": [
                152,
                82
              ],
              "mirror": true
            },
            {
              "origin": [
                -4,
                39,
                -24.25
              ],
              "size": [
                8,
                2,
                2
              ],
              "inflate": 0.03,
              "pivot": [
                0,
                5,
                1
              ],
              "rotation": [
                -25,
                0,
                0
              ],
              "uv": [
                52,
                41
              ]
            },
            {
              "origin": [
                4,
                31.25,
                31.75
              ],
              "size": [
                0,
                1,
                1
              ],
              "inflate": 0.015,
              "pivot": [
                0,
                5,
                1
              ],
              "rotation": [
                60,
                0,
                0
              ],
              "uv": [
                73,
                58
              ]
            },
            {
              "origin": [
                -4,
                31.25,
                31.75
              ],
              "size": [
                0,
                1,
                1
              ],
              "inflate": 0.015,
              "pivot": [
                0,
                5,
                1
              ],
              "rotation": [
                60,
                0,
                0
              ],
              "uv": [
                73,
                58
              ],
              "mirror": true
            },
            {
              "origin": [
                4,
                33.3,
                32.5
              ],
              "size": [
                0,
                1,
                1
              ],
              "inflate": 0.01,
              "pivot": [
                0,
                5,
                1
              ],
              "rotation": [
                60,
                0,
                0
              ],
              "uv": [
                73,
                58
              ]
            },
            {
              "origin": [
                -4,
                33.3,
                32.5
              ],
              "size": [
                0,
                1,
                1
              ],
              "inflate": 0.01,
              "pivot": [
                0,
                5,
                1
              ],
              "rotation": [
                60,
                0,
                0
              ],
              "uv": [
                73,
                58
              ],
              "mirror": true
            },
            {
              "origin": [
                4,
                34.3,
                31.5
              ],
              "size": [
                0,
                1,
                1
              ],
              "inflate": 0.01,
              "pivot": [
                0,
                5,
                1
              ],
              "rotation": [
                60,
                0,
                0
              ],
              "uv": [
                73,
                58
              ]
            },
            {
              "origin": [
                -4,
                34.3,
                31.5
              ],
              "size": [
                0,
                1,
                1
              ],
              "inflate": 0.01,
              "pivot": [
                0,
                5,
                1
              ],
              "rotation": [
                60,
                0,
                0
              ],
              "uv": [
                73,
                58
              ],
              "mirror": true
            },
            {
              "origin": [
                4,
                44,
                0.5
              ],
              "size": [
                0,
                2,
                3
              ],
              "inflate": 0.01,
              "pivot": [
                0,
                5,
                1
              ],
              "rotation": [
                15,
                0,
                0
              ],
              "uv": [
                6,
                28
              ]
            },
            {
              "origin": [
                -4,
                44,
                0.5
              ],
              "size": [
                0,
                2,
                3
              ],
              "inflate": 0.02,
              "pivot": [
                0,
                5,
                1
              ],
              "rotation": [
                15,
                0,
                0
              ],
              "uv": [
                0,
                28
              ]
            }
          ]
        },
        {
          "name": "bone4",
          "parent": "bone11",
          "pivot": [
            10,
            6,
            6
          ],
          "rotation": [
            0,
            0,
            -15
          ],
          "cubes": [
            {
              "origin": [
                11,
                41,
                -13
              ],
              "size": [
                3,
                5,
                0
              ],
              "inflate": 0.01,
              "uv": [
                6,
                38
              ]
            },
            {
              "origin": [
                -7.3,
                41,
                -2.75
              ],
              "size": [
                3,
                5,
                0
              ],
              "inflate": 0.01,
              "pivot": [
                10,
                6,
                6
              ],
              "rotation": [
                0,
                -75,
                0
              ],
              "uv": [
                0,
                38
              ]
            }
          ]
        },
        {
          "name": "bone5",
          "parent": "bone11",
          "pivot": [
            -10,
            6,
            6
          ],
          "rotation": [
            0,
            0,
            15
          ],
          "cubes": [
            {
              "origin": [
                -14,
                41,
                -13
              ],
              "size": [
                3,
                5,
                0
              ],
              "inflate": 0.01,
              "uv": [
                6,
                33
              ]
            },
            {
              "origin": [
                4.3,
                41,
                -2.75
              ],
              "size": [
                3,
                5,
                0
              ],
              "inflate": 0.01,
              "pivot": [
                -10,
                6,
                6
              ],
              "rotation": [
                0,
                75,
                0
              ],
              "uv": [
                0,
                33
              ]
            }
          ]
        },
        {
          "name": "arm_left",
          "parent": "torso",
          "pivot": [
            6,
            31,
            0
          ],
          "cubes": [
            {
              "origin": [
                4.5,
                29,
                -2.5
              ],
              "size": [
                11,
                4,
                6
              ],
              "uv": [
                102,
                76
              ]
            }
          ]
        },
        {
          "name": "arm_left2",
          "parent": "arm_left",
          "pivot": [
            15,
            31,
            1
          ],
          "cubes": [
            {
              "origin": [
                25.25,
                33,
                -1
              ],
              "size": [
                6,
                0,
                3
              ],
              "uv": [
                25,
                61
              ]
            },
            {
              "origin": [
                15.5,
                29,
                -2.5
              ],
              "size": [
                9,
                4,
                6
              ],
              "inflate": 0.01,
              "uv": [
                109,
                35
              ]
            },
            {
              "origin": [
                18.25,
                33,
                -17
              ],
              "size": [
                6,
                0,
                2
              ],
              "pivot": [
                0,
                0,
                0
              ],
              "rotation": [
                0,
                -45,
                0
              ],
              "uv": [
                62,
                46
              ]
            },
            {
              "origin": [
                15.25,
                32.25,
                -18.5
              ],
              "size": [
                4,
                1,
                4
              ],
              "pivot": [
                0,
                0,
                0
              ],
              "rotation": [
                0,
                -45,
                0
              ],
              "uv": [
                68,
                41
              ]
            },
            {
              "origin": [
                24.5,
                30,
                1.5
              ],
              "size": [
                3,
                2,
                0
              ],
              "uv": [
                72,
                53
              ]
            },
            {
              "origin": [
                17.25,
                33,
                15.5
              ],
              "size": [
                6,
                0,
                2
              ],
              "pivot": [
                0,
                0,
                0
              ],
              "rotation": [
                0,
                45,
                0
              ],
              "uv": [
                37,
                41
              ]
            },
            {
              "origin": [
                24.5,
                30,
                -0.5
              ],
              "size": [
                3,
                2,
                0
              ],
              "uv": [
                72,
                55
              ]
            },
            {
              "origin": [
                24.5,
                30,
                0.5
              ],
              "size": [
                3,
                2,
                0
              ],
              "uv": [
                72,
                51
              ]
            }
          ]
        },
        {
          "name": "arm_right",
          "parent": "torso",
          "pivot": [
            -6,
            31,
            0
          ],
          "cubes": [
            {
              "origin": [
                -15.5,
                29,
                -2.5
              ],
              "size": [
                11,
                4,
                6
              ],
              "uv": [
                102,
                76
              ],
              "mirror": true
            }
          ]
        },
        {
          "name": "arm_right2",
          "parent": "arm_right",
          "pivot": [
            -15,
            31,
            1
          ],
          "cubes": [
            {
              "origin": [
                -31.25,
                33,
                -1
              ],
              "size": [
                6,
                0,
                3
              ],
              "uv": [
                25,
                61
              ],
              "mirror": true
            },
            {
              "origin": [
                -24.5,
                29,
                -2.5
              ],
              "size": [
                9,
                4,
                6
              ],
              "inflate": 0.01,
              "uv": [
                109,
                35
              ],
              "mirror": true
            },
            {
              "origin": [
                -24.25,
                33,
                -17
              ],
              "size": [
                6,
                0,
                2
              ],
              "pivot": [
                0,
                0,
                0
              ],
              "rotation": [
                0,
                45,
                0
              ],
              "uv": [
                62,
                46
              ],
              "mirror": true
            },
            {
              "origin": [
                -19.25,
                32.25,
                -18.5
              ],
              "size": [
                4,
                1,
                4
              ],
              "pivot": [
                0,
                0,
                0
              ],
              "rotation": [
                0,
                45,
                0
              ],
              "uv": [
                68,
                41
              ],
              "mirror": true
            },
            {
              "origin": [
                -27.5,
                30,
                1.5
              ],
              "size": [
                3,
                2,
                0
              ],
              "uv": [
                72,
                53
              ],
              "mirror": true
            },
            {
              "origin": [
                -23.25,
                33,
                15.5
              ],
              "size": [
                6,
                0,
                2
              ],
              "pivot": [
                0,
                0,
                0
              ],
              "rotation": [
                0,
                -45,
                0
              ],
              "uv": [
                37,
                41
              ],
              "mirror": true
            },
            {
              "origin": [
                -27.5,
                30,
                -0.5
              ],
              "size": [
                3,
                2,
                0
              ],
              "uv": [
                72,
                55
              ],
              "mirror": true
            },
            {
              "origin": [
                -27.5,
                30,
                0.5
              ],
              "size": [
                3,
                2,
                0
              ],
              "uv": [
                72,
                51
              ],
              "mirror": true
            }
          ]
        },
        {
          "name": "bone6",
          "parent": "torso",
          "pivot": [
            0,
            1,
            -2
          ],
          "cubes": [
            {
              "origin": [
                -0.5,
                23.5,
                4
              ],
              "size": [
                1,
                13,
                12
              ],
              "uv": [
                0,
                94
              ]
            },
            {
              "origin": [
                0.5,
                28.5,
                0
              ],
              "size": [
                0,
                3,
                12
              ],
              "inflate": 0.02,
              "uv": [
                0,
                124
              ]
            },
            {
              "origin": [
                -0.5,
                28.5,
                0
              ],
              "size": [
                0,
                3,
                12
              ],
              "inflate": 0.02,
              "uv": [
                0,
                124
              ],
              "mirror": true
            },
            {
              "origin": [
                0.5,
                21.5,
                13
              ],
              "size": [
                0,
                3,
                12
              ],
              "inflate": 0.015,
              "pivot": [
                0,
                1,
                -2
              ],
              "rotation": [
                30,
                0,
                0
              ],
              "uv": [
                0,
                124
              ]
            },
            {
              "origin": [
                -0.5,
                21.5,
                13
              ],
              "size": [
                0,
                3,
                12
              ],
              "inflate": 0.015,
              "pivot": [
                0,
                1,
                -2
              ],
              "rotation": [
                30,
                0,
                0
              ],
              "uv": [
                0,
                124
              ],
              "mirror": true
            },
            {
              "origin": [
                0.5,
                27.5,
                -17
              ],
              "size": [
                0,
                3,
                12
              ],
              "inflate": 0.015,
              "pivot": [
                0,
                -1,
                -2
              ],
              "rotation": [
                -30,
                0,
                0
              ],
              "uv": [
                0,
                124
              ]
            },
            {
              "origin": [
                -0.5,
                27.5,
                -17
              ],
              "size": [
                0,
                3,
                12
              ],
              "inflate": 0.015,
              "pivot": [
                0,
                -1,
                -2
              ],
              "rotation": [
                -30,
                0,
                0
              ],
              "uv": [
                0,
                124
              ],
              "mirror": true
            },
            {
              "origin": [
                -0.5,
                22,
                15
              ],
              "size": [
                1,
                10,
                7
              ],
              "uv": [
                58,
                114
              ]
            },
            {
              "origin": [
                -0.5,
                28,
                15
              ],
              "size": [
                1,
                10,
                7
              ],
              "uv": [
                0,
                119
              ]
            },
            {
              "origin": [
                -0.5,
                25,
                -19
              ],
              "size": [
                1,
                16,
                16
              ],
              "inflate": 0.01,
              "pivot": [
                0,
                1,
                -2
              ],
              "rotation": [
                -45,
                0,
                0
              ],
              "uv": [
                68,
                63
              ]
            }
          ]
        },
        {
          "name": "leg_right",
          "parent": "body",
          "pivot": [
            -6,
            18,
            1
          ],
          "rotation": [
            0,
            15,
            0
          ],
          "cubes": [
            {
              "origin": [
                -12.9785,
                10,
                -8.75908
              ],
              "size": [
                8,
                12,
                9
              ],
              "pivot": [
                3.0215,
                0,
                -1.75908
              ],
              "rotation": [
                -15,
                0,
                0
              ],
              "uv": [
                84,
                41
              ]
            }
          ]
        },
        {
          "name": "leg_right2",
          "parent": "leg_right",
          "pivot": [
            -8.9785,
            12,
            -5.75908
          ],
          "cubes": [
            {
              "origin": [
                -12.4785,
                2,
                -4.75908
              ],
              "size": [
                7,
                10,
                9
              ],
              "pivot": [
                3.0215,
                0,
                -1.75908
              ],
              "rotation": [
                5,
                0,
                0
              ],
              "uv": [
                59,
                95
              ]
            }
          ]
        },
        {
          "name": "foot_right",
          "parent": "leg_right2",
          "pivot": [
            3.0215,
            0,
            -1.75908
          ],
          "cubes": [
            {
              "origin": [
                -12.9785,
                0,
                -6.75908
              ],
              "size": [
                8,
                3,
                11
              ],
              "uv": [
                86,
                62
              ]
            },
            {
              "origin": [
                -6.9785,
                0,
                -8.75908
              ],
              "size": [
                1,
                3,
                2
              ],
              "uv": [
                46,
                0
              ]
            },
            {
              "origin": [
                -6.4785,
                -0.5,
                -10.75908
              ],
              "size": [
                0,
                3,
                2
              ],
              "uv": [
                28,
                67
              ]
            },
            {
              "origin": [
                -11.9785,
                0,
                -8.75908
              ],
              "size": [
                1,
                3,
                2
              ],
              "uv": [
                0,
                61
              ]
            },
            {
              "origin": [
                -11.4785,
                -0.5,
                -10.75908
              ],
              "size": [
                0,
                3,
                2
              ],
              "uv": [
                6,
                67
              ]
            },
            {
              "origin": [
                -9.4785,
                0,
                -8.75908
              ],
              "size": [
                1,
                3,
                2
              ],
              "uv": [
                6,
                61
              ]
            },
            {
              "origin": [
                -8.9785,
                -0.5,
                -10.75908
              ],
              "size": [
                0,
                3,
                2
              ],
              "uv": [
                6,
                64
              ]
            }
          ]
        },
        {
          "name": "leg_left",
          "parent": "body",
          "pivot": [
            7,
            18,
            1
          ],
          "rotation": [
            0,
            -15,
            0
          ],
          "cubes": [
            {
              "origin": [
                5.01257,
                10,
                -8.50026
              ],
              "size": [
                8,
                12,
                9
              ],
              "pivot": [
                -2.98743,
                0,
                -1.50026
              ],
              "rotation": [
                -15,
                0,
                0
              ],
              "uv": [
                84,
                41
              ],
              "mirror": true
            }
          ]
        },
        {
          "name": "leg_left2",
          "parent": "leg_left",
          "pivot": [
            9.01257,
            11,
            -5.50026
          ],
          "cubes": [
            {
              "origin": [
                5.51257,
                2,
                -4.50026
              ],
              "size": [
                7,
                10,
                9
              ],
              "pivot": [
                -2.98743,
                0,
                -1.50026
              ],
              "rotation": [
                5,
                0,
                0
              ],
              "uv": [
                59,
                95
              ],
              "mirror": true
            }
          ]
        },
        {
          "name": "foot_left",
          "parent": "leg_left2",
          "pivot": [
            -2.98743,
            0,
            -1.50026
          ],
          "cubes": [
            {
              "origin": [
                5.01257,
                0,
                -6.50026
              ],
              "size": [
                8,
                3,
                11
              ],
              "uv": [
                86,
                62
              ],
              "mirror": true
            },
            {
              "origin": [
                6.01257,
                0,
                -8.50026
              ],
              "size": [
                1,
                3,
                2
              ],
              "uv": [
                46,
                0
              ],
              "mirror": true
            },
            {
              "origin": [
                6.51257,
                -0.5,
                -10.50026
              ],
              "size": [
                0,
                3,
                2
              ],
              "uv": [
                28,
                67
              ],
              "mirror": true
            },
            {
              "origin": [
                11.01257,
                0,
                -8.50026
              ],
              "size": [
                1,
                3,
                2
              ],
              "uv": [
                0,
                61
              ],
              "mirror": true
            },
            {
              "origin": [
                11.51257,
                -0.5,
                -10.50026
              ],
              "size": [
                0,
                3,
                2
              ],
              "uv": [
                6,
                67
              ],
              "mirror": true
            },
            {
              "origin": [
                8.51257,
                0,
                -8.50026
              ],
              "size": [
                1,
                3,
                2
              ],
              "uv": [
                6,
                61
              ],
              "mirror": true
            },
            {
              "origin": [
                9.01257,
                -0.5,
                -10.50026
              ],
              "size": [
                0,
                3,
                2
              ],
              "uv": [
                6,
                64
              ],
              "mirror": true
            }
          ]
        },
        {
          "name": "tail",
          "parent": "body",
          "pivot": [
            0,
            14,
            5
          ],
          "cubes": [
            {
              "origin": [
                -5.4,
                10,
                -4
              ],
              "size": [
                11,
                11,
                14
              ],
              "pivot": [
                0,
                0,
                0
              ],
              "rotation": [
                -30,
                0,
                0
              ],
              "uv": [
                46,
                16
              ]
            }
          ]
        },
        {
          "name": "tail2",
          "parent": "tail",
          "pivot": [
            0,
            7,
            16
          ],
          "cubes": [
            {
              "origin": [
                -3.5,
                8,
                9
              ],
              "size": [
                7,
                9,
                13
              ],
              "pivot": [
                0,
                0,
                0
              ],
              "rotation": [
                -15,
                0,
                0
              ],
              "uv": [
                27,
                81
              ]
            }
          ]
        },
        {
          "name": "tail3",
          "parent": "tail2",
          "pivot": [
            0,
            6,
            24
          ],
          "cubes": [
            {
              "origin": [
                -2.5,
                3,
                20
              ],
              "size": [
                5,
                7,
                11
              ],
              "uv": [
                80,
                107
              ]
            }
          ]
        },
        {
          "name": "tail4",
          "parent": "tail3",
          "pivot": [
            0,
            7,
            31
          ],
          "cubes": [
            {
              "origin": [
                -1.5,
                -4,
                31
              ],
              "size": [
                3,
                5,
                6
              ],
              "pivot": [
                0,
                0,
                0
              ],
              "rotation": [
                15,
                0,
                0
              ],
              "uv": [
                16,
                122
              ]
            }
          ]
        },
        {
          "name": "tail5",
          "parent": "tail4",
          "pivot": [
            0,
            8,
            36
          ],
          "cubes": [
            {
              "origin": [
                -0.5,
                -3,
                35
              ],
              "size": [
                1,
                3,
                6
              ],
              "pivot": [
                0,
                0,
                0
              ],
              "rotation": [
                15,
                0,
                0
              ],
              "uv": [
                0,
                0
              ]
            }
          ]
        }
      ]
    }
  ]
}