{
  "head": "head",
  "portraitScale": 2.5,
  "portraitTranslation": [
    -0.3,
    -0.2,
    0
  ],
  "profileScale": 0.8,
  "profileTranslation": [
    0,
    0.5,
    0
  ],
  "animations": {
    "cry": "q.bedrock_stateful('pawmot', 'cry', q.curve('symmetrical_wide'))",
    "recoil": "q.bedrock_stateful('pawmot', 'recoil', q.curve('symmetrical_wide'))",
    "status": "q.bedrock_stateful('pawmot', 'status', q.curve('symmetrical_wide'))"
  },
  "poses": {
    "battle-standing": {
      "poseTypes": [
        "STAND",
        "WALK"
      ],
      "isBattle": true,
      "animations": [
        "q.bedrock('pawmot', 'ground_idle')"
      ],
      "quirks": [
        {
          "name": "blink",
          "animations": [
            "bedrock(pawmot, blink)"
          ]
        }
      ]
    },
    "standing": {
      "poseTypes": [
        "STAND",
        "NONE",
        "PORTRAIT",
        "PROFILE"
      ],
      "isBattle": false,
      "animations": [
        "q.bedrock('pawmot', 'ground_idle')"
      ],
      "quirks": [
        {
          "name": "blink",
          "animations": [
            "bedrock(pawmot, blink)"
          ]
        }
      ]
    },
    "walking": {
      "poseTypes": [
        "WALK"
      ],
      "animations": [
        "q.bedrock('pawmot', 'ground_walk')"
      ]
    },
    "float": {
      "poseTypes": [
        "FLOAT"
      ],
      "animations": [
        "q.bedrock('pawmot', 'ground_walk')"
      ]
    },
    "swim": {
      "poseTypes": [
        "SWIM"
      ],
      "animations": [
        "q.bedrock('pawmot', 'ground_walk')"
      ]
    },
    "sleep": {
      "poseTypes": [
        "SLEEP"
      ],
      "animations": [
        "q.bedrock('pawmot', 'sleep')"
      ]
    }
  }
}