{
  "format_version": "1.12.0",
  "minecraft:geometry": [
    {
      "description": {
        "identifier": "geometry.1",
        "texture_width": 256,
        "texture_height": 256,
        "visible_bounds_width": 12,
        "visible_bounds_height": 8.5,
        "visible_bounds_offset": [
          0,
          3.75,
          0
        ]
      },
      "bones": [
        {
          "name": "rag",
          "pivot": [
            -0.5,
            0,
            0
          ],
          "rotation": [
            0,
            2,
            0
          ]
        },
        {
          "name": "body",
          "parent": "rag",
          "pivot": [
            -0.35487,
            0.3,
            0.25273
          ]
        },
        {
          "name": "body_main",
          "parent": "body",
          "pivot": [
            5.29513,
            35.8,
            17.65273
          ],
          "cubes": [
            {
              "origin": [
                -7.20487,
                30.8,
                -25.34727
              ],
              "size": [
                27,
                15,
                20
              ],
              "inflate": 1,
              "pivot": [
                1.79513,
                27.8,
                -16.34727
              ],
              "rotation": [
                -97.83467,
                -71.33771,
                97.42745
              ],
              "uv": [
                0,
                0
              ]
            },
            {
              "origin": [
                -4.30487,
                33.8,
                2.65273
              ],
              "size": [
                14,
                17,
                0
              ],
              "pivot": [
                0.69513,
                34.8,
                1.65273
              ],
              "rotation": [
                -96.50882,
                -67.36871,
                96.01146
              ],
              "uv": [
                0,
                210
              ]
            },
            {
              "origin": [
                -7.70487,
                39.3,
                -15.34727
              ],
              "size": [
                23,
                17,
                0
              ],
              "pivot": [
                1.29513,
                40.3,
                -16.34727
              ],
              "rotation": [
                -97.27481,
                -69.85071,
                96.83392
              ],
              "uv": [
                167,
                174
              ]
            },
            {
              "origin": [
                -7.90487,
                28.2,
                -20.54727
              ],
              "size": [
                18,
                5,
                15
              ],
              "inflate": 1,
              "pivot": [
                1.09513,
                25.2,
                -13.54727
              ],
              "rotation": [
                -108.49506,
                -82.09657,
                108.33118
              ],
              "uv": [
                108,
                0
              ]
            }
          ]
        },
        {
          "name": "head",
          "parent": "body_main",
          "pivot": [
            0.89513,
            88,
            -29.34727
          ]
        },
        {
          "name": "neck",
          "parent": "head",
          "pivot": [
            0.29513,
            37.5,
            -22.34727
          ]
        },
        {
          "name": "neck2",
          "parent": "neck",
          "pivot": [
            1.69513,
            40.3,
            -17.34727
          ],
          "cubes": [
            {
              "origin": [
                4.45418,
                38.81643,
                -21.84727
              ],
              "size": [
                6,
                8,
                11
              ],
              "inflate": 1.2,
              "pivot": [
                1.69513,
                40.3,
                -17.34727
              ],
              "rotation": [
                -94.64565,
                57.4145,
                86.08314
              ],
              "uv": [
                156,
                191
              ]
            }
          ]
        },
        {
          "name": "bone19",
          "parent": "neck",
          "pivot": [
            0.29513,
            37.5,
            -22.34727
          ]
        },
        {
          "name": "neck3",
          "parent": "bone19",
          "pivot": [
            1.99513,
            42.2,
            -22.34727
          ],
          "cubes": [
            {
              "origin": [
                -16.16987,
                37.2471,
                -25.67279
              ],
              "size": [
                22,
                10,
                9
              ],
              "inflate": 0.5,
              "pivot": [
                1.99513,
                42.2,
                -22.34727
              ],
              "rotation": [
                -92.58807,
                -14.98539,
                90.66963
              ],
              "uv": [
                172,
                83
              ]
            }
          ]
        },
        {
          "name": "bone20",
          "parent": "bone19",
          "pivot": [
            0.29513,
            58.5,
            -27.34727
          ]
        },
        {
          "name": "bone21",
          "parent": "bone20",
          "pivot": [
            0.29513,
            77.5,
            -28.34727
          ]
        },
        {
          "name": "neck4",
          "parent": "bone21",
          "pivot": [
            2.09513,
            74.2,
            -28.04727
          ],
          "cubes": [
            {
              "origin": [
                -14.3159,
                71.34596,
                -31.50365
              ],
              "size": [
                18,
                8,
                9
              ],
              "inflate": -0.8,
              "pivot": [
                2.09513,
                74.2,
                -28.04727
              ],
              "rotation": [
                -92.56062,
                -12.48791,
                90.55404
              ],
              "uv": [
                0,
                171
              ]
            }
          ]
        },
        {
          "name": "bone22",
          "parent": "bone21",
          "pivot": [
            0.29513,
            87.5,
            -29.34727
          ]
        },
        {
          "name": "head_w",
          "parent": "bone22",
          "pivot": [
            -63.40487,
            96,
            18.65273
          ],
          "cubes": [
            {
              "origin": [
                -9.15487,
                74.007,
                -48.13603
              ],
              "size": [
                7,
                16,
                29
              ],
              "inflate": -0.8,
              "pivot": [
                7.29513,
                77.6,
                -24.84727
              ],
              "rotation": [
                -109.91273,
                -27.62146,
                90.45999
              ],
              "uv": [
                129,
                129
              ]
            },
            {
              "origin": [
                -6.75917,
                83.59446,
                -46.14216
              ],
              "size": [
                4,
                9,
                10
              ],
              "inflate": -0.8,
              "pivot": [
                6.79513,
                81.1,
                -22.84727
              ],
              "rotation": [
                -112.45679,
                -39.44769,
                94.97962
              ],
              "uv": [
                129,
                67
              ]
            },
            {
              "origin": [
                -11.381,
                71.93083,
                -50.86826
              ],
              "size": [
                7,
                16,
                29
              ],
              "inflate": -0.8,
              "pivot": [
                5.09513,
                75.8,
                -27.14727
              ],
              "rotation": [
                -77.60826,
                -29.01338,
                85.80345
              ],
              "uv": [
                129,
                84
              ]
            },
            {
              "origin": [
                -16.481,
                72.52798,
                -51.41725
              ],
              "size": [
                7,
                16,
                29
              ],
              "inflate": -0.8,
              "pivot": [
                -0.00487,
                76.4,
                -27.14727
              ],
              "rotation": [
                -43.39694,
                -27.64921,
                87.46511
              ],
              "uv": [
                0,
                126
              ]
            },
            {
              "origin": [
                -7.481,
                81.93083,
                -51.86826
              ],
              "size": [
                4,
                10,
                9
              ],
              "inflate": -0.8,
              "pivot": [
                5.99513,
                78.8,
                -28.14727
              ],
              "rotation": [
                -77.60826,
                -29.01338,
                85.80345
              ],
              "uv": [
                80,
                210
              ]
            },
            {
              "origin": [
                -11.79075,
                82.39759,
                -51.51725
              ],
              "size": [
                4,
                9,
                9
              ],
              "inflate": -0.8,
              "pivot": [
                1.79513,
                79.2,
                -27.24727
              ],
              "rotation": [
                -39.13132,
                -33.92721,
                79.1549
              ],
              "uv": [
                212,
                0
              ]
            },
            {
              "origin": [
                -21.85859,
                75.18912,
                -48.30778
              ],
              "size": [
                7,
                16,
                29
              ],
              "inflate": -0.8,
              "pivot": [
                -5.50487,
                78.3,
                -23.34727
              ],
              "rotation": [
                13.40277,
                -20.19428,
                93.49312
              ],
              "uv": [
                86,
                113
              ]
            },
            {
              "origin": [
                -19.881,
                72.60961,
                -50.7435
              ],
              "size": [
                7,
                16,
                29
              ],
              "inflate": -0.8,
              "pivot": [
                -3.40487,
                76.2,
                -26.04727
              ],
              "rotation": [
                -13.25006,
                -22.69948,
                92.29032
              ],
              "uv": [
                108,
                22
              ]
            },
            {
              "origin": [
                -14.85859,
                78.38912,
                -52.10778
              ],
              "size": [
                4,
                11,
                10
              ],
              "inflate": -0.8,
              "pivot": [
                -1.50487,
                82.5,
                -27.14727
              ],
              "rotation": [
                23.24118,
                -25.86694,
                95.70926
              ],
              "uv": [
                86,
                57
              ]
            },
            {
              "origin": [
                -10.05551,
                76.74732,
                -44.54579
              ],
              "size": [
                7,
                16,
                29
              ],
              "inflate": -0.8,
              "pivot": [
                6.29513,
                80.1,
                -21.44727
              ],
              "rotation": [
                -130.33773,
                -26.84891,
                84.26333
              ],
              "uv": [
                43,
                97
              ]
            },
            {
              "origin": [
                -21.55859,
                76.02432,
                -46.28778
              ],
              "size": [
                7,
                16,
                29
              ],
              "inflate": -0.8,
              "pivot": [
                -5.20487,
                78.8,
                -21.34727
              ],
              "rotation": [
                46.13052,
                -20.83879,
                94.63351
              ],
              "uv": [
                86,
                68
              ]
            },
            {
              "origin": [
                10.30801,
                92.60968,
                -9.92763
              ],
              "size": [
                4,
                10,
                10
              ],
              "inflate": -0.8,
              "pivot": [
                17.19513,
                99.8,
                -8.14727
              ],
              "rotation": [
                -127.85574,
                -35.82146,
                82.52228
              ],
              "uv": [
                0,
                126
              ]
            },
            {
              "origin": [
                -9.23437,
                77.90101,
                -43.03342
              ],
              "size": [
                7,
                16,
                29
              ],
              "inflate": -0.8,
              "pivot": [
                7.19513,
                80.7,
                -19.94727
              ],
              "rotation": [
                -162.243,
                -30.35131,
                83.908
              ],
              "uv": [
                0,
                81
              ]
            },
            {
              "origin": [
                -13.82097,
                82.46517,
                -45.17922
              ],
              "size": [
                4,
                10,
                9
              ],
              "inflate": -0.8,
              "pivot": [
                -0.40487,
                85.1,
                -22.04727
              ],
              "rotation": [
                -173.57714,
                -25.85806,
                88.00296
              ],
              "uv": [
                54,
                210
              ]
            },
            {
              "origin": [
                -13.49558,
                79.40639,
                -42.11267
              ],
              "size": [
                7,
                16,
                29
              ],
              "inflate": -0.8,
              "pivot": [
                2.89513,
                81.8,
                -18.84727
              ],
              "rotation": [
                168.55097,
                -30.47268,
                87.65774
              ],
              "uv": [
                65,
                6
              ]
            },
            {
              "origin": [
                -15.89838,
                79.91499,
                -40.68661
              ],
              "size": [
                7,
                16,
                29
              ],
              "inflate": -0.8,
              "pivot": [
                0.49513,
                82,
                -16.94727
              ],
              "rotation": [
                139.54767,
                -34.49987,
                88.68213
              ],
              "uv": [
                43,
                52
              ]
            },
            {
              "origin": [
                -18.04787,
                100.84678,
                -15.80822
              ],
              "size": [
                4,
                10,
                9
              ],
              "inflate": -0.8,
              "pivot": [
                -14.90487,
                101.3,
                -11.84727
              ],
              "rotation": [
                133.17933,
                -25.83104,
                89.68835
              ],
              "uv": [
                28,
                210
              ]
            },
            {
              "origin": [
                -19.60291,
                78.24745,
                -42.31839
              ],
              "size": [
                7,
                16,
                23
              ],
              "inflate": -0.8,
              "pivot": [
                -3.30487,
                80.3,
                -18.04727
              ],
              "rotation": [
                101.4531,
                -23.56868,
                99.57886
              ],
              "uv": [
                157,
                44
              ]
            },
            {
              "origin": [
                -21.88124,
                77.62821,
                -43.41472
              ],
              "size": [
                7,
                17,
                29
              ],
              "inflate": -0.8,
              "pivot": [
                -5.60487,
                80,
                -18.64727
              ],
              "rotation": [
                66.55048,
                -22.07381,
                99.40846
              ],
              "uv": [
                0,
                35
              ]
            },
            {
              "origin": [
                -16.91445,
                82.64745,
                -43.00513
              ],
              "size": [
                4,
                11,
                10
              ],
              "inflate": -0.8,
              "pivot": [
                -3.60487,
                84.7,
                -18.74727
              ],
              "rotation": [
                102.50696,
                -23.04964,
                96.91595
              ],
              "uv": [
                0,
                81
              ]
            },
            {
              "origin": [
                -21.63454,
                83.71354,
                -40.00549
              ],
              "size": [
                4,
                11,
                10
              ],
              "inflate": -0.8,
              "pivot": [
                -8.30487,
                86.1,
                -15.24727
              ],
              "rotation": [
                66.51055,
                -26.61079,
                101.61513
              ],
              "uv": [
                43,
                41
              ]
            }
          ]
        },
        {
          "name": "head_main",
          "parent": "bone22",
          "pivot": [
            -12.50487,
            90.3,
            29.35273
          ],
          "cubes": [
            {
              "origin": [
                0.18622,
                87.20547,
                -39.04727
              ],
              "size": [
                6,
                8,
                9
              ],
              "inflate": -0.5,
              "pivot": [
                1.99513,
                91.6,
                -35.54727
              ],
              "rotation": [
                -97.63819,
                -70.84226,
                97.21977
              ],
              "uv": [
                190,
                191
              ]
            },
            {
              "origin": [
                -8.36115,
                105.91367,
                -44.24727
              ],
              "size": [
                18,
                1,
                25
              ],
              "inflate": -0.5,
              "pivot": [
                1.79513,
                100.8,
                -32.74727
              ],
              "rotation": [
                -92.53852,
                -9.99038,
                90.44067
              ],
              "uv": [
                151,
                0
              ]
            },
            {
              "origin": [
                -9.78523,
                90.67243,
                -40.12513
              ],
              "size": [
                6,
                10,
                5
              ],
              "inflate": -0.7,
              "pivot": [
                -8.40487,
                94.3,
                -32.84727
              ],
              "rotation": [
                -110.25806,
                -24.97457,
                91.16524
              ],
              "uv": [
                225,
                76
              ]
            },
            {
              "origin": [
                10.21477,
                90.57172,
                -28.71569
              ],
              "size": [
                6,
                10,
                5
              ],
              "inflate": -0.7,
              "pivot": [
                11.59513,
                94.5,
                -31.94727
              ],
              "rotation": [
                -75.25806,
                -24.97457,
                91.16524
              ],
              "uv": [
                132,
                224
              ]
            },
            {
              "origin": [
                -1.28331,
                94.30342,
                -32.24727
              ],
              "size": [
                8,
                4,
                17
              ],
              "inflate": -0.5,
              "pivot": [
                1.79513,
                98.2,
                -24.74727
              ],
              "rotation": [
                -92.50954,
                -4.99523,
                90.21865
              ],
              "uv": [
                172,
                129
              ]
            },
            {
              "origin": [
                -1.38523,
                90.18432,
                -37.24727
              ],
              "size": [
                8,
                10,
                13
              ],
              "inflate": -0.5,
              "pivot": [
                1.99513,
                94,
                -31.74727
              ],
              "rotation": [
                -92.88614,
                -29.96852,
                91.44261
              ],
              "uv": [
                125,
                174
              ]
            }
          ]
        },
        {
          "name": "mark",
          "parent": "bone22",
          "pivot": [
            -11.60487,
            96.9,
            8.85273
          ],
          "cubes": [
            {
              "origin": [
                -0.88475,
                85.46051,
                -37.94727
              ],
              "size": [
                0,
                9,
                7
              ],
              "pivot": [
                1.19513,
                94.9,
                -34.64727
              ],
              "rotation": [
                -100.59356,
                -76.2747,
                100.29762
              ],
              "uv": [
                123,
                13
              ]
            },
            {
              "origin": [
                4.6871,
                97.13645,
                -41.94727
              ],
              "size": [
                2,
                7,
                11
              ],
              "pivot": [
                2.29513,
                96.8,
                -37.44727
              ],
              "rotation": [
                -93.38905,
                -42.45005,
                92.28888
              ],
              "uv": [
                211,
                180
              ]
            },
            {
              "origin": [
                -1.0129,
                90.23645,
                -36.94727
              ],
              "size": [
                11,
                17,
                0
              ],
              "pivot": [
                1.59513,
                97.9,
                -37.44727
              ],
              "rotation": [
                -93.38905,
                -42.45005,
                92.28888
              ],
              "uv": [
                218,
                222
              ]
            },
            {
              "origin": [
                5.09513,
                107.1,
                -39.14727
              ],
              "size": [
                2,
                3,
                11
              ],
              "inflate": -0.1,
              "pivot": [
                2.09513,
                103,
                -34.64727
              ],
              "rotation": [
                -92.5,
                0,
                90
              ],
              "uv": [
                108,
                20
              ]
            },
            {
              "origin": [
                6.61477,
                97.58432,
                -41.64727
              ],
              "size": [
                0,
                10,
                13
              ],
              "pivot": [
                1.99513,
                100.4,
                -36.14727
              ],
              "rotation": [
                -92.75806,
                -24.97457,
                91.16524
              ],
              "uv": [
                0,
                22
              ]
            },
            {
              "origin": [
                -7.78523,
                98.07243,
                -39.12513
              ],
              "size": [
                3,
                6,
                5
              ],
              "inflate": -0.7,
              "pivot": [
                -9.40487,
                101.7,
                -31.84727
              ],
              "rotation": [
                -110.25806,
                -24.97457,
                91.16524
              ],
              "uv": [
                159,
                0
              ]
            },
            {
              "origin": [
                14.11477,
                98.27172,
                -27.31569
              ],
              "size": [
                3,
                6,
                5
              ],
              "inflate": -0.7,
              "pivot": [
                12.49513,
                102.2,
                -30.54727
              ],
              "rotation": [
                -75.25806,
                -24.97457,
                91.16524
              ],
              "uv": [
                129,
                86
              ]
            },
            {
              "origin": [
                12.00957,
                99.9437,
                -28.41304
              ],
              "size": [
                3,
                6,
                5
              ],
              "inflate": -0.7,
              "pivot": [
                10.69513,
                103.7,
                -31.54727
              ],
              "rotation": [
                -66.71564,
                -35.64743,
                66.55101
              ],
              "uv": [
                129,
                86
              ]
            },
            {
              "origin": [
                -6.24195,
                99.82574,
                -39.16203
              ],
              "size": [
                3,
                6,
                5
              ],
              "inflate": -0.7,
              "pivot": [
                -7.90487,
                103.4,
                -31.94727
              ],
              "rotation": [
                -118.78869,
                -33.53146,
                116.57592
              ],
              "uv": [
                129,
                86
              ]
            }
          ]
        },
        {
          "name": "beard",
          "parent": "bone22",
          "pivot": [
            -13.80487,
            91.4,
            24.75273
          ],
          "cubes": [
            {
              "origin": [
                7.42038,
                90.32107,
                -34.79459
              ],
              "size": [
                5,
                0,
                8
              ],
              "pivot": [
                9.79513,
                91,
                -35.64727
              ],
              "rotation": [
                -121.42711,
                -14.02949,
                99.01452
              ],
              "uv": [
                35,
                43
              ]
            },
            {
              "origin": [
                9.08785,
                92.81409,
                -38.52692
              ],
              "size": [
                5,
                0,
                8
              ],
              "pivot": [
                9.19513,
                95.9,
                -33.54727
              ],
              "rotation": [
                -149.0352,
                -12.25963,
                101.31913
              ],
              "uv": [
                35,
                35
              ]
            },
            {
              "origin": [
                1.03673,
                89.28518,
                -38.67614
              ],
              "size": [
                5,
                0,
                8
              ],
              "pivot": [
                1.19513,
                93.3,
                -36.74727
              ],
              "rotation": [
                -67.208,
                -7.53811,
                85.27583
              ],
              "uv": [
                0,
                8
              ]
            },
            {
              "origin": [
                -4.96659,
                89.73152,
                -36.15693
              ],
              "size": [
                5,
                0,
                8
              ],
              "pivot": [
                -4.80487,
                93.7,
                -33.84727
              ],
              "rotation": [
                -45.42995,
                -8.03748,
                85.8537
              ],
              "uv": [
                0,
                0
              ]
            }
          ]
        },
        {
          "name": "neck5",
          "parent": "bone20",
          "pivot": [
            1.09513,
            60,
            -27.44727
          ],
          "cubes": [
            {
              "origin": [
                -16.9303,
                56.11075,
                -31.85907
              ],
              "size": [
                22,
                8,
                9
              ],
              "pivot": [
                1.09513,
                60,
                -27.44727
              ],
              "rotation": [
                -92.5001,
                -0.49952,
                90.02181
              ],
              "uv": [
                151,
                26
              ]
            }
          ]
        },
        {
          "name": "body_b",
          "parent": "body_main",
          "pivot": [
            -2.90487,
            26.7,
            3.65273
          ]
        },
        {
          "name": "tail2",
          "parent": "body_b",
          "pivot": [
            -2.00487,
            20.6,
            52.05273
          ]
        },
        {
          "name": "tail6",
          "parent": "tail2",
          "pivot": [
            -0.50487,
            19,
            17.95273
          ],
          "cubes": [
            {
              "origin": [
                -7.50487,
                23,
                15.95273
              ],
              "size": [
                19,
                4,
                4
              ],
              "inflate": -1,
              "pivot": [
                -0.50487,
                19,
                17.95273
              ],
              "rotation": [
                -93.88581,
                -49.93505,
                92.97576
              ],
              "uv": [
                68,
                188
              ]
            }
          ]
        },
        {
          "name": "tail7",
          "parent": "tail2",
          "pivot": [
            -1.30487,
            19.6,
            36.95273
          ],
          "cubes": [
            {
              "origin": [
                -8.30487,
                23.6,
                34.95273
              ],
              "size": [
                24,
                4,
                4
              ],
              "inflate": -1.01,
              "pivot": [
                -1.30487,
                19.6,
                36.95273
              ],
              "rotation": [
                92.75806,
                -24.97457,
                -91.16524
              ],
              "uv": [
                172,
                102
              ]
            }
          ]
        },
        {
          "name": "tail8",
          "parent": "tail2",
          "pivot": [
            -1.30487,
            29.1,
            37.15273
          ],
          "cubes": [
            {
              "origin": [
                -8.30487,
                33.1,
                35.15273
              ],
              "size": [
                21,
                4,
                4
              ],
              "inflate": -1,
              "pivot": [
                -1.30487,
                29.1,
                37.15273
              ],
              "rotation": [
                -93.26206,
                -39.95426,
                92.09615
              ],
              "uv": [
                172,
                150
              ]
            }
          ]
        },
        {
          "name": "tail",
          "parent": "tail2",
          "pivot": [
            -1.90487,
            22.1,
            52.05273
          ]
        },
        {
          "name": "tail3",
          "parent": "tail",
          "pivot": [
            -2.00487,
            20.6,
            52.05273
          ],
          "cubes": [
            {
              "origin": [
                -1.1638,
                14.86168,
                46.05273
              ],
              "size": [
                0,
                12,
                12
              ],
              "pivot": [
                -2.00487,
                20.6,
                52.05273
              ],
              "rotation": [
                93.53329,
                -44.94549,
                -92.49762
              ],
              "uv": [
                0,
                33
              ]
            }
          ]
        },
        {
          "name": "tail4",
          "parent": "tail",
          "pivot": [
            -1.90487,
            20.9,
            52.05273
          ],
          "cubes": [
            {
              "origin": [
                -6.66058,
                14.95906,
                52.05273
              ],
              "size": [
                11,
                12,
                0
              ],
              "pivot": [
                -1.90487,
                20.9,
                52.05273
              ],
              "rotation": [
                93.53329,
                -44.94549,
                -92.49762
              ],
              "uv": [
                195,
                225
              ]
            }
          ]
        },
        {
          "name": "tail5",
          "parent": "tail",
          "pivot": [
            -1.90487,
            22.1,
            52.05273
          ],
          "cubes": [
            {
              "origin": [
                -4.1575,
                19.93906,
                50.05273
              ],
              "size": [
                4,
                4,
                4
              ],
              "pivot": [
                -1.90487,
                22.1,
                52.05273
              ],
              "rotation": [
                93.53329,
                -44.94549,
                -92.49762
              ],
              "uv": [
                0,
                102
              ]
            }
          ]
        },
        {
          "name": "body_main2",
          "parent": "body_b",
          "pivot": [
            -0.10487,
            20.1,
            6.15273
          ],
          "cubes": [
            {
              "origin": [
                -7.10487,
                24.1,
                -2.24727
              ],
              "size": [
                18,
                13,
                17
              ],
              "pivot": [
                -0.10487,
                20.1,
                6.15273
              ],
              "rotation": [
                -101.40485,
                -77.25635,
                101.13101
              ],
              "uv": [
                55,
                158
              ]
            }
          ]
        },
        {
          "name": "tail_fin",
          "parent": "body_b",
          "pivot": [
            -1.20487,
            20.8,
            18.45273
          ],
          "cubes": [
            {
              "origin": [
                -5.70487,
                19.8,
                20.45273
              ],
              "size": [
                14,
                17,
                0
              ],
              "pivot": [
                -0.70487,
                20.8,
                17.85273
              ],
              "rotation": [
                -155.90678,
                -20.5206,
                170.05594
              ],
              "uv": [
                190,
                208
              ]
            },
            {
              "origin": [
                -5.70487,
                19.8,
                15.45273
              ],
              "size": [
                14,
                17,
                0
              ],
              "pivot": [
                -0.70487,
                20.8,
                18.45273
              ],
              "rotation": [
                -26.85646,
                -32.18914,
                14.06131
              ],
              "uv": [
                205,
                123
              ]
            }
          ]
        },
        {
          "name": "leg_b_left",
          "parent": "body",
          "pivot": [
            -11.55487,
            23.3,
            13.25273
          ]
        },
        {
          "name": "leg_b_left2",
          "parent": "leg_b_left",
          "pivot": [
            -13.60487,
            20.8,
            9.25273
          ],
          "cubes": [
            {
              "origin": [
                -15.70487,
                16.8,
                4.25273
              ],
              "size": [
                9,
                13,
                5
              ],
              "inflate": 0.3,
              "pivot": [
                -13.60487,
                20.8,
                9.25273
              ],
              "rotation": [
                -95.89834,
                -64.88331,
                95.34402
              ],
              "uv": [
                128,
                197
              ]
            }
          ]
        },
        {
          "name": "bone3",
          "parent": "leg_b_left",
          "pivot": [
            -11.55487,
            15.3,
            12.95273
          ]
        },
        {
          "name": "bone24",
          "parent": "bone3",
          "pivot": [
            -11.70487,
            14.7,
            13.25273
          ],
          "cubes": [
            {
              "origin": [
                -14.12507,
                2.30307,
                10.25273
              ],
              "size": [
                6,
                14,
                5
              ],
              "inflate": -0.1,
              "pivot": [
                -11.70487,
                14.7,
                13.25273
              ],
              "rotation": [
                97.27481,
                -69.85071,
                -96.83392
              ],
              "uv": [
                218,
                203
              ]
            }
          ]
        },
        {
          "name": "bone4",
          "parent": "bone3",
          "pivot": [
            -11.55487,
            4.3,
            16.95273
          ],
          "cubes": [
            {
              "origin": [
                32.19513,
                -0.3,
                21.15273
              ],
              "size": [
                9,
                6,
                7
              ],
              "inflate": -0.4,
              "pivot": [
                16.39513,
                0.7,
                -2.14727
              ],
              "rotation": [
                -180,
                -87.5,
                180
              ],
              "uv": [
                201,
                110
              ]
            },
            {
              "origin": [
                -15.45487,
                -0.6,
                2.05273
              ],
              "size": [
                6,
                5,
                7
              ],
              "inflate": -0.7,
              "pivot": [
                -14.45487,
                2.4,
                9.05273
              ],
              "rotation": [
                98.26132,
                -72.32786,
                -97.87648
              ],
              "uv": [
                129,
                129
              ]
            }
          ]
        },
        {
          "name": "leg_b_right",
          "parent": "body",
          "pivot": [
            10.44513,
            24.3,
            15.25273
          ]
        },
        {
          "name": "leg_b_right2",
          "parent": "leg_b_right",
          "pivot": [
            8.19513,
            20.4,
            10.25273
          ],
          "cubes": [
            {
              "origin": [
                6.19513,
                16.6,
                5.25273
              ],
              "size": [
                9,
                13,
                5
              ],
              "inflate": 0.3,
              "pivot": [
                8.19513,
                20.4,
                10.25273
              ],
              "rotation": [
                -95.89834,
                -64.88331,
                95.34402
              ],
              "uv": [
                100,
                196
              ]
            }
          ]
        },
        {
          "name": "bone",
          "parent": "leg_b_right",
          "pivot": [
            11.09513,
            16,
            14.35273
          ]
        },
        {
          "name": "bone23",
          "parent": "bone",
          "pivot": [
            9.99513,
            14.7,
            15.35273
          ],
          "cubes": [
            {
              "origin": [
                6.63524,
                2.64509,
                12.35273
              ],
              "size": [
                6,
                14,
                5
              ],
              "inflate": -0.1,
              "pivot": [
                9.99513,
                14.7,
                15.35273
              ],
              "rotation": [
                97.27481,
                -69.85071,
                -96.83392
              ],
              "uv": [
                217,
                57
              ]
            }
          ]
        },
        {
          "name": "bone2",
          "parent": "bone",
          "pivot": [
            10.44513,
            5.3,
            18.25273
          ],
          "cubes": [
            {
              "origin": [
                36.19513,
                -0.3,
                3.75273
              ],
              "size": [
                9,
                6,
                7
              ],
              "inflate": -0.4,
              "pivot": [
                20.39513,
                0.7,
                -1.84727
              ],
              "rotation": [
                -180,
                -87.5,
                180
              ],
              "uv": [
                43,
                142
              ]
            },
            {
              "origin": [
                6.24513,
                -1,
                3.45273
              ],
              "size": [
                6,
                5,
                7
              ],
              "inflate": -0.7,
              "pivot": [
                7.24513,
                2,
                10.45273
              ],
              "rotation": [
                98.26132,
                -72.32786,
                -97.87648
              ],
              "uv": [
                222,
                155
              ]
            }
          ]
        },
        {
          "name": "leg_f_right",
          "parent": "body",
          "pivot": [
            13.24513,
            30.5,
            -17.04727
          ]
        },
        {
          "name": "leg_f_right2",
          "parent": "leg_f_right",
          "pivot": [
            10.39513,
            32.5,
            -16.04727
          ],
          "cubes": [
            {
              "origin": [
                2.39056,
                20.21354,
                -21.96003
              ],
              "size": [
                11,
                16,
                6
              ],
              "inflate": 0.3,
              "pivot": [
                10.39513,
                32.5,
                -16.04727
              ],
              "rotation": [
                95.40158,
                -62.39543,
                -94.78974
              ],
              "uv": [
                34,
                188
              ]
            }
          ]
        },
        {
          "name": "bone11",
          "parent": "leg_f_right",
          "pivot": [
            14.04513,
            20.5,
            -14.74727
          ]
        },
        {
          "name": "bone13",
          "parent": "bone11",
          "pivot": [
            11.79513,
            19,
            -14.54727
          ],
          "cubes": [
            {
              "origin": [
                9.24903,
                10.13847,
                -15.84727
              ],
              "size": [
                8,
                11,
                5
              ],
              "inflate": -0.3,
              "pivot": [
                13.59513,
                18,
                -13.84727
              ],
              "rotation": [
                135.02728,
                -86.46503,
                -134.97272
              ],
              "uv": [
                106,
                214
              ]
            }
          ]
        },
        {
          "name": "bone12",
          "parent": "bone11",
          "pivot": [
            13.79513,
            21.5,
            -11.54727
          ],
          "cubes": [
            {
              "origin": [
                9.8436,
                14.79753,
                -18.96003
              ],
              "size": [
                4,
                9,
                5
              ],
              "inflate": -0.4,
              "pivot": [
                9.69513,
                21.3,
                -13.04727
              ],
              "rotation": [
                -97.27481,
                -69.85071,
                96.83392
              ],
              "uv": [
                74,
                0
              ]
            }
          ]
        },
        {
          "name": "bone14",
          "parent": "bone11",
          "pivot": [
            13.04513,
            10.5,
            -14.74727
          ]
        },
        {
          "name": "bone15",
          "parent": "bone14",
          "pivot": [
            12.09513,
            5,
            -14.14727
          ],
          "cubes": [
            {
              "origin": [
                11.04646,
                2.93346,
                -16.14727
              ],
              "size": [
                6,
                9,
                6
              ],
              "inflate": 0.2,
              "pivot": [
                14.09513,
                10,
                -14.14727
              ],
              "rotation": [
                -97.27481,
                -69.85071,
                96.83392
              ],
              "uv": [
                222,
                140
              ]
            }
          ]
        },
        {
          "name": "bone16",
          "parent": "bone14",
          "pivot": [
            -7.95487,
            5.5,
            8.25273
          ],
          "cubes": [
            {
              "origin": [
                -3.90487,
                -1,
                1.85273
              ],
              "size": [
                8,
                6,
                8
              ],
              "pivot": [
                17.39513,
                0,
                0.65273
              ],
              "rotation": [
                -180,
                -87.5,
                180
              ],
              "uv": [
                68,
                196
              ]
            },
            {
              "origin": [
                9.94513,
                -1.2,
                -31.94727
              ],
              "size": [
                6,
                5,
                9
              ],
              "inflate": -0.4,
              "pivot": [
                10.94513,
                1.8,
                -24.94727
              ],
              "rotation": [
                98.26132,
                -72.32786,
                -97.87648
              ],
              "uv": [
                201,
                158
              ]
            }
          ]
        },
        {
          "name": "bone17",
          "parent": "bone16",
          "pivot": [
            -7.95487,
            5.5,
            8.25273
          ],
          "cubes": [
            {
              "origin": [
                15.24513,
                1.5,
                -32.84727
              ],
              "size": [
                0,
                11,
                11
              ],
              "pivot": [
                11.24513,
                4.5,
                -24.84727
              ],
              "rotation": [
                108.49506,
                -82.09657,
                -108.33118
              ],
              "uv": [
                43,
                86
              ]
            }
          ]
        },
        {
          "name": "leg_f_left",
          "parent": "body",
          "pivot": [
            -12.75487,
            31.5,
            -18.04727
          ]
        },
        {
          "name": "leg_f_left2",
          "parent": "leg_f_left",
          "pivot": [
            -8.84909,
            32.24138,
            -17.34727
          ],
          "cubes": [
            {
              "origin": [
                -16.08001,
                20.63291,
                -17.35012
              ],
              "size": [
                11,
                16,
                6
              ],
              "inflate": 0.3,
              "pivot": [
                -8.84909,
                32.24138,
                -17.34727
              ],
              "rotation": [
                95.40158,
                -62.39543,
                -94.78974
              ],
              "uv": [
                0,
                188
              ]
            }
          ]
        },
        {
          "name": "bone5",
          "parent": "leg_f_left",
          "pivot": [
            -11.75487,
            18.5,
            -14.94727
          ]
        },
        {
          "name": "bone6",
          "parent": "bone5",
          "pivot": [
            -11.20487,
            10,
            -16.84727
          ],
          "cubes": [
            {
              "origin": [
                -16.75097,
                11.23847,
                -18.24727
              ],
              "size": [
                8,
                11,
                5
              ],
              "inflate": -0.3,
              "pivot": [
                -12.40487,
                19.1,
                -15.24727
              ],
              "rotation": [
                135.02728,
                -86.46503,
                -134.97272
              ],
              "uv": [
                213,
                26
              ]
            }
          ]
        },
        {
          "name": "bone7",
          "parent": "bone5",
          "pivot": [
            -11.75487,
            11.5,
            -14.94727
          ]
        },
        {
          "name": "bone8",
          "parent": "bone7",
          "pivot": [
            -12.90487,
            12,
            -15.44727
          ],
          "cubes": [
            {
              "origin": [
                -13.95354,
                3.93346,
                -17.44727
              ],
              "size": [
                6,
                9,
                6
              ],
              "inflate": 0.2,
              "pivot": [
                -10.90487,
                11,
                -15.44727
              ],
              "rotation": [
                -97.27481,
                -69.85071,
                96.83392
              ],
              "uv": [
                171,
                219
              ]
            }
          ]
        },
        {
          "name": "bone9",
          "parent": "bone7",
          "pivot": [
            -11.75487,
            3.5,
            -17.94727
          ],
          "cubes": [
            {
              "origin": [
                -3.90487,
                -1,
                26.55273
              ],
              "size": [
                8,
                6,
                8
              ],
              "pivot": [
                17.39513,
                0,
                0.65273
              ],
              "rotation": [
                -180,
                -87.5,
                180
              ],
              "uv": [
                194,
                43
              ]
            },
            {
              "origin": [
                -14.95487,
                -1.5,
                -32.64727
              ],
              "size": [
                6,
                5,
                9
              ],
              "inflate": -0.4,
              "pivot": [
                -13.95487,
                1.5,
                -25.64727
              ],
              "rotation": [
                98.26132,
                -72.32786,
                -97.87648
              ],
              "uv": [
                147,
                210
              ]
            }
          ]
        },
        {
          "name": "bone18",
          "parent": "bone9",
          "pivot": [
            -7.95487,
            5.5,
            32.95273
          ],
          "cubes": [
            {
              "origin": [
                -9.95487,
                1.5,
                -33.94727
              ],
              "size": [
                0,
                11,
                11
              ],
              "pivot": [
                -13.95487,
                4.5,
                -25.94727
              ],
              "rotation": [
                108.49506,
                -82.09657,
                -108.33118
              ],
              "uv": [
                86,
                102
              ]
            }
          ]
        },
        {
          "name": "bone10",
          "parent": "bone5",
          "pivot": [
            13.79513,
            20.5,
            -10.84727
          ],
          "cubes": [
            {
              "origin": [
                -15.3064,
                15.99753,
                -19.66003
              ],
              "size": [
                4,
                9,
                5
              ],
              "inflate": -0.4,
              "pivot": [
                -15.45487,
                22.5,
                -13.74727
              ],
              "rotation": [
                -97.27481,
                -69.85071,
                96.83392
              ],
              "uv": [
                108,
                158
              ]
            }
          ]
        }
      ]
    }
  ]
}