{
  "format_version": "1.12.0",
  "minecraft:geometry": [
    {
      "description": {
        "identifier": "geometry.unknown",
        "texture_width": 128,
        "texture_height": 128,
        "visible_bounds_width": 9,
        "visible_bounds_height": 4.5,
        "visible_bounds_offset": [
          0,
          1.75,
          0
        ]
      },
      "bones": [
        {
          "name": "irontreads",
          "pivot": [
            0,
            0,
            0
          ]
        },
        {
          "name": "torso",
          "parent": "irontreads",
          "pivot": [
            0,
            0,
            0
          ]
        },
        {
          "name": "body",
          "parent": "torso",
          "pivot": [
            0,
            -2,
            0
          ],
          "cubes": [
            {
              "origin": [
                -11,
                5,
                -11
              ],
              "size": [
                22,
                22,
                22
              ],
              "uv": [
                0,
                0
              ]
            },
            {
              "origin": [
                8.5,
                24.5,
                -1
              ],
              "size": [
                3,
                3,
                3
              ],
              "uv": [
                0,
                47
              ]
            },
            {
              "origin": [
                -11.5,
                24.5,
                -1
              ],
              "size": [
                3,
                3,
                3
              ],
              "uv": [
                40,
                47
              ]
            }
          ]
        },
        {
          "name": "Treads",
          "parent": "body",
          "pivot": [
            0,
            16,
            -1
          ],
          "cubes": [
            {
              "origin": [
                -7,
                28,
                -7
              ],
              "size": [
                14,
                4,
                12
              ],
              "uv": [
                40,
                48
              ]
            }
          ]
        },
        {
          "name": "tread_1",
          "parent": "Treads",
          "pivot": [
            0,
            32,
            -7
          ],
          "cubes": [
            {
              "origin": [
                -7,
                28,
                -19
              ],
              "size": [
                14,
                4,
                12
              ],
              "uv": [
                0,
                60
              ]
            }
          ]
        },
        {
          "name": "tread_2",
          "parent": "tread_1",
          "pivot": [
            0,
            32,
            -19
          ],
          "cubes": [
            {
              "origin": [
                -6,
                28,
                -31
              ],
              "size": [
                12,
                4,
                12
              ],
              "uv": [
                66,
                0
              ]
            }
          ]
        },
        {
          "name": "tread_3",
          "parent": "tread_2",
          "pivot": [
            0,
            32,
            -31
          ],
          "cubes": [
            {
              "origin": [
                -5,
                28,
                -41
              ],
              "size": [
                10,
                4,
                10
              ],
              "uv": [
                78,
                70
              ]
            }
          ]
        },
        {
          "name": "tread_4",
          "parent": "tread_3",
          "pivot": [
            0,
            32,
            -41
          ],
          "cubes": [
            {
              "origin": [
                -5,
                30,
                -51
              ],
              "size": [
                10,
                2,
                9
              ],
              "inflate": -0.0015,
              "pivot": [
                0,
                32,
                -42
              ],
              "rotation": [
                12.7,
                0,
                0
              ],
              "uv": [
                80,
                48
              ]
            },
            {
              "origin": [
                -5,
                28,
                -50.8
              ],
              "size": [
                10,
                2,
                9
              ],
              "inflate": -0.0025,
              "uv": [
                83,
                59
              ]
            },
            {
              "origin": [
                -5,
                28,
                -42
              ],
              "size": [
                10,
                4,
                1
              ],
              "inflate": -0.001,
              "uv": [
                68,
                100
              ]
            }
          ],
          "locators": {
            "held_item": [
              -0.5,
              27.75,
              -48.75
            ]
          }
        },
        {
          "name": "tread_5",
          "parent": "Treads",
          "pivot": [
            0,
            32,
            5
          ],
          "cubes": [
            {
              "origin": [
                -7,
                28,
                5
              ],
              "size": [
                14,
                4,
                12
              ],
              "uv": [
                0,
                44
              ]
            }
          ]
        },
        {
          "name": "tread_6",
          "parent": "tread_5",
          "pivot": [
            0,
            32,
            17
          ],
          "cubes": [
            {
              "origin": [
                -6,
                28,
                17
              ],
              "size": [
                12,
                4,
                12
              ],
              "uv": [
                40,
                64
              ]
            }
          ]
        },
        {
          "name": "tread_7",
          "parent": "tread_6",
          "pivot": [
            0,
            32,
            29
          ],
          "cubes": [
            {
              "origin": [
                -5,
                28,
                29
              ],
              "size": [
                10,
                4,
                10
              ],
              "uv": [
                78,
                34
              ]
            }
          ]
        },
        {
          "name": "tread_8",
          "parent": "tread_7",
          "pivot": [
            0,
            32,
            39
          ],
          "cubes": [
            {
              "origin": [
                -5,
                28,
                39
              ],
              "size": [
                10,
                4,
                10
              ],
              "uv": [
                0,
                76
              ]
            }
          ]
        },
        {
          "name": "tread_9",
          "parent": "tread_8",
          "pivot": [
            0,
            32,
            49
          ],
          "cubes": [
            {
              "origin": [
                -5,
                28,
                49
              ],
              "size": [
                10,
                4,
                1
              ],
              "inflate": -0.001,
              "uv": [
                68,
                100
              ]
            },
            {
              "origin": [
                -5,
                28,
                49.8
              ],
              "size": [
                10,
                2,
                9
              ],
              "inflate": -0.0025,
              "uv": [
                40,
                80
              ]
            },
            {
              "origin": [
                -5,
                30,
                50
              ],
              "size": [
                10,
                2,
                9
              ],
              "inflate": -0.0015,
              "pivot": [
                0,
                32,
                50
              ],
              "rotation": [
                -12.7,
                0,
                0
              ],
              "uv": [
                80,
                48
              ]
            }
          ]
        },
        {
          "name": "Mouth_Open",
          "parent": "body",
          "pivot": [
            0,
            11.75,
            -3.5
          ],
          "cubes": [
            {
              "origin": [
                -6,
                10,
                -11
              ],
              "size": [
                12,
                6,
                3
              ],
              "inflate": 0.01,
              "uv": [
                88,
                21
              ]
            }
          ]
        },
        {
          "name": "face",
          "parent": "body",
          "pivot": [
            0,
            -2,
            0
          ],
          "cubes": [
            {
              "origin": [
                -6,
                10,
                -14
              ],
              "size": [
                12,
                12,
                4
              ],
              "uv": [
                78,
                84
              ]
            }
          ]
        },
        {
          "name": "Eyes_Open",
          "parent": "face",
          "pivot": [
            0,
            -0.75,
            1
          ],
          "cubes": [
            {
              "origin": [
                0.75,
                15.5,
                -14.05
              ],
              "size": [
                4,
                3,
                0
              ],
              "pivot": [
                2.75,
                17,
                -14.05
              ],
              "rotation": [
                0,
                0,
                -20
              ],
              "uv": [
                0,
                53
              ]
            },
            {
              "origin": [
                -3,
                16.5,
                -14.05
              ],
              "size": [
                1,
                2,
                0
              ],
              "inflate": 0.005,
              "pivot": [
                -2,
                17.5,
                -13
              ],
              "rotation": [
                0,
                0,
                7.5
              ],
              "uv": [
                0,
                0
              ],
              "mirror": true
            },
            {
              "origin": [
                -4.75,
                15.5,
                -14.05
              ],
              "size": [
                4,
                3,
                0
              ],
              "pivot": [
                -2.75,
                17,
                -14.05
              ],
              "rotation": [
                0,
                0,
                20
              ],
              "uv": [
                0,
                53
              ],
              "mirror": true
            },
            {
              "origin": [
                2,
                16.5,
                -14.05
              ],
              "size": [
                1,
                2,
                0
              ],
              "inflate": 0.005,
              "pivot": [
                2,
                17.5,
                -13
              ],
              "rotation": [
                0,
                0,
                -7.5
              ],
              "uv": [
                0,
                0
              ]
            }
          ]
        },
        {
          "name": "Eyes_closed",
          "parent": "face",
          "pivot": [
            0,
            -0.75,
            2
          ],
          "cubes": [
            {
              "origin": [
                1.25,
                16.5,
                -13.05
              ],
              "size": [
                3,
                1,
                0
              ],
              "pivot": [
                3.25,
                17,
                -13.05
              ],
              "rotation": [
                0,
                0,
                -20
              ],
              "uv": [
                92,
                115
              ]
            },
            {
              "origin": [
                -4.25,
                16.5,
                -13.05
              ],
              "size": [
                3,
                1,
                0
              ],
              "pivot": [
                -3.25,
                17,
                -13.05
              ],
              "rotation": [
                0,
                0,
                20
              ],
              "uv": [
                92,
                115
              ],
              "mirror": true
            }
          ]
        },
        {
          "name": "Eyes_angry",
          "parent": "face",
          "pivot": [
            0,
            -0.75,
            2
          ],
          "cubes": [
            {
              "origin": [
                0.75,
                15.5,
                -13.05
              ],
              "size": [
                4,
                3,
                0
              ],
              "pivot": [
                2.75,
                17,
                -13.05
              ],
              "rotation": [
                0,
                0,
                -25
              ],
              "uv": [
                0,
                53
              ]
            },
            {
              "origin": [
                -4.75,
                15.5,
                -13.05
              ],
              "size": [
                4,
                3,
                0
              ],
              "pivot": [
                -2.75,
                17,
                -13.05
              ],
              "rotation": [
                0,
                0,
                25
              ],
              "uv": [
                0,
                53
              ],
              "mirror": true
            }
          ]
        },
        {
          "name": "Left_Tusk",
          "parent": "body",
          "pivot": [
            8.94151,
            13.40748,
            -9.42291
          ],
          "rotation": [
            0,
            -40,
            0
          ],
          "cubes": [
            {
              "origin": [
                6.94151,
                11.5,
                -16.0893
              ],
              "size": [
                4,
                4,
                7
              ],
              "uv": [
                0,
                0
              ]
            },
            {
              "origin": [
                6.94151,
                11.5,
                -22.0893
              ],
              "size": [
                4,
                4,
                6
              ],
              "pivot": [
                8.94151,
                11.5,
                -16.0893
              ],
              "rotation": [
                -12.5,
                0,
                0
              ],
              "uv": [
                0,
                11
              ]
            },
            {
              "origin": [
                7.44151,
                13.28679,
                -27.83886
              ],
              "size": [
                3,
                3,
                6
              ],
              "pivot": [
                8.94151,
                13.28679,
                -21.83886
              ],
              "rotation": [
                -32.5,
                0,
                0
              ],
              "uv": [
                84,
                100
              ]
            },
            {
              "origin": [
                8.94151,
                16.76058,
                -32.89921
              ],
              "size": [
                0,
                3,
                6
              ],
              "pivot": [
                8.94151,
                16.51058,
                -26.89921
              ],
              "rotation": [
                -62.5,
                0,
                0
              ],
              "uv": [
                0,
                38
              ],
              "mirror": true
            }
          ]
        },
        {
          "name": "Right_Tusk",
          "parent": "body",
          "pivot": [
            -8.94151,
            13.40748,
            -9.42291
          ],
          "rotation": [
            0,
            40,
            0
          ],
          "cubes": [
            {
              "origin": [
                -8.94151,
                16.76058,
                -32.89921
              ],
              "size": [
                0,
                3,
                6
              ],
              "pivot": [
                -8.94151,
                16.51058,
                -26.89921
              ],
              "rotation": [
                -62.5,
                0,
                0
              ],
              "uv": [
                0,
                38
              ]
            },
            {
              "origin": [
                -10.94151,
                11.5,
                -16.0893
              ],
              "size": [
                4,
                4,
                7
              ],
              "uv": [
                0,
                0
              ],
              "mirror": true
            },
            {
              "origin": [
                -10.94151,
                11.5,
                -22.0893
              ],
              "size": [
                4,
                4,
                6
              ],
              "pivot": [
                -8.94151,
                11.5,
                -16.0893
              ],
              "rotation": [
                -12.5,
                0,
                0
              ],
              "uv": [
                0,
                11
              ],
              "mirror": true
            },
            {
              "origin": [
                -10.44151,
                13.28679,
                -27.83886
              ],
              "size": [
                3,
                3,
                6
              ],
              "pivot": [
                -8.94151,
                13.28679,
                -21.83886
              ],
              "rotation": [
                -32.5,
                0,
                0
              ],
              "uv": [
                84,
                100
              ],
              "mirror": true
            }
          ]
        },
        {
          "name": "Left_ear",
          "parent": "body",
          "pivot": [
            11.5,
            26.75,
            0.5
          ],
          "cubes": [
            {
              "origin": [
                11.5,
                26.75,
                -2
              ],
              "size": [
                20,
                0,
                5
              ],
              "uv": [
                61,
                16
              ]
            }
          ]
        },
        {
          "name": "Right_ear",
          "parent": "body",
          "pivot": [
            -11.5,
            26.75,
            0.5
          ],
          "cubes": [
            {
              "origin": [
                -31.5,
                26.75,
                -2
              ],
              "size": [
                20,
                0,
                5
              ],
              "uv": [
                61,
                16
              ],
              "mirror": true
            }
          ]
        },
        {
          "name": "Left_front_leg",
          "parent": "torso",
          "pivot": [
            9,
            9,
            -5.5
          ],
          "cubes": [
            {
              "origin": [
                9,
                3,
                -8
              ],
              "size": [
                4,
                6,
                5
              ],
              "inflate": -0.01,
              "uv": [
                34,
                91
              ]
            },
            {
              "origin": [
                9.5,
                0.5,
                -7.5
              ],
              "size": [
                3,
                6,
                4
              ],
              "uv": [
                30,
                102
              ]
            }
          ]
        },
        {
          "name": "Left_front_plate",
          "parent": "Left_front_leg",
          "pivot": [
            12,
            0,
            -5.5
          ],
          "cubes": [
            {
              "origin": [
                12.06044,
                1.6576,
                -9
              ],
              "size": [
                1,
                6,
                7
              ],
              "pivot": [
                12.56044,
                5.6576,
                -5.5
              ],
              "rotation": [
                0,
                0,
                -7.5
              ],
              "uv": [
                18,
                90
              ]
            },
            {
              "origin": [
                12.80617,
                6.97286,
                -9
              ],
              "size": [
                0,
                3,
                7
              ],
              "pivot": [
                13.05617,
                5.72286,
                -5.5
              ],
              "rotation": [
                0,
                0,
                -7.5
              ],
              "uv": [
                40,
                37
              ]
            },
            {
              "origin": [
                12.57827,
                -0.24292,
                -7
              ],
              "size": [
                1,
                2,
                3
              ],
              "uv": [
                0,
                60
              ]
            },
            {
              "origin": [
                12.30071,
                -3.04628,
                -9
              ],
              "size": [
                1,
                3,
                7
              ],
              "pivot": [
                12.80071,
                -1.04628,
                -5.5
              ],
              "rotation": [
                0,
                0,
                17.5
              ],
              "uv": [
                102,
                0
              ]
            }
          ]
        },
        {
          "name": "Right_front_leg",
          "parent": "torso",
          "pivot": [
            -9,
            9,
            -5.5
          ],
          "cubes": [
            {
              "origin": [
                -13,
                3,
                -8
              ],
              "size": [
                4,
                6,
                5
              ],
              "inflate": -0.01,
              "uv": [
                34,
                91
              ],
              "mirror": true
            },
            {
              "origin": [
                -12.5,
                0.5,
                -7.5
              ],
              "size": [
                3,
                6,
                4
              ],
              "uv": [
                30,
                102
              ],
              "mirror": true
            }
          ]
        },
        {
          "name": "Right_front_plate",
          "parent": "Right_front_leg",
          "pivot": [
            -12,
            0,
            -5.5
          ],
          "cubes": [
            {
              "origin": [
                -13.30071,
                -3.04628,
                -9
              ],
              "size": [
                1,
                3,
                7
              ],
              "pivot": [
                -12.80071,
                -1.04628,
                -5.5
              ],
              "rotation": [
                0,
                0,
                -17.5
              ],
              "uv": [
                102,
                0
              ],
              "mirror": true
            },
            {
              "origin": [
                -13.57827,
                -0.24292,
                -7
              ],
              "size": [
                1,
                2,
                3
              ],
              "uv": [
                0,
                60
              ],
              "mirror": true
            },
            {
              "origin": [
                -13.06044,
                1.6576,
                -9
              ],
              "size": [
                1,
                6,
                7
              ],
              "pivot": [
                -12.56044,
                5.6576,
                -5.5
              ],
              "rotation": [
                0,
                0,
                7.5
              ],
              "uv": [
                18,
                90
              ],
              "mirror": true
            },
            {
              "origin": [
                -12.80617,
                6.97286,
                -9
              ],
              "size": [
                0,
                3,
                7
              ],
              "pivot": [
                -13.05617,
                5.72286,
                -5.5
              ],
              "rotation": [
                0,
                0,
                7.5
              ],
              "uv": [
                40,
                37
              ],
              "mirror": true
            }
          ]
        },
        {
          "name": "Left_back_leg",
          "parent": "torso",
          "pivot": [
            9,
            9,
            5.5
          ],
          "cubes": [
            {
              "origin": [
                9.5,
                0.5,
                3.5
              ],
              "size": [
                3,
                6,
                4
              ],
              "uv": [
                30,
                102
              ]
            },
            {
              "origin": [
                9,
                3,
                3
              ],
              "size": [
                4,
                6,
                5
              ],
              "inflate": -0.01,
              "uv": [
                0,
                90
              ]
            }
          ]
        },
        {
          "name": "Left_back_plate",
          "parent": "Left_back_leg",
          "pivot": [
            12,
            0,
            5.5
          ],
          "cubes": [
            {
              "origin": [
                12.06044,
                1.6576,
                2
              ],
              "size": [
                1,
                6,
                7
              ],
              "pivot": [
                12.56044,
                5.6576,
                5.5
              ],
              "rotation": [
                0,
                0,
                -7.5
              ],
              "uv": [
                52,
                91
              ]
            },
            {
              "origin": [
                12.81044,
                6.9076,
                2
              ],
              "size": [
                0,
                3,
                7
              ],
              "pivot": [
                12.56044,
                5.6576,
                -5.5
              ],
              "rotation": [
                0,
                0,
                -7.5
              ],
              "uv": [
                40,
                37
              ]
            },
            {
              "origin": [
                12.57827,
                -0.24292,
                4
              ],
              "size": [
                1,
                2,
                3
              ],
              "uv": [
                14,
                11
              ]
            },
            {
              "origin": [
                12.30071,
                -3.04628,
                2
              ],
              "size": [
                1,
                3,
                7
              ],
              "pivot": [
                12.80071,
                -1.04628,
                5.5
              ],
              "rotation": [
                0,
                0,
                17.5
              ],
              "uv": [
                30,
                76
              ]
            }
          ]
        },
        {
          "name": "Right_back_leg",
          "parent": "torso",
          "pivot": [
            -9,
            9,
            5.5
          ],
          "cubes": [
            {
              "origin": [
                -12.5,
                0.5,
                3.5
              ],
              "size": [
                3,
                6,
                4
              ],
              "uv": [
                30,
                102
              ],
              "mirror": true
            },
            {
              "origin": [
                -13,
                3,
                3
              ],
              "size": [
                4,
                6,
                5
              ],
              "inflate": -0.01,
              "uv": [
                0,
                90
              ],
              "mirror": true
            }
          ]
        },
        {
          "name": "Right_back_plate",
          "parent": "Right_back_leg",
          "pivot": [
            -12,
            0,
            5.5
          ],
          "cubes": [
            {
              "origin": [
                -13.06044,
                1.6576,
                2
              ],
              "size": [
                1,
                6,
                7
              ],
              "pivot": [
                -12.56044,
                5.6576,
                5.5
              ],
              "rotation": [
                0,
                0,
                7.5
              ],
              "uv": [
                52,
                91
              ],
              "mirror": true
            },
            {
              "origin": [
                -12.81044,
                6.9076,
                2
              ],
              "size": [
                0,
                3,
                7
              ],
              "pivot": [
                -12.56044,
                5.6576,
                -5.5
              ],
              "rotation": [
                0,
                0,
                7.5
              ],
              "uv": [
                40,
                37
              ],
              "mirror": true
            },
            {
              "origin": [
                -13.30071,
                -3.04628,
                2
              ],
              "size": [
                1,
                3,
                7
              ],
              "pivot": [
                -12.80071,
                -1.04628,
                5.5
              ],
              "rotation": [
                0,
                0,
                -17.5
              ],
              "uv": [
                30,
                76
              ],
              "mirror": true
            },
            {
              "origin": [
                -13.57827,
                -0.24292,
                4
              ],
              "size": [
                1,
                2,
                3
              ],
              "uv": [
                14,
                11
              ],
              "mirror": true
            }
          ]
        }
      ]
    }
  ]
}