{
  "format_version": "1.12.0",
  "minecraft:geometry": [
    {
      "description": {
        "identifier": "geometry.palossand",
        "texture_width": 128,
        "texture_height": 256,
        "visible_bounds_width": 5,
        "visible_bounds_height": 3.5,
        "visible_bounds_offset": [
          0,
          1.25,
          0
        ]
      },
      "bones": [
        {
          "name": "palossand",
          "pivot": [
            0,
            0,
            0
          ]
        },
        {
          "name": "body",
          "parent": "palossand",
          "pivot": [
            0,
            0,
            0
          ]
        },
        {
          "name": "torso",
          "parent": "body",
          "pivot": [
            0,
            0,
            1.5
          ]
        },
        {
          "name": "arms",
          "parent": "torso",
          "pivot": [
            0,
            3,
            0
          ]
        },
        {
          "name": "arm_left",
          "parent": "arms",
          "pivot": [
            14.5,
            2,
            0
          ],
          "cubes": [
            {
              "origin": [
                9.5,
                1.5,
                -5
              ],
              "size": [
                10,
                5,
                10
              ],
              "inflate": 0.03,
              "uv": [
                0,
                47
              ]
            }
          ]
        },
        {
          "name": "arm_left2",
          "parent": "arm_left",
          "pivot": [
            14.5,
            6.5,
            0
          ],
          "cubes": [
            {
              "origin": [
                9.5,
                6,
                -5
              ],
              "size": [
                10,
                7,
                10
              ],
              "inflate": 0.02,
              "uv": [
                0,
                62
              ]
            }
          ]
        },
        {
          "name": "arm_left3",
          "parent": "arm_left2",
          "pivot": [
            14.5,
            13,
            0
          ],
          "cubes": [
            {
              "origin": [
                9.5,
                12.5,
                -5
              ],
              "size": [
                10,
                6,
                10
              ],
              "inflate": 0.01,
              "uv": [
                0,
                79
              ]
            }
          ]
        },
        {
          "name": "hand_left",
          "parent": "arm_left3",
          "pivot": [
            14.5,
            18.5,
            0
          ]
        },
        {
          "name": "finger_left_left",
          "parent": "hand_left",
          "pivot": [
            19.5,
            18.5,
            0
          ],
          "cubes": [
            {
              "origin": [
                17.5,
                18,
                -2.5
              ],
              "size": [
                2,
                4,
                5
              ],
              "uv": [
                27,
                6
              ]
            }
          ]
        },
        {
          "name": "finger_left_right",
          "parent": "hand_left",
          "pivot": [
            9.5,
            18.5,
            0
          ],
          "cubes": [
            {
              "origin": [
                9.5,
                18,
                -2.5
              ],
              "size": [
                2,
                4,
                5
              ],
              "uv": [
                54,
                11
              ]
            }
          ]
        },
        {
          "name": "finger_left_front",
          "parent": "hand_left",
          "pivot": [
            14.5,
            18.5,
            -5
          ],
          "cubes": [
            {
              "origin": [
                12,
                18,
                -5
              ],
              "size": [
                5,
                4,
                2
              ],
              "uv": [
                32,
                31
              ]
            }
          ]
        },
        {
          "name": "finger_left_back",
          "parent": "hand_left",
          "pivot": [
            14.5,
            18.5,
            5
          ],
          "cubes": [
            {
              "origin": [
                12,
                18,
                3
              ],
              "size": [
                5,
                4,
                2
              ],
              "uv": [
                24,
                37
              ]
            }
          ]
        },
        {
          "name": "arm_right",
          "parent": "arms",
          "pivot": [
            -14.5,
            2,
            0
          ],
          "cubes": [
            {
              "origin": [
                -19.5,
                1.5,
                -5
              ],
              "size": [
                10,
                5,
                10
              ],
              "inflate": 0.03,
              "uv": [
                30,
                57
              ],
              "mirror": true
            }
          ]
        },
        {
          "name": "arm_right2",
          "parent": "arm_right",
          "pivot": [
            -14.5,
            6.5,
            0
          ],
          "cubes": [
            {
              "origin": [
                -19.5,
                6,
                -5
              ],
              "size": [
                10,
                7,
                10
              ],
              "inflate": 0.02,
              "uv": [
                70,
                56
              ],
              "mirror": true
            }
          ]
        },
        {
          "name": "arm_right3",
          "parent": "arm_right2",
          "pivot": [
            -14.5,
            13,
            0
          ],
          "cubes": [
            {
              "origin": [
                -19.5,
                12.5,
                -5
              ],
              "size": [
                10,
                6,
                10
              ],
              "inflate": 0.01,
              "uv": [
                1,
                95
              ],
              "mirror": true
            }
          ]
        },
        {
          "name": "hand_right",
          "parent": "arm_right3",
          "pivot": [
            -14.5,
            18.5,
            0
          ]
        },
        {
          "name": "finger_right_left",
          "parent": "hand_right",
          "pivot": [
            -9.5,
            18.5,
            0
          ],
          "cubes": [
            {
              "origin": [
                -11.5,
                18,
                -2.5
              ],
              "size": [
                2,
                4,
                5
              ],
              "uv": [
                105,
                15
              ],
              "mirror": true
            }
          ]
        },
        {
          "name": "finger_right_right",
          "parent": "hand_right",
          "pivot": [
            -19.5,
            18.5,
            0
          ],
          "cubes": [
            {
              "origin": [
                -19.5,
                18,
                -2.5
              ],
              "size": [
                2,
                4,
                5
              ],
              "uv": [
                36,
                38
              ],
              "mirror": true
            }
          ]
        },
        {
          "name": "finger_right_front",
          "parent": "hand_right",
          "pivot": [
            -14.5,
            18.5,
            -5
          ],
          "cubes": [
            {
              "origin": [
                -17,
                18,
                -5
              ],
              "size": [
                5,
                4,
                2
              ],
              "uv": [
                71,
                0
              ],
              "mirror": true
            }
          ]
        },
        {
          "name": "finger_right_back",
          "parent": "hand_right",
          "pivot": [
            -14.5,
            18.5,
            5
          ],
          "cubes": [
            {
              "origin": [
                -17,
                18,
                3
              ],
              "size": [
                5,
                4,
                2
              ],
              "uv": [
                89,
                0
              ],
              "mirror": true
            }
          ]
        },
        {
          "name": "torso2",
          "parent": "torso",
          "pivot": [
            0,
            2,
            0
          ],
          "cubes": [
            {
              "origin": [
                -14.5,
                1.5,
                -9.5
              ],
              "size": [
                29,
                3,
                19
              ],
              "inflate": 0.01,
              "uv": [
                31,
                76
              ]
            }
          ]
        },
        {
          "name": "head",
          "parent": "torso2",
          "pivot": [
            0,
            4.5,
            0
          ],
          "cubes": [
            {
              "origin": [
                -8.5,
                4.5,
                -8.5
              ],
              "size": [
                17,
                3,
                17
              ],
              "uv": [
                33,
                36
              ]
            },
            {
              "origin": [
                -8.5,
                7.5,
                -8.5
              ],
              "size": [
                5,
                7,
                17
              ],
              "uv": [
                27,
                7
              ],
              "mirror": true
            },
            {
              "origin": [
                -6.5,
                12.5,
                -8.51
              ],
              "size": [
                2,
                2,
                0
              ],
              "uv": [
                48,
                24
              ],
              "mirror": true
            },
            {
              "origin": [
                -5.5,
                8.5,
                -8.51
              ],
              "size": [
                2,
                2,
                0
              ],
              "pivot": [
                -4.5,
                9.5,
                -8.51
              ],
              "rotation": [
                0,
                0,
                90
              ],
              "uv": [
                50,
                24
              ],
              "mirror": true
            },
            {
              "origin": [
                3.5,
                8.5,
                -8.51
              ],
              "size": [
                2,
                2,
                0
              ],
              "pivot": [
                4.5,
                9.5,
                -8.51
              ],
              "rotation": [
                0,
                0,
                90
              ],
              "uv": [
                50,
                24
              ],
              "mirror": true
            },
            {
              "origin": [
                -5.5,
                9.5,
                -8.51
              ],
              "size": [
                2,
                2,
                0
              ],
              "pivot": [
                -4.5,
                10.5,
                -8.51
              ],
              "rotation": [
                0,
                0,
                90
              ],
              "uv": [
                50,
                24
              ],
              "mirror": true
            },
            {
              "origin": [
                -7.5,
                9.5,
                -8.51
              ],
              "size": [
                2,
                2,
                0
              ],
              "pivot": [
                -6.5,
                10.5,
                -8.51
              ],
              "rotation": [
                0,
                0,
                90
              ],
              "uv": [
                50,
                24
              ],
              "mirror": true
            },
            {
              "origin": [
                -8.5,
                9.5,
                -8.51
              ],
              "size": [
                2,
                2,
                0
              ],
              "pivot": [
                -7.5,
                10.5,
                -8.51
              ],
              "rotation": [
                0,
                0,
                90
              ],
              "uv": [
                50,
                24
              ],
              "mirror": true
            },
            {
              "origin": [
                3.5,
                9.5,
                -8.51
              ],
              "size": [
                2,
                2,
                0
              ],
              "pivot": [
                4.5,
                10.5,
                -8.51
              ],
              "rotation": [
                0,
                0,
                90
              ],
              "uv": [
                50,
                24
              ],
              "mirror": true
            },
            {
              "origin": [
                4.5,
                9.5,
                -8.51
              ],
              "size": [
                2,
                2,
                0
              ],
              "pivot": [
                5.5,
                10.5,
                -8.51
              ],
              "rotation": [
                0,
                0,
                90
              ],
              "uv": [
                50,
                24
              ],
              "mirror": true
            },
            {
              "origin": [
                6.5,
                9.5,
                -8.51
              ],
              "size": [
                2,
                2,
                0
              ],
              "pivot": [
                7.5,
                10.5,
                -8.51
              ],
              "rotation": [
                0,
                0,
                90
              ],
              "uv": [
                50,
                24
              ],
              "mirror": true
            },
            {
              "origin": [
                4.5,
                12.5,
                -8.51
              ],
              "size": [
                2,
                2,
                0
              ],
              "uv": [
                48,
                24
              ],
              "mirror": true
            },
            {
              "origin": [
                3.5,
                7.5,
                -8.5
              ],
              "size": [
                5,
                7,
                17
              ],
              "uv": [
                0,
                0
              ]
            }
          ]
        },
        {
          "name": "mouth_bottom",
          "parent": "head",
          "pivot": [
            0,
            -1,
            0
          ],
          "cubes": [
            {
              "origin": [
                -8.5,
                3.5,
                -8.5
              ],
              "size": [
                17,
                3,
                17
              ],
              "inflate": -0.001,
              "uv": [
                33,
                36
              ]
            },
            {
              "origin": [
                -5.5,
                3.5,
                -8.5
              ],
              "size": [
                9,
                3,
                0
              ],
              "inflate": -0.0005,
              "uv": [
                58,
                91
              ]
            },
            {
              "origin": [
                -5.5,
                3.5,
                8.5
              ],
              "size": [
                9,
                3,
                0
              ],
              "inflate": -0.0005,
              "uv": [
                86,
                125
              ]
            }
          ]
        },
        {
          "name": "mouth_cry",
          "parent": "mouth_bottom",
          "pivot": [
            0,
            6.5,
            -7.5
          ]
        },
        {
          "name": "mouthcry_right",
          "parent": "mouth_cry",
          "pivot": [
            -2.5,
            6.5,
            -7.5
          ],
          "cubes": [
            {
              "origin": [
                -3.5,
                5.5,
                -7.5
              ],
              "size": [
                2,
                2,
                0
              ],
              "pivot": [
                -2.5,
                6.5,
                -7.5
              ],
              "rotation": [
                0,
                0,
                -180
              ],
              "uv": [
                0,
                0
              ],
              "mirror": true
            }
          ]
        },
        {
          "name": "mouthcry_left",
          "parent": "mouth_cry",
          "pivot": [
            2.5,
            6.5,
            -7.5
          ],
          "cubes": [
            {
              "origin": [
                1.5,
                5.5,
                -7.5
              ],
              "size": [
                2,
                2,
                0
              ],
              "pivot": [
                2.5,
                6.5,
                -7.5
              ],
              "rotation": [
                0,
                0,
                90
              ],
              "uv": [
                0,
                0
              ],
              "mirror": true
            }
          ]
        },
        {
          "name": "head_up",
          "parent": "head",
          "pivot": [
            0,
            7.2,
            8
          ],
          "cubes": [
            {
              "origin": [
                3.5,
                7.5,
                -8.5
              ],
              "size": [
                1,
                2,
                0
              ],
              "inflate": 0.014,
              "uv": [
                19,
                15
              ]
            },
            {
              "origin": [
                -4.5,
                7.5,
                -8.5
              ],
              "size": [
                1,
                2,
                0
              ],
              "inflate": 0.014,
              "uv": [
                24,
                17
              ]
            },
            {
              "origin": [
                7.5,
                7.5,
                -8.5
              ],
              "size": [
                1,
                2,
                0
              ],
              "inflate": 0.014,
              "uv": [
                24,
                15
              ]
            },
            {
              "origin": [
                3.5,
                7.5,
                -8.5
              ],
              "size": [
                5,
                7,
                17
              ],
              "inflate": 0.013,
              "uv": [
                0,
                0
              ]
            },
            {
              "origin": [
                -8.5,
                14.5,
                -8.5
              ],
              "size": [
                17,
                2,
                17
              ],
              "inflate": 0.001,
              "uv": [
                54,
                14
              ]
            },
            {
              "origin": [
                -8.5,
                7.5,
                -8.5
              ],
              "size": [
                5,
                7,
                17
              ],
              "inflate": 0.013,
              "uv": [
                27,
                7
              ],
              "mirror": true
            },
            {
              "origin": [
                -1,
                15.5,
                -8.51
              ],
              "size": [
                2,
                2,
                0
              ],
              "uv": [
                87,
                33
              ]
            },
            {
              "origin": [
                -4,
                14.5,
                -8.51
              ],
              "size": [
                2,
                2,
                0
              ],
              "uv": [
                91,
                35
              ],
              "mirror": true
            },
            {
              "origin": [
                2,
                14.5,
                -8.51
              ],
              "size": [
                2,
                2,
                0
              ],
              "uv": [
                91,
                33
              ]
            }
          ]
        },
        {
          "name": "head_flaps",
          "parent": "head_up",
          "pivot": [
            0,
            16.5,
            0
          ],
          "cubes": [
            {
              "origin": [
                -4,
                16.5,
                -8.5
              ],
              "size": [
                8,
                4,
                2
              ],
              "uv": [
                27,
                0
              ]
            },
            {
              "origin": [
                -4,
                16.5,
                6.5
              ],
              "size": [
                8,
                4,
                2
              ],
              "uv": [
                47,
                0
              ]
            },
            {
              "origin": [
                6.5,
                16.5,
                -8.5
              ],
              "size": [
                2,
                4,
                7
              ],
              "uv": [
                60,
                0
              ]
            },
            {
              "origin": [
                -8.5,
                16.5,
                -8.5
              ],
              "size": [
                2,
                4,
                7
              ],
              "uv": [
                78,
                0
              ],
              "mirror": true
            },
            {
              "origin": [
                6.5,
                16.5,
                1.5
              ],
              "size": [
                2,
                4,
                7
              ],
              "uv": [
                96,
                0
              ]
            },
            {
              "origin": [
                -8.5,
                16.5,
                1.5
              ],
              "size": [
                2,
                4,
                7
              ],
              "uv": [
                107,
                4
              ],
              "mirror": true
            }
          ]
        },
        {
          "name": "head2",
          "parent": "head_up",
          "pivot": [
            0,
            16.5,
            0
          ],
          "cubes": [
            {
              "origin": [
                -5.5,
                15.5,
                -5.5
              ],
              "size": [
                11,
                9,
                11
              ],
              "uv": [
                84,
                33
              ]
            },
            {
              "origin": [
                -4,
                20.2,
                -5.51
              ],
              "size": [
                8,
                3,
                0
              ],
              "uv": [
                63,
                11
              ]
            },
            {
              "origin": [
                -1,
                20.2,
                5.51
              ],
              "size": [
                2,
                3,
                0
              ],
              "uv": [
                79,
                11
              ]
            },
            {
              "origin": [
                5.51,
                20.2,
                -1
              ],
              "size": [
                0,
                3,
                2
              ],
              "uv": [
                83,
                9
              ]
            },
            {
              "origin": [
                -5.51,
                20.2,
                -1
              ],
              "size": [
                0,
                3,
                2
              ],
              "uv": [
                83,
                9
              ],
              "mirror": true
            }
          ]
        },
        {
          "name": "eyes",
          "parent": "head2",
          "pivot": [
            0,
            0,
            0
          ]
        },
        {
          "name": "eye_left",
          "parent": "eyes",
          "pivot": [
            3,
            21.7,
            -5.52
          ],
          "cubes": [
            {
              "origin": [
                2.5,
                21.2,
                -5.52
              ],
              "size": [
                1,
                1,
                0
              ],
              "uv": [
                14,
                0
              ]
            }
          ]
        },
        {
          "name": "eye_angry_left",
          "parent": "eye_left",
          "pivot": [
            2,
            22.7,
            -5.42
          ],
          "cubes": [
            {
              "origin": [
                0,
                21.7,
                -5.42
              ],
              "size": [
                4,
                2,
                0
              ],
              "inflate": 0.01,
              "uv": [
                0,
                4
              ]
            }
          ]
        },
        {
          "name": "eye_sad_left",
          "parent": "eye_left",
          "pivot": [
            2,
            23.2,
            -5.42
          ],
          "cubes": [
            {
              "origin": [
                1,
                22.7,
                -5.42
              ],
              "size": [
                2,
                1,
                0
              ],
              "inflate": 0.01,
              "uv": [
                0,
                6
              ]
            },
            {
              "origin": [
                3,
                22.2,
                -5.42
              ],
              "size": [
                1,
                1,
                0
              ],
              "inflate": 0.01,
              "uv": [
                4,
                6
              ]
            }
          ]
        },
        {
          "name": "eye_happy_left",
          "parent": "eye_left",
          "pivot": [
            3,
            21.45,
            -5.42
          ],
          "cubes": [
            {
              "origin": [
                1.5,
                20.95,
                -5.42
              ],
              "size": [
                3,
                1,
                0
              ],
              "inflate": 0.01,
              "uv": [
                6,
                6
              ]
            },
            {
              "origin": [
                2.5,
                21.45,
                -5.43
              ],
              "size": [
                1,
                1,
                0
              ],
              "inflate": 0.01,
              "uv": [
                12,
                6
              ]
            }
          ]
        },
        {
          "name": "eye_recoil_left",
          "parent": "eye_left",
          "pivot": [
            3,
            21.7,
            -5.42
          ],
          "cubes": [
            {
              "origin": [
                2,
                20.95,
                -5.42
              ],
              "size": [
                1,
                2,
                0
              ],
              "inflate": 0.01,
              "uv": [
                0,
                8
              ]
            },
            {
              "origin": [
                3,
                20.45,
                -5.42
              ],
              "size": [
                1,
                2,
                0
              ],
              "inflate": 0.01,
              "uv": [
                2,
                8
              ]
            }
          ]
        },
        {
          "name": "eyelid_left",
          "parent": "eye_left",
          "pivot": [
            2,
            21.7,
            -4.92
          ],
          "cubes": [
            {
              "origin": [
                0,
                20.2,
                -5.42
              ],
              "size": [
                4,
                3,
                1
              ],
              "inflate": 0.01,
              "uv": [
                0,
                47
              ]
            }
          ]
        },
        {
          "name": "eye_right",
          "parent": "eyes",
          "pivot": [
            -3,
            21.7,
            -5.52
          ],
          "cubes": [
            {
              "origin": [
                -3.5,
                21.2,
                -5.52
              ],
              "size": [
                1,
                1,
                0
              ],
              "uv": [
                14,
                1
              ],
              "mirror": true
            }
          ]
        },
        {
          "name": "eye_angry_right",
          "parent": "eye_right",
          "pivot": [
            -2,
            22.7,
            -5.42
          ],
          "cubes": [
            {
              "origin": [
                -4,
                21.7,
                -5.42
              ],
              "size": [
                4,
                2,
                0
              ],
              "inflate": 0.01,
              "uv": [
                8,
                4
              ],
              "mirror": true
            }
          ]
        },
        {
          "name": "eye_sad_right",
          "parent": "eye_right",
          "pivot": [
            -2,
            23.2,
            -5.42
          ],
          "cubes": [
            {
              "origin": [
                -3,
                22.7,
                -5.42
              ],
              "size": [
                2,
                1,
                0
              ],
              "inflate": 0.01,
              "uv": [
                0,
                7
              ],
              "mirror": true
            },
            {
              "origin": [
                -4,
                22.2,
                -5.42
              ],
              "size": [
                1,
                1,
                0
              ],
              "inflate": 0.01,
              "uv": [
                4,
                7
              ],
              "mirror": true
            }
          ]
        },
        {
          "name": "eye_happy_right",
          "parent": "eye_right",
          "pivot": [
            -3,
            21.45,
            -5.42
          ],
          "cubes": [
            {
              "origin": [
                -4.5,
                20.95,
                -5.42
              ],
              "size": [
                3,
                1,
                0
              ],
              "inflate": 0.01,
              "uv": [
                6,
                7
              ],
              "mirror": true
            },
            {
              "origin": [
                -3.5,
                21.45,
                -5.43
              ],
              "size": [
                1,
                1,
                0
              ],
              "inflate": 0.01,
              "uv": [
                12,
                7
              ],
              "mirror": true
            }
          ]
        },
        {
          "name": "eye_recoil_right",
          "parent": "eye_right",
          "pivot": [
            -3,
            21.7,
            -5.42
          ],
          "cubes": [
            {
              "origin": [
                -3,
                20.95,
                -5.42
              ],
              "size": [
                1,
                2,
                0
              ],
              "inflate": 0.01,
              "uv": [
                4,
                8
              ],
              "mirror": true
            },
            {
              "origin": [
                -4,
                20.45,
                -5.42
              ],
              "size": [
                1,
                2,
                0
              ],
              "inflate": 0.01,
              "uv": [
                6,
                8
              ],
              "mirror": true
            }
          ]
        },
        {
          "name": "eyelid_right",
          "parent": "eye_right",
          "pivot": [
            -2,
            21.7,
            -5.02
          ],
          "cubes": [
            {
              "origin": [
                -4,
                20.2,
                -5.42
              ],
              "size": [
                4,
                3,
                1
              ],
              "inflate": 0.01,
              "uv": [
                0,
                51
              ],
              "mirror": true
            }
          ]
        },
        {
          "name": "head3",
          "parent": "head2",
          "pivot": [
            0,
            24.5,
            0
          ],
          "cubes": [
            {
              "origin": [
                -4,
                24,
                -4
              ],
              "size": [
                8,
                3,
                8
              ],
              "uv": [
                0,
                24
              ]
            },
            {
              "origin": [
                -2.5,
                27,
                -2.5
              ],
              "size": [
                5,
                2,
                5
              ],
              "uv": [
                105,
                24
              ]
            }
          ]
        },
        {
          "name": "shovel",
          "parent": "head3",
          "pivot": [
            0,
            29,
            -0.5
          ],
          "cubes": [
            {
              "origin": [
                -7,
                25,
                -0.5
              ],
              "size": [
                12,
                12,
                0
              ],
              "pivot": [
                0,
                32,
                -0.5
              ],
              "rotation": [
                0,
                0,
                -45
              ],
              "uv": [
                0,
                35
              ]
            }
          ]
        },
        {
          "name": "mouth_left",
          "parent": "head_up",
          "pivot": [
            3.7,
            10.22,
            -1.7
          ],
          "cubes": [
            {
              "origin": [
                1.5,
                12.5,
                -8.5
              ],
              "size": [
                2,
                2,
                0
              ],
              "uv": [
                0,
                0
              ],
              "mirror": true
            },
            {
              "origin": [
                1.5,
                12.5,
                8.5
              ],
              "size": [
                2,
                2,
                0
              ],
              "uv": [
                5,
                2
              ]
            },
            {
              "origin": [
                3.5,
                7.5,
                -8.5
              ],
              "size": [
                2,
                7,
                17
              ],
              "inflate": -0.01,
              "uv": [
                0,
                0
              ]
            },
            {
              "origin": [
                3.5,
                0.6,
                -8.5
              ],
              "size": [
                2,
                7,
                17
              ],
              "inflate": -0.011,
              "uv": [
                0,
                0
              ]
            },
            {
              "origin": [
                3.5,
                3.5,
                -8.5
              ],
              "size": [
                2,
                11,
                0
              ],
              "inflate": -0.008,
              "uv": [
                77,
                22
              ],
              "mirror": true
            }
          ]
        },
        {
          "name": "mouth_right",
          "parent": "head_up",
          "pivot": [
            -3.7,
            10.22,
            -1.7
          ],
          "cubes": [
            {
              "origin": [
                -5.5,
                7.5,
                -8.5
              ],
              "size": [
                2,
                7,
                17
              ],
              "inflate": -0.01,
              "uv": [
                27,
                7
              ],
              "mirror": true
            },
            {
              "origin": [
                -5.5,
                3.5,
                -8.5
              ],
              "size": [
                2,
                11,
                0
              ],
              "inflate": -0.008,
              "uv": [
                77,
                22
              ],
              "mirror": true
            },
            {
              "origin": [
                -5.5,
                0.6,
                -8.5
              ],
              "size": [
                2,
                7,
                17
              ],
              "inflate": -0.011,
              "uv": [
                27,
                7
              ],
              "mirror": true
            },
            {
              "origin": [
                -3.5,
                12.5,
                -8.5
              ],
              "size": [
                2,
                2,
                0
              ],
              "uv": [
                0,
                0
              ]
            },
            {
              "origin": [
                -3.5,
                12.5,
                8.5
              ],
              "size": [
                2,
                2,
                0
              ],
              "uv": [
                5,
                2
              ],
              "mirror": true
            }
          ]
        },
        {
          "name": "body_base",
          "parent": "torso",
          "pivot": [
            0,
            0,
            0
          ],
          "cubes": [
            {
              "origin": [
                -19.5,
                0,
                -10.5
              ],
              "size": [
                39,
                2,
                24
              ],
              "inflate": 0.01,
              "uv": [
                2,
                111
              ]
            }
          ]
        },
        {
          "name": "body_base_left",
          "parent": "body_base",
          "pivot": [
            19.5,
            0.5,
            1.5
          ],
          "cubes": [
            {
              "origin": [
                17.5,
                0,
                -9.5
              ],
              "size": [
                4,
                1,
                22
              ],
              "uv": [
                52,
                137
              ]
            }
          ]
        },
        {
          "name": "body_base_left2",
          "parent": "body_base_left",
          "pivot": [
            21.5,
            0,
            1.5
          ],
          "cubes": [
            {
              "origin": [
                21.5,
                0,
                -9.5
              ],
              "size": [
                6,
                0,
                22
              ],
              "uv": [
                -22,
                113
              ]
            }
          ]
        },
        {
          "name": "body_base_right",
          "parent": "body_base",
          "pivot": [
            -19.5,
            0.5,
            1.5
          ],
          "cubes": [
            {
              "origin": [
                -21.5,
                0,
                -9.5
              ],
              "size": [
                4,
                1,
                22
              ],
              "uv": [
                22,
                152
              ],
              "mirror": true
            }
          ]
        },
        {
          "name": "body_base_right2",
          "parent": "body_base_right",
          "pivot": [
            -21.5,
            0,
            1.5
          ],
          "cubes": [
            {
              "origin": [
                -27.5,
                0,
                -9.5
              ],
              "size": [
                6,
                0,
                22
              ],
              "uv": [
                -10,
                113
              ],
              "mirror": true
            }
          ]
        },
        {
          "name": "body_base_front",
          "parent": "body_base",
          "pivot": [
            0,
            0.5,
            -10.5
          ],
          "cubes": [
            {
              "origin": [
                -18.5,
                0,
                -12.5
              ],
              "size": [
                37,
                1,
                4
              ],
              "uv": [
                31,
                98
              ]
            }
          ]
        },
        {
          "name": "body_base_front2",
          "parent": "body_base_front",
          "pivot": [
            0,
            0,
            -12.5
          ],
          "cubes": [
            {
              "origin": [
                -18.5,
                0,
                -17.5
              ],
              "size": [
                37,
                0,
                5
              ],
              "uv": [
                -5,
                137
              ]
            }
          ]
        },
        {
          "name": "body_base_back",
          "parent": "body_base",
          "pivot": [
            0,
            0.5,
            13.5
          ],
          "cubes": [
            {
              "origin": [
                -18.5,
                0,
                12.5
              ],
              "size": [
                37,
                1,
                4
              ],
              "uv": [
                41,
                103
              ]
            }
          ]
        },
        {
          "name": "body_base_back2",
          "parent": "body_base_back",
          "pivot": [
            0,
            0,
            -1
          ],
          "cubes": [
            {
              "origin": [
                -18.5,
                0,
                16.5
              ],
              "size": [
                37,
                0,
                10
              ],
              "uv": [
                -10,
                142
              ]
            }
          ]
        }
      ]
    }
  ]
}