{
  "format_version": "1.12.0",
  "minecraft:geometry": [
    {
      "description": {
        "identifier": "geometry.okidogi",
        "texture_width": 256,
        "texture_height": 128,
        "visible_bounds_width": 7,
        "visible_bounds_height": 5,
        "visible_bounds_offset": [
          0,
          1.5,
          0
        ]
      },
      "bones": [
        {
          "name": "okidogi",
          "pivot": [
            0,
            0,
            0
          ]
        },
        {
          "name": "body",
          "parent": "okidogi",
          "pivot": [
            0,
            0,
            0
          ]
        },
        {
          "name": "torso",
          "parent": "body",
          "pivot": [
            0.06694,
            15.35614,
            4.5
          ],
          "cubes": [
            {
              "origin": [
                -8,
                15.4,
                1
              ],
              "size": [
                16,
                8,
                7
              ],
              "uv": [
                0,
                49
              ]
            }
          ]
        },
        {
          "name": "torso2",
          "parent": "torso",
          "pivot": [
            0,
            22.4,
            5.25
          ],
          "cubes": [
            {
              "origin": [
                -9,
                22.4,
                -1
              ],
              "size": [
                18,
                14,
                11
              ],
              "uv": [
                0,
                0
              ]
            }
          ]
        },
        {
          "name": "shoulder_left",
          "parent": "torso2",
          "pivot": [
            9.60098,
            36.7688,
            4.44888
          ],
          "cubes": [
            {
              "origin": [
                9,
                35.65,
                1
              ],
              "size": [
                5,
                1,
                7
              ],
              "pivot": [
                10,
                34.65,
                5
              ],
              "rotation": [
                0,
                0,
                -10
              ],
              "uv": [
                22,
                86
              ]
            },
            {
              "origin": [
                9,
                36.15,
                5
              ],
              "size": [
                6,
                0,
                5
              ],
              "pivot": [
                10,
                35.15,
                7
              ],
              "rotation": [
                6.55923,
                -36.79696,
                -15.30069
              ],
              "uv": [
                90,
                11
              ]
            },
            {
              "origin": [
                13.81694,
                37.10614,
                1
              ],
              "size": [
                6,
                0,
                7
              ],
              "pivot": [
                14.81694,
                36.10614,
                5
              ],
              "rotation": [
                0,
                0,
                -15
              ],
              "uv": [
                60,
                78
              ]
            },
            {
              "origin": [
                9,
                36.15,
                -1
              ],
              "size": [
                6,
                0,
                5
              ],
              "pivot": [
                10,
                35.15,
                1
              ],
              "rotation": [
                -6.55923,
                36.79696,
                -15.30069
              ],
              "uv": [
                52,
                43
              ]
            }
          ]
        },
        {
          "name": "shoulder_right",
          "parent": "torso2",
          "pivot": [
            -9.60098,
            36.7688,
            4.44888
          ],
          "cubes": [
            {
              "origin": [
                -14,
                35.65,
                1
              ],
              "size": [
                5,
                1,
                7
              ],
              "pivot": [
                -10,
                34.65,
                5
              ],
              "rotation": [
                0,
                0,
                10
              ],
              "uv": [
                22,
                86
              ],
              "mirror": true
            },
            {
              "origin": [
                -15,
                36.15,
                5
              ],
              "size": [
                6,
                0,
                5
              ],
              "pivot": [
                -10,
                35.15,
                7
              ],
              "rotation": [
                6.55923,
                36.79696,
                15.30069
              ],
              "uv": [
                90,
                11
              ],
              "mirror": true
            },
            {
              "origin": [
                -15,
                36.15,
                -1
              ],
              "size": [
                6,
                0,
                5
              ],
              "pivot": [
                -10,
                35.15,
                1
              ],
              "rotation": [
                -6.55923,
                -36.79696,
                15.30069
              ],
              "uv": [
                52,
                43
              ],
              "mirror": true
            },
            {
              "origin": [
                -19.81694,
                37.10614,
                1
              ],
              "size": [
                6,
                0,
                7
              ],
              "pivot": [
                -14.81694,
                36.10614,
                5
              ],
              "rotation": [
                0,
                0,
                15
              ],
              "uv": [
                60,
                78
              ],
              "mirror": true
            }
          ]
        },
        {
          "name": "head",
          "parent": "torso2",
          "pivot": [
            0,
            36.4,
            5
          ],
          "cubes": [
            {
              "origin": [
                -6,
                36.4,
                1
              ],
              "size": [
                12,
                2,
                9
              ],
              "uv": [
                58,
                0
              ]
            },
            {
              "origin": [
                -5,
                36.4,
                0
              ],
              "size": [
                10,
                9,
                9
              ],
              "inflate": 0.001,
              "uv": [
                52,
                25
              ]
            },
            {
              "origin": [
                -2,
                38.11,
                -3.9
              ],
              "size": [
                4,
                3,
                4
              ],
              "pivot": [
                0.4,
                40.11,
                0
              ],
              "rotation": [
                -3,
                0,
                0
              ],
              "uv": [
                40,
                26
              ]
            },
            {
              "origin": [
                -0.5,
                40.11,
                -3.9
              ],
              "size": [
                1,
                1,
                1
              ],
              "inflate": 0.002,
              "pivot": [
                0.4,
                40.11,
                0
              ],
              "rotation": [
                -3,
                0,
                0
              ],
              "uv": [
                46,
                51
              ]
            },
            {
              "origin": [
                1.8,
                37.91,
                -4.7
              ],
              "size": [
                0,
                1,
                1
              ],
              "pivot": [
                0.8,
                36.91,
                -3.7
              ],
              "rotation": [
                -45,
                0,
                0
              ],
              "uv": [
                3,
                1
              ]
            },
            {
              "origin": [
                1.8,
                37.91,
                -3.1
              ],
              "size": [
                0,
                1,
                1
              ],
              "pivot": [
                0.8,
                36.91,
                -2.1
              ],
              "rotation": [
                -45,
                0,
                0
              ],
              "uv": [
                3,
                1
              ]
            },
            {
              "origin": [
                -1.8,
                37.91,
                -3.1
              ],
              "size": [
                0,
                1,
                1
              ],
              "pivot": [
                -0.8,
                36.91,
                -2.1
              ],
              "rotation": [
                -45,
                0,
                0
              ],
              "uv": [
                3,
                1
              ],
              "mirror": true
            },
            {
              "origin": [
                -1.8,
                37.91,
                -4.7
              ],
              "size": [
                0,
                1,
                1
              ],
              "pivot": [
                -0.8,
                36.91,
                -3.7
              ],
              "rotation": [
                -45,
                0,
                0
              ],
              "uv": [
                3,
                1
              ],
              "mirror": true
            }
          ]
        },
        {
          "name": "mouth",
          "parent": "head",
          "pivot": [
            0,
            38.9,
            0
          ],
          "cubes": [
            {
              "origin": [
                1.4,
                38.2,
                -4
              ],
              "size": [
                0,
                1,
                1
              ],
              "pivot": [
                0.4,
                37.2,
                -3
              ],
              "rotation": [
                -45,
                0,
                0
              ],
              "uv": [
                3,
                1
              ]
            },
            {
              "origin": [
                1.4,
                38.2,
                -2.5
              ],
              "size": [
                0,
                1,
                1
              ],
              "pivot": [
                0.4,
                37.2,
                -1.5
              ],
              "rotation": [
                -45,
                0,
                0
              ],
              "uv": [
                3,
                1
              ]
            },
            {
              "origin": [
                -1.4,
                38.2,
                -2.5
              ],
              "size": [
                0,
                1,
                1
              ],
              "pivot": [
                -0.4,
                37.2,
                -1.5
              ],
              "rotation": [
                -45,
                0,
                0
              ],
              "uv": [
                3,
                1
              ],
              "mirror": true
            },
            {
              "origin": [
                -1.4,
                38.2,
                -4
              ],
              "size": [
                0,
                1,
                1
              ],
              "pivot": [
                -0.4,
                37.2,
                -3
              ],
              "rotation": [
                -45,
                0,
                0
              ],
              "uv": [
                3,
                1
              ],
              "mirror": true
            },
            {
              "origin": [
                -1.5,
                36.6,
                -3
              ],
              "size": [
                3,
                2,
                3
              ],
              "uv": [
                22,
                80
              ]
            }
          ]
        },
        {
          "name": "tongue",
          "parent": "mouth",
          "pivot": [
            0,
            38.1,
            1.25
          ],
          "rotation": [
            -20,
            0,
            0
          ],
          "cubes": [
            {
              "origin": [
                -1,
                37.46566,
                -0.84407
              ],
              "size": [
                2,
                1,
                2
              ],
              "pivot": [
                0,
                37.46566,
                -0.34407
              ],
              "rotation": [
                5,
                0,
                0
              ],
              "uv": [
                125,
                38
              ]
            }
          ]
        },
        {
          "name": "tongue2",
          "parent": "tongue",
          "pivot": [
            0,
            37.8766,
            -0.88384
          ],
          "cubes": [
            {
              "origin": [
                -1,
                37.46566,
                -1.84407
              ],
              "size": [
                2,
                1,
                1
              ],
              "pivot": [
                0,
                37.46566,
                -0.34407
              ],
              "rotation": [
                5,
                0,
                0
              ],
              "uv": [
                110,
                37
              ]
            }
          ]
        },
        {
          "name": "tongue3",
          "parent": "tongue2",
          "pivot": [
            0,
            37.78944,
            -1.88003
          ],
          "cubes": [
            {
              "origin": [
                -1,
                37.46566,
                -2.84407
              ],
              "size": [
                2,
                1,
                1
              ],
              "pivot": [
                0,
                37.46566,
                -0.34407
              ],
              "rotation": [
                5,
                0,
                0
              ],
              "uv": [
                120,
                35
              ]
            }
          ]
        },
        {
          "name": "ears",
          "parent": "head",
          "pivot": [
            0,
            43.9,
            4
          ]
        },
        {
          "name": "left_ear",
          "parent": "ears",
          "pivot": [
            3.25,
            43.9,
            4
          ],
          "cubes": [
            {
              "origin": [
                -1,
                41.4,
                4
              ],
              "size": [
                7,
                9,
                0
              ],
              "pivot": [
                5,
                41.4,
                0
              ],
              "rotation": [
                0,
                0,
                12.5
              ],
              "uv": [
                84,
                99
              ]
            }
          ]
        },
        {
          "name": "right_ear",
          "parent": "ears",
          "pivot": [
            -3.25,
            43.9,
            4
          ],
          "cubes": [
            {
              "origin": [
                -6,
                41.4,
                4
              ],
              "size": [
                7,
                9,
                0
              ],
              "pivot": [
                -5,
                41.4,
                0
              ],
              "rotation": [
                0,
                0,
                -12.5
              ],
              "uv": [
                84,
                99
              ],
              "mirror": true
            }
          ]
        },
        {
          "name": "eyes",
          "parent": "head",
          "pivot": [
            -0.05,
            42.5,
            0
          ]
        },
        {
          "name": "left_eye",
          "parent": "eyes",
          "pivot": [
            2.05,
            42.5,
            0
          ],
          "cubes": [
            {
              "origin": [
                -0.5,
                40.5,
                0
              ],
              "size": [
                3,
                3,
                0
              ],
              "inflate": 0.002,
              "pivot": [
                2.5,
                41.5,
                1
              ],
              "rotation": [
                0,
                0,
                70
              ],
              "uv": [
                125,
                29
              ]
            },
            {
              "origin": [
                -0.3,
                41.05,
                0
              ],
              "size": [
                3,
                2,
                0
              ],
              "inflate": 0.003,
              "pivot": [
                2.7,
                42,
                1
              ],
              "rotation": [
                0,
                0,
                70
              ],
              "uv": [
                118,
                0
              ]
            }
          ]
        },
        {
          "name": "left_eye2",
          "parent": "left_eye",
          "pivot": [
            1.7,
            41.4,
            0.89
          ],
          "cubes": [
            {
              "origin": [
                0.1,
                41.3,
                -0.28
              ],
              "size": [
                1,
                1,
                0
              ],
              "inflate": 0.006,
              "pivot": [
                2.1,
                40.3,
                0.69
              ],
              "rotation": [
                -5.31847,
                5.29571,
                44.75386
              ],
              "uv": [
                52,
                48
              ]
            },
            {
              "origin": [
                1.82132,
                40.69289,
                -0.11
              ],
              "size": [
                2,
                2,
                0
              ],
              "inflate": 0.005,
              "pivot": [
                1.7,
                41.4,
                0.89
              ],
              "rotation": [
                -4.60607,
                -4.59125,
                -44.81525
              ],
              "uv": [
                90,
                41
              ]
            }
          ]
        },
        {
          "name": "right_eye",
          "parent": "eyes",
          "pivot": [
            -2.05,
            42.5,
            0
          ],
          "cubes": [
            {
              "origin": [
                -2.5,
                40.5,
                0
              ],
              "size": [
                3,
                3,
                0
              ],
              "inflate": 0.002,
              "pivot": [
                -2.5,
                41.5,
                1
              ],
              "rotation": [
                0,
                0,
                -70
              ],
              "uv": [
                125,
                29
              ],
              "mirror": true
            },
            {
              "origin": [
                -2.7,
                41.05,
                0
              ],
              "size": [
                3,
                2,
                0
              ],
              "inflate": 0.003,
              "pivot": [
                -2.7,
                42,
                1
              ],
              "rotation": [
                0,
                0,
                -70
              ],
              "uv": [
                118,
                0
              ],
              "mirror": true
            }
          ]
        },
        {
          "name": "right_eye2",
          "parent": "right_eye",
          "pivot": [
            -2.1,
            40.3,
            0.69
          ],
          "cubes": [
            {
              "origin": [
                -3.82132,
                40.69289,
                -0.11
              ],
              "size": [
                2,
                2,
                0
              ],
              "inflate": 0.005,
              "pivot": [
                -1.7,
                41.4,
                0.89
              ],
              "rotation": [
                -4.60607,
                4.59125,
                44.81525
              ],
              "uv": [
                90,
                41
              ],
              "mirror": true
            },
            {
              "origin": [
                -1.1,
                41.3,
                -0.28
              ],
              "size": [
                1,
                1,
                0
              ],
              "inflate": 0.006,
              "pivot": [
                -2.1,
                40.3,
                0.69
              ],
              "rotation": [
                -5.31847,
                -5.29571,
                -44.75386
              ],
              "uv": [
                52,
                48
              ],
              "mirror": true
            }
          ]
        },
        {
          "name": "scarf",
          "parent": "head",
          "pivot": [
            3.95,
            37.05,
            9.95
          ],
          "cubes": [
            {
              "origin": [
                6,
                36.3,
                13.2
              ],
              "size": [
                2,
                2,
                6
              ],
              "inflate": 0.003,
              "pivot": [
                7,
                36.3,
                14.2
              ],
              "rotation": [
                0,
                -45,
                0
              ],
              "uv": [
                52,
                96
              ]
            },
            {
              "origin": [
                3,
                36.3,
                10.2
              ],
              "size": [
                2,
                2,
                6
              ],
              "pivot": [
                4,
                36.3,
                11.2
              ],
              "rotation": [
                0,
                -45,
                0
              ],
              "uv": [
                36,
                94
              ]
            },
            {
              "origin": [
                3,
                36.3,
                10.2
              ],
              "size": [
                2,
                2,
                6
              ],
              "inflate": 0.002,
              "pivot": [
                4,
                36.3,
                11.2
              ],
              "rotation": [
                0,
                45,
                0
              ],
              "uv": [
                0,
                97
              ]
            },
            {
              "origin": [
                0.1744,
                36.298,
                13.02843
              ],
              "size": [
                2,
                2,
                6
              ],
              "inflate": 0.004,
              "pivot": [
                1.1744,
                36.298,
                14.02843
              ],
              "rotation": [
                0,
                45,
                0
              ],
              "uv": [
                68,
                99
              ]
            }
          ]
        },
        {
          "name": "scarf2",
          "parent": "scarf",
          "pivot": [
            4.2,
            37.3,
            18.55
          ],
          "cubes": [
            {
              "origin": [
                -1.03981,
                36.298,
                23.04264
              ],
              "size": [
                2,
                2,
                7
              ],
              "inflate": 0.004,
              "pivot": [
                -0.03981,
                36.298,
                24.04264
              ],
              "rotation": [
                0,
                45,
                0
              ],
              "uv": [
                90,
                25
              ]
            },
            {
              "origin": [
                3.2,
                36.3,
                18.8
              ],
              "size": [
                2,
                2,
                8
              ],
              "pivot": [
                4.2,
                36.3,
                19.8
              ],
              "rotation": [
                0,
                -45,
                0
              ],
              "uv": [
                86,
                74
              ]
            },
            {
              "origin": [
                7.2,
                36.3,
                22.8
              ],
              "size": [
                2,
                2,
                8
              ],
              "inflate": 0.003,
              "pivot": [
                8.2,
                36.3,
                23.8
              ],
              "rotation": [
                0,
                -45,
                0
              ],
              "uv": [
                86,
                64
              ]
            },
            {
              "origin": [
                3.2,
                36.3,
                18.8
              ],
              "size": [
                2,
                2,
                7
              ],
              "inflate": 0.002,
              "pivot": [
                4.2,
                36.3,
                19.8
              ],
              "rotation": [
                0,
                45,
                0
              ],
              "uv": [
                90,
                16
              ]
            }
          ]
        },
        {
          "name": "scarf3",
          "parent": "scarf2",
          "pivot": [
            1.7,
            37.3,
            29.45
          ],
          "cubes": [
            {
              "origin": [
                -1.94692,
                36.298,
                34.74975
              ],
              "size": [
                2,
                2,
                8
              ],
              "inflate": 0.004,
              "pivot": [
                -0.94692,
                36.298,
                35.74975
              ],
              "rotation": [
                0,
                45,
                0
              ],
              "uv": [
                88,
                43
              ]
            },
            {
              "origin": [
                3,
                36.3,
                29.8
              ],
              "size": [
                2,
                2,
                9
              ],
              "pivot": [
                4,
                36.3,
                30.8
              ],
              "rotation": [
                0,
                -45,
                0
              ],
              "uv": [
                60,
                85
              ]
            },
            {
              "origin": [
                3,
                36.3,
                29.8
              ],
              "size": [
                2,
                2,
                8
              ],
              "inflate": 0.002,
              "pivot": [
                4,
                36.3,
                30.8
              ],
              "rotation": [
                0,
                45,
                0
              ],
              "uv": [
                88,
                53
              ]
            },
            {
              "origin": [
                8,
                36.3,
                34.8
              ],
              "size": [
                2,
                2,
                9
              ],
              "inflate": 0.003,
              "pivot": [
                9,
                36.3,
                35.8
              ],
              "rotation": [
                0,
                -45,
                0
              ],
              "uv": [
                0,
                80
              ]
            },
            {
              "origin": [
                5.4,
                36.3,
                40.2
              ],
              "size": [
                2,
                2,
                3
              ],
              "pivot": [
                6.4,
                36.3,
                41.2
              ],
              "rotation": [
                0,
                45,
                0
              ],
              "uv": [
                16,
                100
              ]
            },
            {
              "origin": [
                0.7,
                36.3,
                40.2
              ],
              "size": [
                2,
                2,
                3
              ],
              "pivot": [
                1.7,
                36.3,
                41.2
              ],
              "rotation": [
                0,
                -45,
                0
              ],
              "uv": [
                100,
                4
              ]
            }
          ]
        },
        {
          "name": "tail",
          "parent": "torso",
          "pivot": [
            0,
            18.9,
            8
          ],
          "cubes": [
            {
              "origin": [
                -2,
                17.4,
                8
              ],
              "size": [
                4,
                3,
                3
              ],
              "uv": [
                74,
                43
              ]
            }
          ]
        },
        {
          "name": "tail2",
          "parent": "tail",
          "pivot": [
            -1,
            18.9,
            11
          ],
          "cubes": [
            {
              "origin": [
                -4,
                15.4,
                11
              ],
              "size": [
                8,
                7,
                9
              ],
              "uv": [
                0,
                64
              ]
            }
          ]
        },
        {
          "name": "tail3",
          "parent": "tail2",
          "pivot": [
            -1,
            18.9,
            20.25
          ],
          "cubes": [
            {
              "origin": [
                -6,
                13.9,
                20
              ],
              "size": [
                12,
                10,
                14
              ],
              "uv": [
                0,
                25
              ]
            }
          ]
        },
        {
          "name": "left_flaps",
          "parent": "torso",
          "pivot": [
            6.58545,
            18.28389,
            4.10325
          ],
          "cubes": [
            {
              "origin": [
                5.93674,
                17.25,
                -0.5944
              ],
              "size": [
                4,
                3,
                3
              ],
              "pivot": [
                6.1,
                17.25,
                4.2
              ],
              "rotation": [
                -180,
                -39,
                180
              ],
              "uv": [
                32,
                111
              ]
            },
            {
              "origin": [
                5.98822,
                18.95019,
                -2.52957
              ],
              "size": [
                4,
                2,
                3
              ],
              "pivot": [
                6.1,
                17.25,
                4.2
              ],
              "rotation": [
                -162.5,
                -39,
                180
              ],
              "uv": [
                32,
                111
              ]
            },
            {
              "origin": [
                5.99582,
                17.849,
                -8.06351
              ],
              "size": [
                4,
                0,
                5
              ],
              "pivot": [
                6.1,
                17.25,
                4.2
              ],
              "rotation": [
                -180,
                -39,
                180
              ],
              "uv": [
                98,
                99
              ]
            },
            {
              "origin": [
                5.43674,
                17.25,
                -1.2944
              ],
              "size": [
                4,
                3,
                3
              ],
              "pivot": [
                5.6,
                17.25,
                3.5
              ],
              "rotation": [
                0,
                -77,
                0
              ],
              "uv": [
                32,
                111
              ]
            },
            {
              "origin": [
                5.48822,
                18.95019,
                -3.22957
              ],
              "size": [
                4,
                2,
                3
              ],
              "pivot": [
                5.6,
                17.25,
                3.5
              ],
              "rotation": [
                17.5,
                -77,
                0
              ],
              "uv": [
                32,
                111
              ]
            },
            {
              "origin": [
                5.49582,
                17.849,
                -8.76351
              ],
              "size": [
                4,
                0,
                5
              ],
              "pivot": [
                5.6,
                17.25,
                3.5
              ],
              "rotation": [
                0,
                -77,
                0
              ],
              "uv": [
                98,
                99
              ]
            },
            {
              "origin": [
                4.5,
                17.25,
                -1
              ],
              "size": [
                4,
                3,
                3
              ],
              "pivot": [
                5.5,
                17.25,
                2
              ],
              "rotation": [
                0,
                -20,
                0
              ],
              "uv": [
                32,
                111
              ]
            },
            {
              "origin": [
                5.32606,
                17.75,
                -3.11908
              ],
              "size": [
                4,
                2,
                3
              ],
              "pivot": [
                6.32606,
                17.75,
                -0.11908
              ],
              "rotation": [
                17.5,
                -20,
                0
              ],
              "uv": [
                32,
                111
              ]
            },
            {
              "origin": [
                7.1101,
                17.849,
                -7.99846
              ],
              "size": [
                4,
                0,
                5
              ],
              "pivot": [
                8.1101,
                16.849,
                -4.99846
              ],
              "rotation": [
                0,
                -20,
                0
              ],
              "uv": [
                98,
                99
              ]
            }
          ]
        },
        {
          "name": "right_flaps",
          "parent": "torso",
          "pivot": [
            -6.58545,
            18.28389,
            4.10325
          ],
          "cubes": [
            {
              "origin": [
                -9.93674,
                17.25,
                -0.5944
              ],
              "size": [
                4,
                3,
                3
              ],
              "pivot": [
                -6.1,
                17.25,
                4.2
              ],
              "rotation": [
                -180,
                39,
                -180
              ],
              "uv": [
                32,
                111
              ],
              "mirror": true
            },
            {
              "origin": [
                -9.98822,
                18.95019,
                -2.52957
              ],
              "size": [
                4,
                2,
                3
              ],
              "pivot": [
                -6.1,
                17.25,
                4.2
              ],
              "rotation": [
                -162.5,
                39,
                -180
              ],
              "uv": [
                32,
                111
              ],
              "mirror": true
            },
            {
              "origin": [
                -9.99582,
                17.849,
                -8.06351
              ],
              "size": [
                4,
                0,
                5
              ],
              "pivot": [
                -6.1,
                17.25,
                4.2
              ],
              "rotation": [
                -180,
                39,
                -180
              ],
              "uv": [
                98,
                99
              ],
              "mirror": true
            },
            {
              "origin": [
                -9.43674,
                17.25,
                -1.2944
              ],
              "size": [
                4,
                3,
                3
              ],
              "pivot": [
                -5.6,
                17.25,
                3.5
              ],
              "rotation": [
                0,
                77,
                0
              ],
              "uv": [
                32,
                111
              ],
              "mirror": true
            },
            {
              "origin": [
                -9.48822,
                18.95019,
                -3.22957
              ],
              "size": [
                4,
                2,
                3
              ],
              "pivot": [
                -5.6,
                17.25,
                3.5
              ],
              "rotation": [
                17.5,
                77,
                0
              ],
              "uv": [
                32,
                111
              ],
              "mirror": true
            },
            {
              "origin": [
                -9.49582,
                17.849,
                -8.76351
              ],
              "size": [
                4,
                0,
                5
              ],
              "pivot": [
                -5.6,
                17.25,
                3.5
              ],
              "rotation": [
                0,
                77,
                0
              ],
              "uv": [
                98,
                99
              ],
              "mirror": true
            },
            {
              "origin": [
                -8.5,
                17.25,
                -1
              ],
              "size": [
                4,
                3,
                3
              ],
              "pivot": [
                -5.5,
                17.25,
                2
              ],
              "rotation": [
                0,
                20,
                0
              ],
              "uv": [
                32,
                111
              ],
              "mirror": true
            },
            {
              "origin": [
                -9.32606,
                17.75,
                -3.11908
              ],
              "size": [
                4,
                2,
                3
              ],
              "pivot": [
                -6.32606,
                17.75,
                -0.11908
              ],
              "rotation": [
                17.5,
                20,
                0
              ],
              "uv": [
                32,
                111
              ],
              "mirror": true
            },
            {
              "origin": [
                -11.1101,
                17.849,
                -7.99846
              ],
              "size": [
                4,
                0,
                5
              ],
              "pivot": [
                -8.1101,
                16.849,
                -4.99846
              ],
              "rotation": [
                0,
                20,
                0
              ],
              "uv": [
                98,
                99
              ],
              "mirror": true
            }
          ]
        },
        {
          "name": "left_arm",
          "parent": "torso",
          "pivot": [
            9,
            31.9,
            4.5
          ],
          "cubes": [
            {
              "origin": [
                9,
                28.9,
                1.5
              ],
              "size": [
                9,
                6,
                6
              ],
              "uv": [
                113,
                8
              ]
            }
          ]
        },
        {
          "name": "left_arm2",
          "parent": "left_arm",
          "pivot": [
            18,
            31.9,
            4.5
          ],
          "cubes": [
            {
              "origin": [
                18,
                28.4,
                0.5
              ],
              "size": [
                11,
                7,
                8
              ],
              "uv": [
                46,
                49
              ]
            }
          ]
        },
        {
          "name": "left_wrist",
          "parent": "left_arm2",
          "pivot": [
            29,
            33.65,
            4.5
          ],
          "cubes": [
            {
              "origin": [
                29,
                31.9,
                0.5
              ],
              "size": [
                6,
                3,
                8
              ],
              "uv": [
                34,
                64
              ]
            }
          ]
        },
        {
          "name": "left_fingers",
          "parent": "left_wrist",
          "pivot": [
            32,
            33.9,
            4.5
          ]
        },
        {
          "name": "left_thumb",
          "parent": "left_fingers",
          "pivot": [
            32.5,
            33.4,
            0.5
          ],
          "cubes": [
            {
              "origin": [
                32,
                31.9,
                -1.5
              ],
              "size": [
                4,
                3,
                2
              ],
              "uv": [
                46,
                86
              ]
            }
          ]
        },
        {
          "name": "left_index",
          "parent": "left_fingers",
          "pivot": [
            36,
            34.9,
            1.5
          ],
          "cubes": [
            {
              "origin": [
                35,
                32.9,
                0.5
              ],
              "size": [
                2,
                2,
                2
              ],
              "uv": [
                52,
                91
              ]
            }
          ]
        },
        {
          "name": "left_index2",
          "parent": "left_index",
          "pivot": [
            37.5,
            33.9,
            1.5
          ],
          "cubes": [
            {
              "origin": [
                37,
                32.9,
                0.5
              ],
              "size": [
                3,
                2,
                2
              ],
              "uv": [
                76,
                21
              ]
            }
          ]
        },
        {
          "name": "left_middle",
          "parent": "left_fingers",
          "pivot": [
            36,
            33.9,
            3.5
          ],
          "cubes": [
            {
              "origin": [
                35,
                32.9,
                2.5
              ],
              "size": [
                2,
                2,
                2
              ],
              "uv": [
                52,
                91
              ]
            }
          ]
        },
        {
          "name": "left_middle2",
          "parent": "left_middle",
          "pivot": [
            37.5,
            33.9,
            3.5
          ],
          "cubes": [
            {
              "origin": [
                37,
                32.9,
                2.5
              ],
              "size": [
                3,
                2,
                2
              ],
              "uv": [
                76,
                21
              ]
            }
          ]
        },
        {
          "name": "left_ring",
          "parent": "left_fingers",
          "pivot": [
            36,
            33.9,
            5.5
          ],
          "cubes": [
            {
              "origin": [
                35,
                32.9,
                4.5
              ],
              "size": [
                2,
                2,
                2
              ],
              "uv": [
                52,
                91
              ]
            }
          ]
        },
        {
          "name": "left_ring2",
          "parent": "left_ring",
          "pivot": [
            37.5,
            33.9,
            5.5
          ],
          "cubes": [
            {
              "origin": [
                37,
                32.9,
                4.5
              ],
              "size": [
                3,
                2,
                2
              ],
              "uv": [
                76,
                21
              ]
            }
          ]
        },
        {
          "name": "left_pinky",
          "parent": "left_fingers",
          "pivot": [
            36,
            33.9,
            7.5
          ],
          "cubes": [
            {
              "origin": [
                35,
                32.9,
                6.5
              ],
              "size": [
                2,
                2,
                2
              ],
              "uv": [
                52,
                91
              ]
            }
          ]
        },
        {
          "name": "left_pinky2",
          "parent": "left_pinky",
          "pivot": [
            37.5,
            33.9,
            7.5
          ],
          "cubes": [
            {
              "origin": [
                37,
                32.9,
                6.5
              ],
              "size": [
                3,
                2,
                2
              ],
              "uv": [
                76,
                21
              ]
            }
          ]
        },
        {
          "name": "right_arm",
          "parent": "torso",
          "pivot": [
            -9,
            31.9,
            4.5
          ],
          "cubes": [
            {
              "origin": [
                -18,
                28.9,
                1.5
              ],
              "size": [
                9,
                6,
                6
              ],
              "uv": [
                113,
                8
              ],
              "mirror": true
            }
          ]
        },
        {
          "name": "right_arm2",
          "parent": "right_arm",
          "pivot": [
            -18,
            31.9,
            4.5
          ],
          "cubes": [
            {
              "origin": [
                -29,
                28.4,
                0.5
              ],
              "size": [
                11,
                7,
                8
              ],
              "uv": [
                46,
                49
              ],
              "mirror": true
            }
          ]
        },
        {
          "name": "right_wrist",
          "parent": "right_arm2",
          "pivot": [
            -29,
            33.65,
            4.5
          ],
          "cubes": [
            {
              "origin": [
                -35,
                31.9,
                0.5
              ],
              "size": [
                6,
                3,
                8
              ],
              "uv": [
                34,
                64
              ],
              "mirror": true
            }
          ]
        },
        {
          "name": "right_fingers",
          "parent": "right_wrist",
          "pivot": [
            -32,
            33.9,
            4.5
          ]
        },
        {
          "name": "right_thumb",
          "parent": "right_fingers",
          "pivot": [
            -32.5,
            33.4,
            -0.5
          ],
          "cubes": [
            {
              "origin": [
                -36,
                31.9,
                -1.5
              ],
              "size": [
                4,
                3,
                2
              ],
              "uv": [
                46,
                86
              ],
              "mirror": true
            }
          ]
        },
        {
          "name": "right_index",
          "parent": "right_fingers",
          "pivot": [
            -37.5,
            33.9,
            1.5
          ],
          "cubes": [
            {
              "origin": [
                -37,
                32.9,
                0.5
              ],
              "size": [
                2,
                2,
                2
              ],
              "uv": [
                52,
                91
              ],
              "mirror": true
            }
          ]
        },
        {
          "name": "right_index2",
          "parent": "right_index",
          "pivot": [
            -38.5,
            33.9,
            1.5
          ],
          "cubes": [
            {
              "origin": [
                -40,
                32.9,
                0.5
              ],
              "size": [
                3,
                2,
                2
              ],
              "uv": [
                76,
                21
              ],
              "mirror": true
            }
          ]
        },
        {
          "name": "right_middle",
          "parent": "right_fingers",
          "pivot": [
            -36,
            33.9,
            3.5
          ],
          "cubes": [
            {
              "origin": [
                -37,
                32.9,
                2.5
              ],
              "size": [
                2,
                2,
                2
              ],
              "uv": [
                52,
                91
              ],
              "mirror": true
            }
          ]
        },
        {
          "name": "right_middle2",
          "parent": "right_middle",
          "pivot": [
            -37.5,
            33.9,
            3.5
          ],
          "cubes": [
            {
              "origin": [
                -40,
                32.9,
                2.5
              ],
              "size": [
                3,
                2,
                2
              ],
              "uv": [
                76,
                21
              ],
              "mirror": true
            }
          ]
        },
        {
          "name": "right_ring",
          "parent": "right_fingers",
          "pivot": [
            -36,
            33.9,
            5.5
          ],
          "cubes": [
            {
              "origin": [
                -37,
                32.9,
                4.5
              ],
              "size": [
                2,
                2,
                2
              ],
              "uv": [
                52,
                91
              ],
              "mirror": true
            }
          ]
        },
        {
          "name": "right_ring2",
          "parent": "right_ring",
          "pivot": [
            -37.5,
            33.9,
            5.5
          ],
          "cubes": [
            {
              "origin": [
                -40,
                32.9,
                4.5
              ],
              "size": [
                3,
                2,
                2
              ],
              "uv": [
                76,
                21
              ],
              "mirror": true
            }
          ]
        },
        {
          "name": "right_pinky",
          "parent": "right_fingers",
          "pivot": [
            -36,
            33.9,
            7.5
          ],
          "cubes": [
            {
              "origin": [
                -37,
                32.9,
                6.5
              ],
              "size": [
                2,
                2,
                2
              ],
              "uv": [
                52,
                91
              ],
              "mirror": true
            }
          ]
        },
        {
          "name": "right_pinky2",
          "parent": "right_pinky",
          "pivot": [
            -37.5,
            33.9,
            7.5
          ],
          "cubes": [
            {
              "origin": [
                -40,
                32.9,
                6.5
              ],
              "size": [
                3,
                2,
                2
              ],
              "uv": [
                76,
                21
              ],
              "mirror": true
            }
          ]
        },
        {
          "name": "legs",
          "parent": "body",
          "pivot": [
            0,
            0,
            0
          ]
        },
        {
          "name": "left_leg",
          "parent": "legs",
          "pivot": [
            3.75,
            16.5,
            5.1
          ],
          "cubes": [
            {
              "origin": [
                0.5,
                7.4,
                2
              ],
              "size": [
                7,
                9,
                5
              ],
              "pivot": [
                6.5,
                15.4,
                5
              ],
              "rotation": [
                -30,
                0,
                0
              ],
              "uv": [
                62,
                64
              ]
            }
          ]
        },
        {
          "name": "left_leg2",
          "parent": "left_leg",
          "pivot": [
            4,
            10.35,
            1
          ],
          "cubes": [
            {
              "origin": [
                1.5,
                1.6,
                1.5
              ],
              "size": [
                5,
                10,
                4
              ],
              "pivot": [
                5.5,
                1.6,
                5.5
              ],
              "rotation": [
                17.5,
                0,
                0
              ],
              "uv": [
                82,
                85
              ]
            }
          ]
        },
        {
          "name": "left_leg3",
          "parent": "left_leg2",
          "pivot": [
            4,
            4,
            2.7
          ],
          "cubes": [
            {
              "origin": [
                1,
                0,
                -3.3
              ],
              "size": [
                6,
                4,
                9
              ],
              "uv": [
                -2,
                107
              ]
            }
          ]
        },
        {
          "name": "right_leg",
          "parent": "legs",
          "pivot": [
            -3.75,
            16.5,
            5.1
          ],
          "cubes": [
            {
              "origin": [
                -7.5,
                7.4,
                2
              ],
              "size": [
                7,
                9,
                5
              ],
              "pivot": [
                -6.5,
                15.4,
                5
              ],
              "rotation": [
                -30,
                0,
                0
              ],
              "uv": [
                62,
                64
              ],
              "mirror": true
            }
          ]
        },
        {
          "name": "right_leg2",
          "parent": "right_leg",
          "pivot": [
            -4,
            10.35,
            1
          ],
          "cubes": [
            {
              "origin": [
                -6.5,
                1.6,
                1.5
              ],
              "size": [
                5,
                10,
                4
              ],
              "pivot": [
                -5.5,
                1.6,
                5.5
              ],
              "rotation": [
                17.5,
                0,
                0
              ],
              "uv": [
                82,
                85
              ],
              "mirror": true
            }
          ]
        },
        {
          "name": "right_leg3",
          "parent": "right_leg2",
          "pivot": [
            -4,
            4,
            2.7
          ],
          "cubes": [
            {
              "origin": [
                -7,
                0,
                -3.3
              ],
              "size": [
                6,
                4,
                9
              ],
              "uv": [
                -2,
                107
              ],
              "mirror": true
            }
          ]
        }
      ]
    }
  ]
}