{
  "portraitScale": 1.7,
  "portraitTranslation": [ 0.2, -0.7, 0 ],
  "profileScale": 0.8,
  "profileTranslation": [ 0, 0.5, 0 ],
  "animations": {
    "faint": "q.bedrock_primary('frigibax', 'faint', q.curve('one'))",
    "cry": "q.bedrock_stateful('frigibax', 'cry', q.curve('symmetrical_wide'))",
    "recoil": "q.bedrock_stateful('frigibax', 'recoil')",
    "physical": "q.bedrock_primary('frigibax', 'physical', q.curve('symmetrical_wide'))",
    "special": "q.bedrock_primary('frigibax', 'special', q.curve('symmetrical_wide'))",
    "status": "q.bedrock_primary('frigibax', 'status', q.curve('symmetrical_wide'))"
  },
  "poses": {
    "battle-standing": {
      "poseTypes": [
        "STAND"
      ],
      "isBattle": true,
      "animations": [
        "q.look('head')",
        "q.bedrock('frigibax', 'ground_idle')"
      ]
    },
    "standing": {
      "poseTypes": [
        "STAND",
        "NONE",
        "PORTRAIT",
        "PROFILE"
      ],
      "isBattle": false,
      "animations": [
        "q.look('head')",
        "q.bedrock('frigibax', 'ground_idle')"
      ]
    },
    "walking": {
      "poseTypes": [
        "WALK"
      ],
      "animations": [
        "q.look('head')",
        "q.bedrock('frigibax', 'ground_walk')"
      ]
    }
  }
}