{
  "format_version": "1.12.0",
  "minecraft:geometry": [
    {
      "description": {
        "identifier": "geometry.kartana",
        "texture_width": 85,
        "texture_height": 85,
        "visible_bounds_width": 4,
        "visible_bounds_height": 3.5,
        "visible_bounds_offset": [
          0,
          1.25,
          0
        ]
      },
      "bones": [
        {
          "name": "kartana",
          "pivot": [
            0,
            0,
            0
          ]
        },
        {
          "name": "body",
          "parent": "kartana",
          "pivot": [
            0,
            20,
            0
          ]
        },
        {
          "name": "hip",
          "parent": "body",
          "pivot": [
            0,
            11,
            1
          ],
          "cubes": [
            {
              "origin": [
                0.5,
                12,
                -3
              ],
              "size": [
                0,
                4,
                3
              ],
              "inflate": 0.02,
              "pivot": [
                -0.5,
                11,
                -1
              ],
              "rotation": [
                0,
                -90,
                0
              ],
              "uv": [
                10,
                27
              ]
            }
          ]
        },
        {
          "name": "torso",
          "parent": "hip",
          "pivot": [
            0,
            16.03488,
            0.02656
          ],
          "cubes": [
            {
              "origin": [
                -0.5,
                16,
                -3
              ],
              "size": [
                1,
                3,
                3
              ],
              "pivot": [
                -0.5,
                15,
                -1
              ],
              "rotation": [
                0,
                -90,
                0
              ],
              "uv": [
                24,
                21
              ]
            },
            {
              "origin": [
                0,
                17.8,
                -3
              ],
              "size": [
                0,
                2,
                2
              ],
              "inflate": 0.005,
              "pivot": [
                -0.5,
                18.3,
                -1.5
              ],
              "rotation": [
                0,
                -90,
                0
              ],
              "uv": [
                20,
                35
              ]
            },
            {
              "origin": [
                0,
                17.3,
                -1.5
              ],
              "size": [
                0,
                1,
                1
              ],
              "pivot": [
                0,
                17.8,
                -1
              ],
              "rotation": [
                0,
                -90,
                45
              ],
              "uv": [
                14,
                38
              ]
            }
          ]
        },
        {
          "name": "armholder",
          "parent": "torso",
          "pivot": [
            0,
            19.2,
            -1
          ]
        },
        {
          "name": "particle_cut",
          "parent": "armholder",
          "pivot": [
            0,
            19,
            0
          ],
          "locators": {
            "locator": [
              0,
              19,
              0
            ]
          }
        },
        {
          "name": "katana",
          "parent": "armholder",
          "pivot": [
            0,
            19.2,
            -1
          ],
          "cubes": [
            {
              "origin": [
                -0.5,
                18.24,
                -1.45
              ],
              "size": [
                1,
                2,
                1
              ],
              "inflate": 0.05,
              "pivot": [
                0,
                19.2,
                -0.95
              ],
              "rotation": [
                -89.99999,
                -81,
                89.99999
              ],
              "uv": [
                36,
                6
              ]
            }
          ]
        },
        {
          "name": "arm_left",
          "parent": "katana",
          "pivot": [
            -0.10834,
            18.2933,
            -1.3
          ],
          "cubes": [
            {
              "origin": [
                -0.3,
                18.3,
                -1.3
              ],
              "size": [
                7,
                2,
                0
              ],
              "inflate": 0.01,
              "uv": [
                14,
                12
              ]
            },
            {
              "origin": [
                -0.41112,
                18.28,
                -1.3
              ],
              "size": [
                7,
                1,
                0
              ],
              "inflate": 0.02,
              "pivot": [
                1.8,
                18.5,
                -0.8
              ],
              "rotation": [
                0,
                0,
                1
              ],
              "uv": [
                24,
                17
              ]
            },
            {
              "origin": [
                -0.41112,
                19.3,
                -1.3
              ],
              "size": [
                7,
                1,
                0
              ],
              "inflate": 0.02,
              "pivot": [
                1.8,
                19.4,
                -0.8
              ],
              "rotation": [
                0,
                0,
                -1
              ],
              "uv": [
                24,
                18
              ]
            },
            {
              "origin": [
                2.58,
                18.85,
                -1.3
              ],
              "size": [
                1,
                1,
                0
              ],
              "inflate": 0.03,
              "pivot": [
                3.48196,
                19.20843,
                -1.3
              ],
              "rotation": [
                0,
                0,
                45
              ],
              "uv": [
                38,
                20
              ]
            },
            {
              "origin": [
                3.02,
                18.85,
                -1.3
              ],
              "size": [
                1,
                1,
                0
              ],
              "inflate": 0.032,
              "pivot": [
                3.48196,
                19.20843,
                -1.3
              ],
              "rotation": [
                0,
                0,
                45
              ],
              "uv": [
                38,
                21
              ]
            },
            {
              "origin": [
                2.58,
                18.45,
                -1.3
              ],
              "size": [
                1,
                1,
                0
              ],
              "inflate": 0.031,
              "pivot": [
                3.48196,
                19.20843,
                -1.3
              ],
              "rotation": [
                0,
                0,
                45
              ],
              "uv": [
                38,
                18
              ]
            },
            {
              "origin": [
                3.02,
                18.45,
                -1.3
              ],
              "size": [
                1,
                1,
                0
              ],
              "inflate": 0.03,
              "pivot": [
                3.48196,
                19.20843,
                -1.3
              ],
              "rotation": [
                0,
                0,
                45
              ],
              "uv": [
                38,
                19
              ]
            },
            {
              "origin": [
                4.62,
                18.35,
                -1.3
              ],
              "size": [
                1,
                1,
                0
              ],
              "inflate": 0.031,
              "pivot": [
                5.58196,
                19.20843,
                -1.3
              ],
              "rotation": [
                0,
                0,
                45
              ],
              "uv": [
                38,
                17
              ]
            },
            {
              "origin": [
                5.12,
                18.35,
                -1.3
              ],
              "size": [
                1,
                1,
                0
              ],
              "inflate": 0.03,
              "pivot": [
                5.58196,
                19.20843,
                -1.3
              ],
              "rotation": [
                0,
                0,
                45
              ],
              "uv": [
                18,
                38
              ]
            },
            {
              "origin": [
                5.12,
                18.85,
                -1.3
              ],
              "size": [
                1,
                1,
                0
              ],
              "inflate": 0.032,
              "pivot": [
                5.58196,
                19.20843,
                -1.3
              ],
              "rotation": [
                0,
                0,
                45
              ],
              "uv": [
                16,
                38
              ]
            },
            {
              "origin": [
                4.62,
                18.85,
                -1.3
              ],
              "size": [
                1,
                1,
                0
              ],
              "inflate": 0.03,
              "pivot": [
                5.58196,
                19.20843,
                -1.3
              ],
              "rotation": [
                0,
                0,
                45
              ],
              "uv": [
                38,
                10
              ]
            }
          ]
        },
        {
          "name": "arm_elbow_left",
          "parent": "arm_left",
          "pivot": [
            6.6,
            18.6,
            -1.3
          ],
          "cubes": [
            {
              "origin": [
                6.5,
                18.3,
                -1.3
              ],
              "size": [
                4,
                2,
                0
              ],
              "inflate": 0.01,
              "uv": [
                2,
                25
              ]
            },
            {
              "origin": [
                6.58888,
                19.3,
                -1.3
              ],
              "size": [
                2,
                1,
                0
              ],
              "inflate": 0.02,
              "pivot": [
                1.8,
                19.4,
                -0.8
              ],
              "rotation": [
                0,
                0,
                -1
              ],
              "uv": [
                38,
                1
              ]
            },
            {
              "origin": [
                6.78196,
                18.3,
                -1.3
              ],
              "size": [
                1,
                1,
                0
              ],
              "inflate": 0.031,
              "pivot": [
                7.78196,
                19.20843,
                -1.3
              ],
              "rotation": [
                0,
                0,
                45
              ],
              "uv": [
                22,
                34
              ]
            },
            {
              "origin": [
                7.28196,
                18.3,
                -1.3
              ],
              "size": [
                1,
                1,
                0
              ],
              "inflate": 0.03,
              "pivot": [
                7.78196,
                19.20843,
                -1.3
              ],
              "rotation": [
                0,
                0,
                45
              ],
              "uv": [
                14,
                34
              ]
            },
            {
              "origin": [
                6.78196,
                18.88,
                -1.3
              ],
              "size": [
                1,
                1,
                0
              ],
              "inflate": 0.03,
              "pivot": [
                7.78196,
                19.20843,
                -1.3
              ],
              "rotation": [
                0,
                0,
                45
              ],
              "uv": [
                26,
                14
              ]
            },
            {
              "origin": [
                7.28196,
                18.88,
                -1.3
              ],
              "size": [
                1,
                1,
                0
              ],
              "inflate": 0.032,
              "pivot": [
                7.78196,
                19.20843,
                -1.3
              ],
              "rotation": [
                0,
                0,
                45
              ],
              "uv": [
                26,
                11
              ]
            },
            {
              "origin": [
                6.58888,
                18.28,
                -1.3
              ],
              "size": [
                2,
                1,
                0
              ],
              "inflate": 0.02,
              "pivot": [
                1.8,
                18.5,
                -0.8
              ],
              "rotation": [
                0,
                0,
                1
              ],
              "uv": [
                36,
                14
              ]
            }
          ]
        },
        {
          "name": "arm_elbow_left2",
          "parent": "arm_elbow_left",
          "pivot": [
            10.5,
            18.4,
            -1.3
          ],
          "cubes": [
            {
              "origin": [
                10.5,
                17.7,
                -1.3
              ],
              "size": [
                3,
                3,
                0
              ],
              "inflate": 0.01,
              "uv": [
                32,
                25
              ]
            }
          ]
        },
        {
          "name": "arm_hand_left",
          "parent": "arm_elbow_left2",
          "pivot": [
            13.5,
            17.7,
            -1.3
          ],
          "cubes": [
            {
              "origin": [
                13.5,
                17.2,
                -1.3
              ],
              "size": [
                3,
                4,
                0
              ],
              "inflate": 0.01,
              "uv": [
                16,
                31
              ]
            }
          ]
        },
        {
          "name": "arm_blade_left",
          "parent": "arm_hand_left",
          "pivot": [
            16.5,
            17.3,
            -1.3
          ],
          "cubes": [
            {
              "origin": [
                16.5,
                17.2,
                -1.3
              ],
              "size": [
                5,
                4,
                0
              ],
              "inflate": 0.01,
              "uv": [
                26,
                5
              ]
            }
          ]
        },
        {
          "name": "arm_right",
          "parent": "katana",
          "pivot": [
            0.10834,
            18.2933,
            -1.3
          ],
          "cubes": [
            {
              "origin": [
                -6.58888,
                18.28,
                -1.3
              ],
              "size": [
                7,
                1,
                0
              ],
              "inflate": 0.02,
              "pivot": [
                -1.8,
                18.5,
                -0.8
              ],
              "rotation": [
                0,
                0,
                -1
              ],
              "uv": [
                24,
                19
              ]
            },
            {
              "origin": [
                -6.7,
                18.3,
                -1.3
              ],
              "size": [
                7,
                2,
                0
              ],
              "inflate": 0.01,
              "uv": [
                24,
                15
              ]
            },
            {
              "origin": [
                -6.58888,
                19.3,
                -1.3
              ],
              "size": [
                7,
                1,
                0
              ],
              "inflate": 0.02,
              "pivot": [
                -1.8,
                19.4,
                -0.8
              ],
              "rotation": [
                0,
                0,
                1
              ],
              "uv": [
                24,
                20
              ]
            },
            {
              "origin": [
                -3.58,
                18.85,
                -1.3
              ],
              "size": [
                1,
                1,
                0
              ],
              "inflate": 0.03,
              "pivot": [
                -3.48196,
                19.20843,
                -1.3
              ],
              "rotation": [
                0,
                0,
                -45
              ],
              "uv": [
                38,
                22
              ]
            },
            {
              "origin": [
                -4.02,
                18.85,
                -1.3
              ],
              "size": [
                1,
                1,
                0
              ],
              "inflate": 0.032,
              "pivot": [
                -3.48196,
                19.20843,
                -1.3
              ],
              "rotation": [
                0,
                0,
                -45
              ],
              "uv": [
                38,
                23
              ]
            },
            {
              "origin": [
                -3.58,
                18.45,
                -1.3
              ],
              "size": [
                1,
                1,
                0
              ],
              "inflate": 0.031,
              "pivot": [
                -3.48196,
                19.20843,
                -1.3
              ],
              "rotation": [
                0,
                0,
                -45
              ],
              "uv": [
                38,
                24
              ]
            },
            {
              "origin": [
                -4.02,
                18.45,
                -1.3
              ],
              "size": [
                1,
                1,
                0
              ],
              "inflate": 0.03,
              "pivot": [
                -3.48196,
                19.20843,
                -1.3
              ],
              "rotation": [
                0,
                0,
                -45
              ],
              "uv": [
                38,
                25
              ]
            },
            {
              "origin": [
                -5.62,
                18.35,
                -1.3
              ],
              "size": [
                1,
                1,
                0
              ],
              "inflate": 0.031,
              "pivot": [
                -5.58196,
                19.20843,
                -1.3
              ],
              "rotation": [
                0,
                0,
                -45
              ],
              "uv": [
                38,
                26
              ]
            },
            {
              "origin": [
                -6.12,
                18.35,
                -1.3
              ],
              "size": [
                1,
                1,
                0
              ],
              "inflate": 0.03,
              "pivot": [
                -5.58196,
                19.20843,
                -1.3
              ],
              "rotation": [
                0,
                0,
                -45
              ],
              "uv": [
                38,
                27
              ]
            },
            {
              "origin": [
                -6.12,
                18.85,
                -1.3
              ],
              "size": [
                1,
                1,
                0
              ],
              "inflate": 0.032,
              "pivot": [
                -5.58196,
                19.20843,
                -1.3
              ],
              "rotation": [
                0,
                0,
                -45
              ],
              "uv": [
                38,
                28
              ]
            },
            {
              "origin": [
                -5.62,
                18.85,
                -1.3
              ],
              "size": [
                1,
                1,
                0
              ],
              "inflate": 0.03,
              "pivot": [
                -5.58196,
                19.20843,
                -1.3
              ],
              "rotation": [
                0,
                0,
                -45
              ],
              "uv": [
                38,
                29
              ]
            }
          ]
        },
        {
          "name": "arm_elbow_right",
          "parent": "arm_right",
          "pivot": [
            -6.6,
            18.5,
            -1.3
          ],
          "cubes": [
            {
              "origin": [
                -10.5,
                18.3,
                -1.3
              ],
              "size": [
                4,
                2,
                0
              ],
              "inflate": 0.01,
              "uv": [
                26,
                9
              ]
            },
            {
              "origin": [
                -8.58888,
                18.28,
                -1.3
              ],
              "size": [
                2,
                1,
                0
              ],
              "inflate": 0.02,
              "pivot": [
                -1.8,
                18.5,
                -0.8
              ],
              "rotation": [
                0,
                0,
                -1
              ],
              "uv": [
                38,
                2
              ]
            },
            {
              "origin": [
                -7.78196,
                18.3,
                -1.3
              ],
              "size": [
                1,
                1,
                0
              ],
              "inflate": 0.031,
              "pivot": [
                -7.78196,
                19.20843,
                -1.3
              ],
              "rotation": [
                0,
                0,
                -45
              ],
              "uv": [
                38,
                30
              ]
            },
            {
              "origin": [
                -8.28196,
                18.3,
                -1.3
              ],
              "size": [
                1,
                1,
                0
              ],
              "inflate": 0.03,
              "pivot": [
                -7.78196,
                19.20843,
                -1.3
              ],
              "rotation": [
                0,
                0,
                -45
              ],
              "uv": [
                38,
                31
              ]
            },
            {
              "origin": [
                -8.28196,
                18.88,
                -1.3
              ],
              "size": [
                1,
                1,
                0
              ],
              "inflate": 0.032,
              "pivot": [
                -7.78196,
                19.20843,
                -1.3
              ],
              "rotation": [
                0,
                0,
                -45
              ],
              "uv": [
                38,
                32
              ]
            },
            {
              "origin": [
                -7.78196,
                18.88,
                -1.3
              ],
              "size": [
                1,
                1,
                0
              ],
              "inflate": 0.03,
              "pivot": [
                -7.78196,
                19.20843,
                -1.3
              ],
              "rotation": [
                0,
                0,
                -45
              ],
              "uv": [
                38,
                33
              ]
            },
            {
              "origin": [
                -8.58888,
                19.3,
                -1.3
              ],
              "size": [
                2,
                1,
                0
              ],
              "inflate": 0.02,
              "pivot": [
                -1.8,
                19.4,
                -0.8
              ],
              "rotation": [
                0,
                0,
                1
              ],
              "uv": [
                38,
                9
              ]
            }
          ]
        },
        {
          "name": "arm_elbow_right2",
          "parent": "arm_elbow_right",
          "pivot": [
            -10.5,
            18.4,
            -1.3
          ],
          "cubes": [
            {
              "origin": [
                -13.5,
                17.7,
                -1.3
              ],
              "size": [
                3,
                3,
                0
              ],
              "inflate": 0.01,
              "uv": [
                14,
                35
              ]
            }
          ]
        },
        {
          "name": "arm_hand_right",
          "parent": "arm_elbow_right2",
          "pivot": [
            -13.5,
            17.8,
            -1.3
          ],
          "cubes": [
            {
              "origin": [
                -16.5,
                17.2,
                -1.3
              ],
              "size": [
                3,
                4,
                0
              ],
              "inflate": 0.01,
              "uv": [
                32,
                21
              ]
            }
          ]
        },
        {
          "name": "arm_blade_right",
          "parent": "arm_hand_right",
          "pivot": [
            -16.5,
            17.3,
            -1.3
          ],
          "cubes": [
            {
              "origin": [
                -21.5,
                17.2,
                -1.3
              ],
              "size": [
                5,
                4,
                0
              ],
              "inflate": 0.01,
              "uv": [
                0,
                27
              ]
            }
          ]
        },
        {
          "name": "pawnholder",
          "parent": "armholder",
          "pivot": [
            0,
            19.2,
            -1
          ]
        },
        {
          "name": "shoulder_right",
          "parent": "pawnholder",
          "pivot": [
            0,
            19.2,
            -1
          ]
        },
        {
          "name": "shoulder_pawn_right",
          "parent": "shoulder_right",
          "pivot": [
            -1.37724,
            20.28138,
            -1.1
          ],
          "cubes": [
            {
              "origin": [
                -11.28888,
                20.28,
                -1.1
              ],
              "size": [
                11,
                1,
                0
              ],
              "inflate": 0.015,
              "pivot": [
                -2.5,
                20.5,
                -0.6
              ],
              "rotation": [
                0,
                0,
                36.5
              ],
              "uv": [
                14,
                4
              ]
            }
          ]
        },
        {
          "name": "shoulder_pawn_right2",
          "parent": "shoulder_right",
          "pivot": [
            -1.37724,
            20.28138,
            -1.1
          ],
          "cubes": [
            {
              "origin": [
                -12.28888,
                20.28,
                -1.1
              ],
              "size": [
                12,
                1,
                0
              ],
              "inflate": 0.02,
              "pivot": [
                -2.5,
                20.5,
                -0.6
              ],
              "rotation": [
                0,
                0,
                36.5
              ],
              "uv": [
                14,
                2
              ]
            }
          ]
        },
        {
          "name": "shoulder_pawn_right3",
          "parent": "shoulder_right",
          "pivot": [
            -1.37724,
            20.28138,
            -1.1
          ],
          "cubes": [
            {
              "origin": [
                -13.28888,
                20.28,
                -1.1
              ],
              "size": [
                13,
                1,
                0
              ],
              "inflate": 0.02,
              "pivot": [
                -2.5,
                20.5,
                -0.6
              ],
              "rotation": [
                0,
                0,
                36.5
              ],
              "uv": [
                14,
                0
              ]
            }
          ]
        },
        {
          "name": "shoulder_left",
          "parent": "pawnholder",
          "pivot": [
            0,
            19.2,
            -1
          ]
        },
        {
          "name": "shoulder_pawn_left",
          "parent": "shoulder_left",
          "pivot": [
            1.37724,
            20.28138,
            -1.1
          ],
          "cubes": [
            {
              "origin": [
                0.28888,
                20.28,
                -1.1
              ],
              "size": [
                11,
                1,
                0
              ],
              "inflate": 0.015,
              "pivot": [
                2.5,
                20.5,
                -0.6
              ],
              "rotation": [
                0,
                0,
                -36.5
              ],
              "uv": [
                14,
                3
              ]
            }
          ]
        },
        {
          "name": "shoulder_pawn_left2",
          "parent": "shoulder_left",
          "pivot": [
            1.37724,
            20.28138,
            -1.1
          ],
          "cubes": [
            {
              "origin": [
                0.28888,
                20.28,
                -1.1
              ],
              "size": [
                12,
                1,
                0
              ],
              "inflate": 0.02,
              "pivot": [
                2.5,
                20.5,
                -0.6
              ],
              "rotation": [
                0,
                0,
                -36.5
              ],
              "uv": [
                14,
                1
              ]
            }
          ]
        },
        {
          "name": "shoulder_pawn_left3",
          "parent": "shoulder_left",
          "pivot": [
            1.37724,
            20.28138,
            -1.1
          ],
          "cubes": [
            {
              "origin": [
                0.28888,
                20.28,
                -1.1
              ],
              "size": [
                13,
                1,
                0
              ],
              "inflate": 0.02,
              "pivot": [
                2.5,
                20.5,
                -0.6
              ],
              "rotation": [
                0,
                0,
                -36.5
              ],
              "uv": [
                0,
                14
              ]
            }
          ]
        },
        {
          "name": "head",
          "parent": "torso",
          "pivot": [
            0.01673,
            18.98296,
            -0.01847
          ],
          "cubes": [
            {
              "origin": [
                -0.88579,
                24.82132,
                -1.6
              ],
              "size": [
                2,
                2,
                1
              ],
              "inflate": 0.01,
              "pivot": [
                0.11421,
                25.82132,
                -0.6
              ],
              "rotation": [
                -17,
                17,
                45
              ],
              "uv": [
                32,
                31
              ]
            },
            {
              "origin": [
                -1.8,
                23.32132,
                -1.1
              ],
              "size": [
                3,
                3,
                1
              ],
              "inflate": 0.01,
              "pivot": [
                -0.38579,
                24.32132,
                -0.1
              ],
              "rotation": [
                -2.00091,
                1.99939,
                44.8
              ],
              "uv": [
                28,
                11
              ]
            },
            {
              "origin": [
                -1.81474,
                24.3865,
                -2.16531
              ],
              "size": [
                2,
                2,
                1
              ],
              "inflate": 0.01,
              "pivot": [
                0.16421,
                24.42132,
                -1.05726
              ],
              "rotation": [
                -17,
                17,
                135
              ],
              "uv": [
                8,
                34
              ]
            },
            {
              "origin": [
                -0.05683,
                22.45614,
                -2.16531
              ],
              "size": [
                2,
                2,
                1
              ],
              "inflate": 0.01,
              "pivot": [
                -0.03579,
                24.42132,
                -1.05726
              ],
              "rotation": [
                17,
                -17,
                135
              ],
              "uv": [
                32,
                34
              ]
            },
            {
              "origin": [
                0,
                21.74264,
                -3.5
              ],
              "size": [
                0,
                7,
                7
              ],
              "inflate": 0.0009,
              "pivot": [
                0,
                25.24264,
                0
              ],
              "rotation": [
                -45,
                -90,
                90
              ],
              "uv": [
                0,
                0
              ]
            },
            {
              "origin": [
                0.5,
                21,
                -4
              ],
              "size": [
                1,
                3,
                1
              ],
              "pivot": [
                0.5,
                20,
                -1
              ],
              "rotation": [
                0,
                -90,
                0
              ],
              "uv": [
                24,
                35
              ]
            },
            {
              "origin": [
                -0.5,
                21,
                -4
              ],
              "size": [
                1,
                2,
                1
              ],
              "pivot": [
                -0.5,
                20,
                -1
              ],
              "rotation": [
                0,
                -90,
                0
              ],
              "uv": [
                36,
                11
              ]
            },
            {
              "origin": [
                -1.5,
                21,
                -4
              ],
              "size": [
                1,
                1,
                1
              ],
              "pivot": [
                -1.5,
                20,
                -1
              ],
              "rotation": [
                0,
                -90,
                0
              ],
              "uv": [
                12,
                25
              ]
            },
            {
              "origin": [
                0,
                20.5,
                -1.5
              ],
              "size": [
                1,
                7,
                1
              ],
              "inflate": 0.0015,
              "pivot": [
                0,
                21,
                -1
              ],
              "rotation": [
                0,
                -90,
                45
              ],
              "uv": [
                0,
                31
              ]
            },
            {
              "origin": [
                0,
                20.2,
                -1.5
              ],
              "size": [
                0,
                1,
                1
              ],
              "inflate": 0.005,
              "pivot": [
                0,
                20.7,
                -1
              ],
              "rotation": [
                0,
                -90,
                45
              ],
              "uv": [
                38,
                15
              ]
            },
            {
              "origin": [
                -1,
                20.5,
                -1.5
              ],
              "size": [
                1,
                7,
                1
              ],
              "inflate": 0.0019,
              "pivot": [
                0,
                21,
                -1
              ],
              "rotation": [
                0,
                90,
                -45
              ],
              "uv": [
                4,
                31
              ]
            },
            {
              "origin": [
                -0.98579,
                22.02132,
                -1.6
              ],
              "size": [
                2,
                2,
                1
              ],
              "inflate": 0.01,
              "pivot": [
                0.01421,
                23.02132,
                -0.6
              ],
              "rotation": [
                17,
                -17,
                45
              ],
              "uv": [
                32,
                28
              ]
            },
            {
              "origin": [
                -4.5,
                21,
                -4
              ],
              "size": [
                1,
                2,
                1
              ],
              "pivot": [
                -4.5,
                20,
                -1
              ],
              "rotation": [
                0,
                -90,
                0
              ],
              "uv": [
                8,
                37
              ]
            },
            {
              "origin": [
                -3.5,
                21,
                -4
              ],
              "size": [
                1,
                1,
                1
              ],
              "pivot": [
                -3.5,
                20,
                -1
              ],
              "rotation": [
                0,
                -90,
                0
              ],
              "uv": [
                32,
                37
              ]
            },
            {
              "origin": [
                -0.5,
                19,
                -4
              ],
              "size": [
                1,
                2,
                5
              ],
              "inflate": 0.001,
              "pivot": [
                -0.5,
                18,
                -1
              ],
              "rotation": [
                0,
                -90,
                0
              ],
              "uv": [
                14,
                5
              ]
            },
            {
              "origin": [
                -5.5,
                21,
                -4
              ],
              "size": [
                1,
                3,
                1
              ],
              "pivot": [
                -5.5,
                20,
                -1
              ],
              "rotation": [
                0,
                -90,
                0
              ],
              "uv": [
                28,
                35
              ]
            },
            {
              "origin": [
                0,
                19.7,
                -3
              ],
              "size": [
                0,
                1,
                2
              ],
              "inflate": 0.008,
              "pivot": [
                -0.5,
                20.2,
                -1.5
              ],
              "rotation": [
                0,
                -90,
                0
              ],
              "uv": [
                36,
                3
              ]
            }
          ]
        },
        {
          "name": "ear_left",
          "parent": "head",
          "pivot": [
            1.20797,
            26.45072,
            -1.14232
          ],
          "cubes": [
            {
              "origin": [
                0.11421,
                26.82132,
                -1.4
              ],
              "size": [
                1,
                3,
                0
              ],
              "inflate": 0.01,
              "pivot": [
                0.11421,
                25.82132,
                -0.4
              ],
              "rotation": [
                -17,
                17,
                45
              ],
              "uv": [
                8,
                31
              ]
            }
          ]
        },
        {
          "name": "ear_left2",
          "parent": "ear_left",
          "pivot": [
            3.31295,
            28.37437,
            -0.32292
          ],
          "cubes": [
            {
              "origin": [
                0.11421,
                29.82132,
                -1.4
              ],
              "size": [
                1,
                3,
                0
              ],
              "inflate": 0.01,
              "pivot": [
                0.11421,
                25.82132,
                -0.4
              ],
              "rotation": [
                -17,
                17,
                45
              ],
              "uv": [
                22,
                31
              ]
            }
          ]
        },
        {
          "name": "ear_right",
          "parent": "head",
          "pivot": [
            -0.80797,
            26.45072,
            -1.14232
          ],
          "cubes": [
            {
              "origin": [
                -0.71421,
                26.82132,
                -1.4
              ],
              "size": [
                1,
                3,
                0
              ],
              "inflate": 0.01,
              "pivot": [
                0.28579,
                25.82132,
                -0.4
              ],
              "rotation": [
                -17,
                -17,
                -45
              ],
              "uv": [
                36,
                37
              ]
            }
          ]
        },
        {
          "name": "ear_right2",
          "parent": "ear_right",
          "pivot": [
            -2.91295,
            28.37437,
            -0.32292
          ],
          "cubes": [
            {
              "origin": [
                -0.71421,
                29.82132,
                -1.4
              ],
              "size": [
                1,
                3,
                0
              ],
              "inflate": 0.01,
              "pivot": [
                0.28579,
                25.82132,
                -0.4
              ],
              "rotation": [
                -17,
                -17,
                -45
              ],
              "uv": [
                12,
                37
              ]
            }
          ]
        },
        {
          "name": "leg_rotation_left",
          "parent": "hip",
          "pivot": [
            2,
            14.3,
            1
          ],
          "rotation": [
            0,
            90,
            0
          ]
        },
        {
          "name": "leg_left",
          "parent": "leg_rotation_left",
          "pivot": [
            3,
            14.86667,
            -0.03333
          ],
          "rotation": [
            54.52772,
            0,
            0
          ],
          "cubes": [
            {
              "origin": [
                3,
                10.95803,
                -2.91856
              ],
              "size": [
                0,
                4,
                4
              ],
              "inflate": 0.01,
              "uv": [
                16,
                15
              ]
            }
          ]
        },
        {
          "name": "leg_knee_left",
          "parent": "leg_left",
          "pivot": [
            3,
            13.55803,
            -2.76856
          ],
          "rotation": [
            -45,
            0,
            0
          ],
          "cubes": [
            {
              "origin": [
                3,
                7.6732,
                -2.92367
              ],
              "size": [
                0,
                6,
                4
              ],
              "uv": [
                0,
                15
              ]
            }
          ]
        },
        {
          "name": "leg_lower_left",
          "parent": "leg_knee_left",
          "pivot": [
            3,
            7.65803,
            0.05839
          ],
          "cubes": [
            {
              "origin": [
                3,
                1.6732,
                -0.92367
              ],
              "size": [
                0,
                6,
                2
              ],
              "inflate": 0.005,
              "uv": [
                24,
                27
              ]
            }
          ]
        },
        {
          "name": "leg_rotation_right",
          "parent": "hip",
          "pivot": [
            -1.1,
            14.4,
            1
          ],
          "rotation": [
            0,
            -90,
            0
          ]
        },
        {
          "name": "leg_right",
          "parent": "leg_rotation_right",
          "pivot": [
            -2.1,
            14.86667,
            0.86667
          ],
          "rotation": [
            54.52772,
            0,
            0
          ],
          "cubes": [
            {
              "origin": [
                -2.1,
                10.95803,
                -2.01856
              ],
              "size": [
                0,
                4,
                4
              ],
              "inflate": 0.01,
              "uv": [
                16,
                23
              ]
            }
          ]
        },
        {
          "name": "leg_knee_right",
          "parent": "leg_right",
          "pivot": [
            -2.1,
            13.45803,
            -2.06856
          ],
          "rotation": [
            -45,
            0,
            0
          ],
          "cubes": [
            {
              "origin": [
                -2.1,
                7.78534,
                -2.15296
              ],
              "size": [
                0,
                6,
                4
              ],
              "uv": [
                8,
                15
              ]
            }
          ]
        },
        {
          "name": "leg_lower_right",
          "parent": "leg_knee_right",
          "pivot": [
            -2.1,
            7.77016,
            0.92911
          ],
          "cubes": [
            {
              "origin": [
                -2.1,
                1.78534,
                -0.15296
              ],
              "size": [
                0,
                6,
                2
              ],
              "inflate": 0.005,
              "uv": [
                28,
                27
              ]
            }
          ]
        }
      ]
    }
  ]
}