{
  "format_version": "1.12.0",
  "minecraft:geometry": [
    {
      "description": {
        "identifier": "geometry.Sandy Shocks",
        "texture_width": 128,
        "texture_height": 128,
        "visible_bounds_width": 6,
        "visible_bounds_height": 4.5,
        "visible_bounds_offset": [
          0,
          1.75,
          0
        ]
      },
      "bones": [
        {
          "name": "sandyshocks",
          "pivot": [
            0,
            0,
            0
          ]
        },
        {
          "name": "allbodies",
          "parent": "sandyshocks",
          "pivot": [
            0,
            0,
            0
          ]
        },
        {
          "name": "mainbody",
          "parent": "allbodies",
          "pivot": [
            0,
            38.76175,
            -1.56253
          ],
          "cubes": [
            {
              "origin": [
                -4,
                34,
                -4
              ],
              "size": [
                8,
                8,
                8
              ],
              "uv": [
                26,
                21
              ]
            },
            {
              "origin": [
                -1,
                41.5,
                1
              ],
              "size": [
                2,
                3,
                2
              ],
              "pivot": [
                0,
                46.75,
                2
              ],
              "rotation": [
                -15,
                0,
                0
              ],
              "uv": [
                54,
                59
              ]
            },
            {
              "origin": [
                -2,
                44.5,
                0
              ],
              "size": [
                4,
                1,
                4
              ],
              "pivot": [
                0,
                46.75,
                2
              ],
              "rotation": [
                -15,
                0,
                0
              ],
              "uv": [
                40,
                55
              ]
            },
            {
              "origin": [
                -2,
                45.5,
                0
              ],
              "size": [
                4,
                1,
                4
              ],
              "pivot": [
                0,
                46.75,
                2
              ],
              "rotation": [
                -15,
                0,
                0
              ],
              "uv": [
                54,
                0
              ]
            },
            {
              "origin": [
                -5,
                44.5,
                2
              ],
              "size": [
                10,
                10,
                0
              ],
              "pivot": [
                0,
                45.75,
                2
              ],
              "rotation": [
                -20.75357,
                43.07952,
                -14.51082
              ],
              "uv": [
                26,
                42
              ]
            },
            {
              "origin": [
                -5,
                44.5,
                2
              ],
              "size": [
                10,
                10,
                0
              ],
              "pivot": [
                0,
                45.75,
                2
              ],
              "rotation": [
                -20.75357,
                -43.07952,
                14.51082
              ],
              "uv": [
                26,
                42
              ]
            },
            {
              "origin": [
                3,
                38,
                -7
              ],
              "size": [
                4,
                1,
                4
              ],
              "pivot": [
                5,
                36.755,
                -3
              ],
              "rotation": [
                108.35708,
                -67.31767,
                -6.65632
              ],
              "uv": [
                40,
                55
              ]
            },
            {
              "origin": [
                4,
                35,
                -6
              ],
              "size": [
                2,
                3,
                2
              ],
              "pivot": [
                5,
                36.755,
                -3
              ],
              "rotation": [
                108.35708,
                -67.31767,
                -6.65632
              ],
              "uv": [
                54,
                59
              ]
            },
            {
              "origin": [
                -6,
                35,
                -6
              ],
              "size": [
                2,
                3,
                2
              ],
              "pivot": [
                -5,
                36.755,
                -3
              ],
              "rotation": [
                108.35708,
                67.31767,
                6.65632
              ],
              "uv": [
                54,
                59
              ],
              "mirror": true
            },
            {
              "origin": [
                -7,
                38,
                -7
              ],
              "size": [
                4,
                1,
                4
              ],
              "pivot": [
                -5,
                36.755,
                -3
              ],
              "rotation": [
                108.35708,
                67.31767,
                6.65632
              ],
              "uv": [
                40,
                55
              ],
              "mirror": true
            },
            {
              "origin": [
                3.5,
                39.01,
                -6.5
              ],
              "size": [
                3,
                0,
                3
              ],
              "pivot": [
                5,
                36.755,
                -3
              ],
              "rotation": [
                108.35708,
                -67.31767,
                -6.65632
              ],
              "uv": [
                6,
                43
              ]
            },
            {
              "origin": [
                -6.5,
                39.01,
                -6.5
              ],
              "size": [
                3,
                0,
                3
              ],
              "pivot": [
                -5,
                36.755,
                -3
              ],
              "rotation": [
                108.35708,
                67.31767,
                6.65632
              ],
              "uv": [
                6,
                43
              ],
              "mirror": true
            },
            {
              "origin": [
                0.5,
                34.5,
                -4.01
              ],
              "size": [
                1,
                1,
                0
              ],
              "uv": [
                0,
                5
              ]
            },
            {
              "origin": [
                2.5,
                35.5,
                -4.01
              ],
              "size": [
                1,
                1,
                0
              ],
              "uv": [
                0,
                5
              ]
            },
            {
              "origin": [
                -1.5,
                34.5,
                -4.01
              ],
              "size": [
                1,
                1,
                0
              ],
              "uv": [
                0,
                5
              ],
              "mirror": true
            },
            {
              "origin": [
                -3.5,
                35.5,
                -4.01
              ],
              "size": [
                1,
                1,
                0
              ],
              "uv": [
                0,
                5
              ],
              "mirror": true
            }
          ]
        },
        {
          "name": "RightSideMagnet",
          "parent": "mainbody",
          "pivot": [
            -7,
            37.5,
            0
          ],
          "cubes": [
            {
              "origin": [
                -14,
                39,
                -1
              ],
              "size": [
                6,
                2,
                2
              ],
              "pivot": [
                -1,
                33.5,
                0.5
              ],
              "rotation": [
                0,
                0,
                5
              ],
              "uv": [
                52,
                48
              ],
              "mirror": true
            },
            {
              "origin": [
                -8.5,
                35,
                -1
              ],
              "size": [
                2,
                6,
                2
              ],
              "inflate": 0.01,
              "pivot": [
                -1,
                33.5,
                0.5
              ],
              "rotation": [
                0,
                0,
                5
              ],
              "uv": [
                30,
                59
              ],
              "mirror": true
            },
            {
              "origin": [
                -20.72123,
                38.88498,
                0
              ],
              "size": [
                6,
                5,
                0
              ],
              "inflate": 0.01,
              "pivot": [
                -16.72123,
                41.38498,
                0
              ],
              "rotation": [
                -45,
                0,
                5
              ],
              "uv": [
                0,
                0
              ],
              "mirror": true
            },
            {
              "origin": [
                -16,
                38.5,
                -1.5
              ],
              "size": [
                2,
                3,
                3
              ],
              "inflate": 0.01,
              "pivot": [
                -1,
                33.5,
                0.5
              ],
              "rotation": [
                0,
                0,
                5
              ],
              "uv": [
                27,
                0
              ],
              "mirror": true
            },
            {
              "origin": [
                -16,
                34.5,
                -1.5
              ],
              "size": [
                2,
                3,
                3
              ],
              "inflate": 0.01,
              "pivot": [
                -1,
                33.5,
                0.5
              ],
              "rotation": [
                0,
                0,
                5
              ],
              "uv": [
                27,
                0
              ],
              "mirror": true
            },
            {
              "origin": [
                -20.72123,
                38.88498,
                0
              ],
              "size": [
                6,
                5,
                0
              ],
              "inflate": 0.01,
              "pivot": [
                -16.72123,
                41.38498,
                0
              ],
              "rotation": [
                45,
                0,
                5
              ],
              "uv": [
                0,
                0
              ],
              "mirror": true
            },
            {
              "origin": [
                -20.72123,
                34.88498,
                0
              ],
              "size": [
                6,
                5,
                0
              ],
              "inflate": 0.01,
              "pivot": [
                -16.72123,
                37.38498,
                0
              ],
              "rotation": [
                45,
                0,
                5
              ],
              "uv": [
                0,
                0
              ],
              "mirror": true
            },
            {
              "origin": [
                -20.72123,
                34.88498,
                0
              ],
              "size": [
                6,
                5,
                0
              ],
              "inflate": 0.01,
              "pivot": [
                -16.72123,
                37.38498,
                0
              ],
              "rotation": [
                -45,
                0,
                5
              ],
              "uv": [
                0,
                0
              ],
              "mirror": true
            },
            {
              "origin": [
                -14,
                35,
                -1
              ],
              "size": [
                6,
                2,
                2
              ],
              "pivot": [
                -1,
                33.5,
                0.5
              ],
              "rotation": [
                0,
                0,
                5
              ],
              "uv": [
                52,
                55
              ],
              "mirror": true
            }
          ]
        },
        {
          "name": "LeftSideMagnet",
          "parent": "mainbody",
          "pivot": [
            7,
            37.5,
            0
          ],
          "cubes": [
            {
              "origin": [
                8,
                35,
                -1
              ],
              "size": [
                6,
                2,
                2
              ],
              "pivot": [
                1,
                33.5,
                0.5
              ],
              "rotation": [
                0,
                0,
                -5
              ],
              "uv": [
                52,
                55
              ]
            },
            {
              "origin": [
                8,
                39,
                -1
              ],
              "size": [
                6,
                2,
                2
              ],
              "pivot": [
                1,
                33.5,
                0.5
              ],
              "rotation": [
                0,
                0,
                -5
              ],
              "uv": [
                52,
                48
              ]
            },
            {
              "origin": [
                6.5,
                35,
                -1
              ],
              "size": [
                2,
                6,
                2
              ],
              "inflate": 0.01,
              "pivot": [
                1,
                33.5,
                0.5
              ],
              "rotation": [
                0,
                0,
                -5
              ],
              "uv": [
                30,
                59
              ]
            },
            {
              "origin": [
                14,
                38.5,
                -1.5
              ],
              "size": [
                2,
                3,
                3
              ],
              "inflate": 0.01,
              "pivot": [
                1,
                33.5,
                0.5
              ],
              "rotation": [
                0,
                0,
                -5
              ],
              "uv": [
                27,
                0
              ]
            },
            {
              "origin": [
                14,
                34.5,
                -1.5
              ],
              "size": [
                2,
                3,
                3
              ],
              "inflate": 0.01,
              "pivot": [
                1,
                33.5,
                0.5
              ],
              "rotation": [
                0,
                0,
                -5
              ],
              "uv": [
                27,
                0
              ]
            },
            {
              "origin": [
                14.72123,
                34.88498,
                0
              ],
              "size": [
                6,
                5,
                0
              ],
              "inflate": 0.01,
              "pivot": [
                16.72123,
                37.38498,
                0
              ],
              "rotation": [
                45,
                0,
                -5
              ],
              "uv": [
                0,
                0
              ]
            },
            {
              "origin": [
                14.72123,
                34.88498,
                0
              ],
              "size": [
                6,
                5,
                0
              ],
              "inflate": 0.01,
              "pivot": [
                16.72123,
                37.38498,
                0
              ],
              "rotation": [
                -45,
                0,
                -5
              ],
              "uv": [
                0,
                0
              ]
            },
            {
              "origin": [
                14.72123,
                38.88498,
                0
              ],
              "size": [
                6,
                5,
                0
              ],
              "inflate": 0.01,
              "pivot": [
                16.72123,
                41.38498,
                0
              ],
              "rotation": [
                -45,
                0,
                -5
              ],
              "uv": [
                0,
                0
              ]
            },
            {
              "origin": [
                14.72123,
                38.88498,
                0
              ],
              "size": [
                6,
                5,
                0
              ],
              "inflate": 0.01,
              "pivot": [
                16.72123,
                41.38498,
                0
              ],
              "rotation": [
                45,
                0,
                -5
              ],
              "uv": [
                0,
                0
              ]
            }
          ]
        },
        {
          "name": "eye",
          "parent": "mainbody",
          "pivot": [
            0,
            17,
            -4.01
          ],
          "cubes": [
            {
              "origin": [
                -2,
                36,
                -4.01
              ],
              "size": [
                4,
                4,
                0
              ],
              "uv": [
                58,
                26
              ]
            }
          ]
        },
        {
          "name": "pupil",
          "parent": "eye",
          "pivot": [
            0,
            17,
            -4.1
          ],
          "cubes": [
            {
              "origin": [
                -0.5,
                37.5,
                -4.02
              ],
              "size": [
                1,
                1,
                0
              ],
              "uv": [
                2,
                5
              ]
            }
          ]
        },
        {
          "name": "leftbody",
          "parent": "allbodies",
          "pivot": [
            8,
            23,
            3
          ],
          "cubes": [
            {
              "origin": [
                4,
                24,
                0
              ],
              "size": [
                8,
                8,
                8
              ],
              "pivot": [
                8,
                29.91785,
                1.99
              ],
              "rotation": [
                0,
                -47.5,
                -35
              ],
              "uv": [
                30,
                0
              ]
            },
            {
              "origin": [
                6,
                26,
                -0.01
              ],
              "size": [
                4,
                4,
                0
              ],
              "pivot": [
                8,
                29.91785,
                1.99
              ],
              "rotation": [
                0,
                -47.5,
                -35
              ],
              "uv": [
                58,
                26
              ]
            },
            {
              "origin": [
                7.5,
                27.5,
                -0.02
              ],
              "size": [
                1,
                1,
                0
              ],
              "pivot": [
                8,
                29.91785,
                1.99
              ],
              "rotation": [
                0,
                -47.5,
                -35
              ],
              "uv": [
                2,
                5
              ]
            },
            {
              "origin": [
                7.36031,
                37.73507,
                -3.58494
              ],
              "size": [
                3,
                0,
                3
              ],
              "pivot": [
                8,
                29.91785,
                1.99
              ],
              "rotation": [
                -83.27511,
                -64.92201,
                151.05358
              ],
              "uv": [
                6,
                43
              ]
            },
            {
              "origin": [
                6.86031,
                36.72507,
                -4.08494
              ],
              "size": [
                4,
                1,
                4
              ],
              "pivot": [
                8,
                29.91785,
                1.99
              ],
              "rotation": [
                -83.27511,
                -64.92201,
                151.05358
              ],
              "uv": [
                40,
                55
              ]
            },
            {
              "origin": [
                7.86031,
                33.72507,
                -3.08494
              ],
              "size": [
                2,
                3,
                2
              ],
              "pivot": [
                8,
                29.91785,
                1.99
              ],
              "rotation": [
                -83.27511,
                -64.92201,
                151.05358
              ],
              "uv": [
                54,
                59
              ]
            },
            {
              "origin": [
                6.13969,
                33.72507,
                -3.08494
              ],
              "size": [
                2,
                3,
                2
              ],
              "pivot": [
                8,
                29.91785,
                1.99
              ],
              "rotation": [
                103.14127,
                19.93443,
                -32.27469
              ],
              "uv": [
                54,
                59
              ],
              "mirror": true
            },
            {
              "origin": [
                5.13969,
                36.72507,
                -4.08494
              ],
              "size": [
                4,
                1,
                4
              ],
              "pivot": [
                8,
                29.91785,
                1.99
              ],
              "rotation": [
                103.14127,
                19.93443,
                -32.27469
              ],
              "uv": [
                40,
                55
              ],
              "mirror": true
            },
            {
              "origin": [
                5.63969,
                37.73507,
                -3.58494
              ],
              "size": [
                3,
                0,
                3
              ],
              "pivot": [
                8,
                29.91785,
                1.99
              ],
              "rotation": [
                103.14127,
                19.93443,
                -32.27469
              ],
              "uv": [
                6,
                43
              ],
              "mirror": true
            }
          ]
        },
        {
          "name": "head",
          "parent": "allbodies",
          "pivot": [
            -8,
            23,
            3
          ],
          "cubes": [
            {
              "origin": [
                -8.5,
                27.5,
                -0.02
              ],
              "size": [
                1,
                1,
                0
              ],
              "pivot": [
                -8,
                29.91785,
                1.99
              ],
              "rotation": [
                0,
                47.5,
                35
              ],
              "uv": [
                2,
                5
              ],
              "mirror": true
            },
            {
              "origin": [
                -10,
                26,
                -0.01
              ],
              "size": [
                4,
                4,
                0
              ],
              "pivot": [
                -8,
                29.91785,
                1.99
              ],
              "rotation": [
                0,
                47.5,
                35
              ],
              "uv": [
                58,
                26
              ],
              "mirror": true
            },
            {
              "origin": [
                -8.13969,
                33.72507,
                -3.08494
              ],
              "size": [
                2,
                3,
                2
              ],
              "pivot": [
                -8,
                29.91785,
                1.99
              ],
              "rotation": [
                103.14127,
                -19.93443,
                32.27469
              ],
              "uv": [
                54,
                59
              ]
            },
            {
              "origin": [
                -9.13969,
                36.72507,
                -4.08494
              ],
              "size": [
                4,
                1,
                4
              ],
              "pivot": [
                -8,
                29.91785,
                1.99
              ],
              "rotation": [
                103.14127,
                -19.93443,
                32.27469
              ],
              "uv": [
                40,
                55
              ]
            },
            {
              "origin": [
                -8.63969,
                37.73507,
                -3.58494
              ],
              "size": [
                3,
                0,
                3
              ],
              "pivot": [
                -8,
                29.91785,
                1.99
              ],
              "rotation": [
                103.14127,
                -19.93443,
                32.27469
              ],
              "uv": [
                6,
                43
              ]
            },
            {
              "origin": [
                -9.86031,
                33.72507,
                -3.08494
              ],
              "size": [
                2,
                3,
                2
              ],
              "pivot": [
                -8,
                29.91785,
                1.99
              ],
              "rotation": [
                -83.27511,
                64.92201,
                -151.05358
              ],
              "uv": [
                54,
                59
              ],
              "mirror": true
            },
            {
              "origin": [
                -10.86031,
                36.72507,
                -4.08494
              ],
              "size": [
                4,
                1,
                4
              ],
              "pivot": [
                -8,
                29.91785,
                1.99
              ],
              "rotation": [
                -83.27511,
                64.92201,
                -151.05358
              ],
              "uv": [
                40,
                55
              ],
              "mirror": true
            },
            {
              "origin": [
                -10.36031,
                37.73507,
                -3.58494
              ],
              "size": [
                3,
                0,
                3
              ],
              "pivot": [
                -8,
                29.91785,
                1.99
              ],
              "rotation": [
                -83.27511,
                64.92201,
                -151.05358
              ],
              "uv": [
                6,
                43
              ],
              "mirror": true
            },
            {
              "origin": [
                -12,
                24,
                0
              ],
              "size": [
                8,
                8,
                8
              ],
              "pivot": [
                -8,
                29.91785,
                1.99
              ],
              "rotation": [
                0,
                47.5,
                35
              ],
              "uv": [
                30,
                0
              ],
              "mirror": true
            }
          ]
        },
        {
          "name": "tail",
          "parent": "allbodies",
          "pivot": [
            0,
            25.255,
            5
          ]
        },
        {
          "name": "Tail1",
          "parent": "tail",
          "pivot": [
            0,
            25.255,
            5
          ],
          "cubes": [
            {
              "origin": [
                -1,
                11.5,
                11
              ],
              "size": [
                2,
                3,
                2
              ],
              "pivot": [
                0,
                19.255,
                10
              ],
              "rotation": [
                -155,
                0,
                0
              ],
              "uv": [
                54,
                59
              ]
            },
            {
              "origin": [
                -1.5,
                15.51,
                10.5
              ],
              "size": [
                3,
                0,
                3
              ],
              "pivot": [
                0,
                19.255,
                10
              ],
              "rotation": [
                -155,
                0,
                0
              ],
              "uv": [
                6,
                43
              ]
            },
            {
              "origin": [
                -2,
                14.5,
                10
              ],
              "size": [
                4,
                1,
                4
              ],
              "pivot": [
                0,
                19.255,
                10
              ],
              "rotation": [
                -155,
                0,
                0
              ],
              "uv": [
                40,
                55
              ]
            }
          ]
        },
        {
          "name": "Tail2",
          "parent": "Tail1",
          "pivot": [
            0,
            20.255,
            7
          ],
          "cubes": [
            {
              "origin": [
                -1,
                14.69776,
                10.34305
              ],
              "size": [
                2,
                3,
                2
              ],
              "pivot": [
                0,
                18.45276,
                10.34305
              ],
              "rotation": [
                -140,
                0,
                0
              ],
              "uv": [
                54,
                59
              ]
            },
            {
              "origin": [
                -1.5,
                18.70776,
                9.84305
              ],
              "size": [
                3,
                0,
                3
              ],
              "pivot": [
                0,
                18.45276,
                10.34305
              ],
              "rotation": [
                -140,
                0,
                0
              ],
              "uv": [
                6,
                43
              ]
            },
            {
              "origin": [
                -2,
                17.69776,
                9.34305
              ],
              "size": [
                4,
                1,
                4
              ],
              "pivot": [
                0,
                18.45276,
                10.34305
              ],
              "rotation": [
                -140,
                0,
                0
              ],
              "uv": [
                40,
                55
              ]
            }
          ]
        },
        {
          "name": "Tail3",
          "parent": "Tail2",
          "pivot": [
            0,
            16.255,
            11
          ],
          "cubes": [
            {
              "origin": [
                -1,
                19.36654,
                10.06512
              ],
              "size": [
                2,
                3,
                2
              ],
              "pivot": [
                0,
                18.12154,
                10.06512
              ],
              "rotation": [
                -120,
                0,
                0
              ],
              "uv": [
                54,
                59
              ]
            },
            {
              "origin": [
                -1.5,
                23.37654,
                9.56512
              ],
              "size": [
                3,
                0,
                3
              ],
              "pivot": [
                0,
                18.12154,
                10.06512
              ],
              "rotation": [
                -120,
                0,
                0
              ],
              "uv": [
                6,
                43
              ]
            },
            {
              "origin": [
                -2,
                22.36654,
                9.06512
              ],
              "size": [
                4,
                1,
                4
              ],
              "pivot": [
                0,
                18.12154,
                10.06512
              ],
              "rotation": [
                -120,
                0,
                0
              ],
              "uv": [
                40,
                55
              ]
            }
          ]
        },
        {
          "name": "Tail4",
          "parent": "Tail3",
          "pivot": [
            0,
            14.255,
            15
          ],
          "cubes": [
            {
              "origin": [
                -2,
                31.86156,
                5.83635
              ],
              "size": [
                4,
                1,
                4
              ],
              "pivot": [
                0,
                18.61656,
                5.83635
              ],
              "rotation": [
                -105,
                0,
                0
              ],
              "uv": [
                40,
                55
              ]
            },
            {
              "origin": [
                -1,
                28.86156,
                6.83635
              ],
              "size": [
                2,
                3,
                2
              ],
              "pivot": [
                0,
                18.61656,
                5.83635
              ],
              "rotation": [
                -105,
                0,
                0
              ],
              "uv": [
                54,
                59
              ]
            },
            {
              "origin": [
                -2.5,
                32.86156,
                5.2364
              ],
              "size": [
                5,
                2,
                5
              ],
              "pivot": [
                0,
                18.61656,
                5.83635
              ],
              "rotation": [
                -105,
                0,
                0
              ],
              "uv": [
                24,
                52
              ]
            },
            {
              "origin": [
                0,
                9.31793,
                14.50198
              ],
              "size": [
                0,
                14,
                15
              ],
              "pivot": [
                0,
                12.31793,
                22.00198
              ],
              "rotation": [
                -100.72858,
                -10.54529,
                -44.00703
              ],
              "uv": [
                0,
                0
              ]
            },
            {
              "origin": [
                0,
                9.31793,
                14.50198
              ],
              "size": [
                0,
                14,
                15
              ],
              "pivot": [
                0,
                12.31793,
                22.00198
              ],
              "rotation": [
                -100.72858,
                10.54529,
                44.00703
              ],
              "uv": [
                0,
                0
              ]
            }
          ]
        },
        {
          "name": "magnets",
          "parent": "sandyshocks",
          "pivot": [
            0,
            16.5,
            0
          ]
        },
        {
          "name": "BackTopMagnet",
          "parent": "magnets",
          "pivot": [
            0,
            16.5,
            0
          ],
          "cubes": [
            {
              "origin": [
                -1,
                34,
                6.5
              ],
              "size": [
                2,
                6,
                2
              ],
              "inflate": 0.01,
              "pivot": [
                0,
                37,
                9.25
              ],
              "rotation": [
                15,
                0,
                0
              ],
              "uv": [
                22,
                59
              ]
            },
            {
              "origin": [
                -1,
                38,
                8
              ],
              "size": [
                2,
                2,
                6
              ],
              "pivot": [
                0,
                37,
                9.25
              ],
              "rotation": [
                15,
                0,
                0
              ],
              "uv": [
                0,
                7
              ]
            },
            {
              "origin": [
                -1,
                34,
                8
              ],
              "size": [
                2,
                2,
                6
              ],
              "pivot": [
                0,
                37,
                9.25
              ],
              "rotation": [
                15,
                0,
                0
              ],
              "uv": [
                52,
                40
              ]
            },
            {
              "origin": [
                -1.5,
                37.5,
                14
              ],
              "size": [
                3,
                3,
                2
              ],
              "pivot": [
                0,
                37,
                9.25
              ],
              "rotation": [
                15,
                0,
                0
              ],
              "uv": [
                46,
                40
              ]
            },
            {
              "origin": [
                0,
                38.69652,
                14.18421
              ],
              "size": [
                0,
                5,
                6
              ],
              "pivot": [
                0,
                41.19652,
                17.18421
              ],
              "rotation": [
                10.72858,
                10.54529,
                -44.00703
              ],
              "uv": [
                30,
                10
              ]
            },
            {
              "origin": [
                0,
                38.69652,
                14.18421
              ],
              "size": [
                0,
                5,
                6
              ],
              "pivot": [
                0,
                41.19652,
                17.18421
              ],
              "rotation": [
                10.72858,
                -10.54529,
                44.00703
              ],
              "uv": [
                30,
                10
              ]
            },
            {
              "origin": [
                -1.5,
                33.5,
                14
              ],
              "size": [
                3,
                3,
                2
              ],
              "pivot": [
                0,
                37,
                9.25
              ],
              "rotation": [
                15,
                0,
                0
              ],
              "uv": [
                46,
                40
              ]
            },
            {
              "origin": [
                0,
                34.83281,
                15.21949
              ],
              "size": [
                0,
                5,
                6
              ],
              "pivot": [
                0,
                37.33281,
                18.21949
              ],
              "rotation": [
                10.72858,
                10.54529,
                -44.00703
              ],
              "uv": [
                30,
                10
              ]
            },
            {
              "origin": [
                0,
                34.83281,
                15.21949
              ],
              "size": [
                0,
                5,
                6
              ],
              "pivot": [
                0,
                37.33281,
                18.21949
              ],
              "rotation": [
                10.72858,
                -10.54529,
                44.00703
              ],
              "uv": [
                30,
                10
              ]
            }
          ]
        },
        {
          "name": "BackBottomMagnet",
          "parent": "magnets",
          "pivot": [
            0,
            16.5,
            0
          ],
          "cubes": [
            {
              "origin": [
                -1,
                26.1346,
                8.81911
              ],
              "size": [
                2,
                6,
                2
              ],
              "inflate": 0.01,
              "pivot": [
                0,
                28.7596,
                14.71863
              ],
              "rotation": [
                -10,
                0,
                0
              ],
              "uv": [
                22,
                59
              ]
            },
            {
              "origin": [
                -1,
                30.1346,
                10.31911
              ],
              "size": [
                2,
                2,
                6
              ],
              "pivot": [
                0,
                28.7596,
                14.71863
              ],
              "rotation": [
                -10,
                0,
                0
              ],
              "uv": [
                0,
                7
              ]
            },
            {
              "origin": [
                -1,
                26.1346,
                10.31911
              ],
              "size": [
                2,
                2,
                6
              ],
              "pivot": [
                0,
                28.7596,
                14.71863
              ],
              "rotation": [
                -10,
                0,
                0
              ],
              "uv": [
                52,
                40
              ]
            },
            {
              "origin": [
                -1.5,
                29.6346,
                16.31911
              ],
              "size": [
                3,
                3,
                2
              ],
              "pivot": [
                0,
                28.7596,
                14.71863
              ],
              "rotation": [
                -10,
                0,
                0
              ],
              "uv": [
                46,
                40
              ]
            },
            {
              "origin": [
                0,
                27.62601,
                17.64644
              ],
              "size": [
                0,
                5,
                6
              ],
              "pivot": [
                0,
                30.12601,
                20.64644
              ],
              "rotation": [
                -7.10708,
                -7.05302,
                -44.56145
              ],
              "uv": [
                30,
                10
              ]
            },
            {
              "origin": [
                0,
                27.62601,
                17.64644
              ],
              "size": [
                0,
                5,
                6
              ],
              "pivot": [
                0,
                30.12601,
                20.64644
              ],
              "rotation": [
                -7.10708,
                7.05302,
                44.56145
              ],
              "uv": [
                30,
                10
              ]
            },
            {
              "origin": [
                -1.5,
                25.6346,
                16.31911
              ],
              "size": [
                3,
                3,
                2
              ],
              "pivot": [
                0,
                28.7596,
                14.71863
              ],
              "rotation": [
                -10,
                0,
                0
              ],
              "uv": [
                46,
                40
              ]
            },
            {
              "origin": [
                0,
                23.68677,
                16.95185
              ],
              "size": [
                0,
                5,
                6
              ],
              "pivot": [
                0,
                26.18677,
                19.95185
              ],
              "rotation": [
                -6.79333,
                7.35559,
                47.06283
              ],
              "uv": [
                30,
                10
              ]
            },
            {
              "origin": [
                0,
                23.68677,
                16.95185
              ],
              "size": [
                0,
                5,
                6
              ],
              "pivot": [
                0,
                26.18677,
                19.95185
              ],
              "rotation": [
                -7.10708,
                -7.05302,
                -44.56145
              ],
              "uv": [
                30,
                10
              ]
            }
          ]
        },
        {
          "name": "LeftLegMagnet",
          "parent": "magnets",
          "pivot": [
            11,
            0.5,
            3
          ],
          "cubes": [
            {
              "origin": [
                10,
                1.05025,
                7.94975
              ],
              "size": [
                3,
                15,
                3
              ],
              "pivot": [
                11.5,
                14.52513,
                2.5
              ],
              "rotation": [
                0,
                0,
                -10
              ],
              "uv": [
                12,
                43
              ]
            },
            {
              "origin": [
                10,
                18.57843,
                0.39645
              ],
              "size": [
                3,
                3,
                7
              ],
              "inflate": 0.01,
              "pivot": [
                11.5,
                14.52513,
                2.5
              ],
              "rotation": [
                -45,
                0,
                -10
              ],
              "uv": [
                50,
                16
              ]
            },
            {
              "origin": [
                10,
                18.57843,
                -2.39645
              ],
              "size": [
                3,
                3,
                7
              ],
              "inflate": 0.01,
              "pivot": [
                11.5,
                14.52513,
                2.5
              ],
              "rotation": [
                45,
                0,
                -10
              ],
              "uv": [
                51,
                30
              ]
            },
            {
              "origin": [
                10,
                1.05025,
                -5.94975
              ],
              "size": [
                3,
                15,
                3
              ],
              "pivot": [
                11.5,
                14.52513,
                2.5
              ],
              "rotation": [
                0,
                0,
                -10
              ],
              "uv": [
                0,
                43
              ]
            },
            {
              "origin": [
                8,
                0.999,
                -10.94975
              ],
              "size": [
                7,
                0,
                13
              ],
              "pivot": [
                11.5,
                14.52513,
                2.5
              ],
              "rotation": [
                0,
                0,
                -10
              ],
              "uv": [
                0,
                0
              ]
            },
            {
              "origin": [
                8,
                0.999,
                3.05025
              ],
              "size": [
                7,
                0,
                13
              ],
              "pivot": [
                11.5,
                14.52513,
                2.5
              ],
              "rotation": [
                0,
                0,
                -10
              ],
              "uv": [
                0,
                0
              ]
            },
            {
              "origin": [
                11.5,
                1.05025,
                -9.94975
              ],
              "size": [
                0,
                5,
                11
              ],
              "pivot": [
                11.5,
                14.52513,
                2.5
              ],
              "rotation": [
                0,
                0,
                -10
              ],
              "uv": [
                26,
                26
              ]
            },
            {
              "origin": [
                8,
                1.05025,
                -4.4497
              ],
              "size": [
                7,
                5,
                0
              ],
              "pivot": [
                11.5,
                14.52513,
                2.5
              ],
              "rotation": [
                0,
                0,
                -10
              ],
              "uv": [
                42,
                16
              ]
            },
            {
              "origin": [
                8,
                1.05025,
                9.5503
              ],
              "size": [
                7,
                5,
                0
              ],
              "pivot": [
                11.5,
                14.52513,
                2.5
              ],
              "rotation": [
                0,
                0,
                -10
              ],
              "uv": [
                42,
                16
              ]
            },
            {
              "origin": [
                11.5,
                1.05025,
                4.05025
              ],
              "size": [
                0,
                5,
                11
              ],
              "pivot": [
                11.5,
                14.52513,
                2.5
              ],
              "rotation": [
                0,
                0,
                -10
              ],
              "uv": [
                26,
                26
              ]
            },
            {
              "origin": [
                10,
                18,
                -1
              ],
              "size": [
                3,
                3,
                7
              ],
              "pivot": [
                11.5,
                14.52513,
                2.5
              ],
              "rotation": [
                0,
                0,
                -10
              ],
              "uv": [
                39,
                45
              ]
            }
          ]
        },
        {
          "name": "RightLegMagnet",
          "parent": "magnets",
          "pivot": [
            -11,
            0.5,
            3
          ],
          "cubes": [
            {
              "origin": [
                -13,
                18.57843,
                -2.39645
              ],
              "size": [
                3,
                3,
                7
              ],
              "inflate": 0.01,
              "pivot": [
                -11.5,
                14.52513,
                2.5
              ],
              "rotation": [
                45,
                0,
                10
              ],
              "uv": [
                51,
                30
              ],
              "mirror": true
            },
            {
              "origin": [
                -13,
                18,
                -1
              ],
              "size": [
                3,
                3,
                7
              ],
              "pivot": [
                -11.5,
                14.52513,
                2.5
              ],
              "rotation": [
                0,
                0,
                10
              ],
              "uv": [
                39,
                45
              ],
              "mirror": true
            },
            {
              "origin": [
                -13,
                1.05025,
                7.94975
              ],
              "size": [
                3,
                15,
                3
              ],
              "pivot": [
                -11.5,
                14.52513,
                2.5
              ],
              "rotation": [
                0,
                0,
                10
              ],
              "uv": [
                12,
                43
              ],
              "mirror": true
            },
            {
              "origin": [
                -15,
                0.999,
                3.05025
              ],
              "size": [
                7,
                0,
                13
              ],
              "pivot": [
                -11.5,
                14.52513,
                2.5
              ],
              "rotation": [
                0,
                0,
                10
              ],
              "uv": [
                0,
                0
              ],
              "mirror": true
            },
            {
              "origin": [
                -11.5,
                1.05025,
                4.05025
              ],
              "size": [
                0,
                5,
                11
              ],
              "pivot": [
                -11.5,
                14.52513,
                2.5
              ],
              "rotation": [
                0,
                0,
                10
              ],
              "uv": [
                26,
                26
              ],
              "mirror": true
            },
            {
              "origin": [
                -13,
                1.05025,
                -5.94975
              ],
              "size": [
                3,
                15,
                3
              ],
              "pivot": [
                -11.5,
                14.52513,
                2.5
              ],
              "rotation": [
                0,
                0,
                10
              ],
              "uv": [
                0,
                43
              ],
              "mirror": true
            },
            {
              "origin": [
                -15,
                0.999,
                -10.94975
              ],
              "size": [
                7,
                0,
                13
              ],
              "pivot": [
                -11.5,
                14.52513,
                2.5
              ],
              "rotation": [
                0,
                0,
                10
              ],
              "uv": [
                0,
                0
              ],
              "mirror": true
            },
            {
              "origin": [
                -13,
                18.57843,
                0.39645
              ],
              "size": [
                3,
                3,
                7
              ],
              "inflate": 0.01,
              "pivot": [
                -11.5,
                14.52513,
                2.5
              ],
              "rotation": [
                -45,
                0,
                10
              ],
              "uv": [
                50,
                16
              ],
              "mirror": true
            },
            {
              "origin": [
                -11.5,
                1.05025,
                -9.94975
              ],
              "size": [
                0,
                5,
                11
              ],
              "pivot": [
                -11.5,
                14.52513,
                2.5
              ],
              "rotation": [
                0,
                0,
                10
              ],
              "uv": [
                26,
                26
              ],
              "mirror": true
            },
            {
              "origin": [
                -15,
                1.05025,
                9.5503
              ],
              "size": [
                7,
                5,
                0
              ],
              "pivot": [
                -11.5,
                14.52513,
                2.5
              ],
              "rotation": [
                0,
                0,
                10
              ],
              "uv": [
                42,
                16
              ],
              "mirror": true
            },
            {
              "origin": [
                -15,
                1.05025,
                -4.4497
              ],
              "size": [
                7,
                5,
                0
              ],
              "pivot": [
                -11.5,
                14.52513,
                2.5
              ],
              "rotation": [
                0,
                0,
                10
              ],
              "uv": [
                42,
                16
              ],
              "mirror": true
            }
          ]
        }
      ]
    }
  ]
}