{
  "format_version": "1.12.0",
  "minecraft:geometry": [
    {
      "description": {
        "identifier": "geometry.iron_boulder",
        "texture_width": 256,
        "texture_height": 256,
        "visible_bounds_width": 5,
        "visible_bounds_height": 4.5,
        "visible_bounds_offset": [
          0,
          1.75,
          0
        ]
      },
      "bones": [
        {
          "name": "iron_boulder",
          "pivot": [
            0,
            0,
            0
          ]
        },
        {
          "name": "body",
          "parent": "iron_boulder",
          "pivot": [
            0,
            21,
            0
          ]
        },
        {
          "name": "torso",
          "parent": "body",
          "pivot": [
            0,
            23.5875,
            5.925
          ],
          "cubes": [
            {
              "origin": [
                -5.5,
                17.65,
                8.05
              ],
              "size": [
                11,
                10,
                10
              ],
              "uv": [
                130,
                63
              ]
            },
            {
              "origin": [
                -8,
                18.7,
                6.05
              ],
              "size": [
                16,
                13,
                2
              ],
              "uv": [
                130,
                83
              ]
            },
            {
              "origin": [
                -8,
                26.725,
                6.05
              ],
              "size": [
                0,
                5,
                9
              ],
              "inflate": 0.01,
              "uv": [
                56,
                154
              ],
              "mirror": true
            },
            {
              "origin": [
                -8,
                31.725,
                6.05
              ],
              "size": [
                16,
                0,
                11
              ],
              "inflate": 0.01,
              "uv": [
                62,
                130
              ]
            },
            {
              "origin": [
                8,
                26.725,
                6.05
              ],
              "size": [
                0,
                5,
                9
              ],
              "inflate": 0.01,
              "uv": [
                56,
                154
              ]
            },
            {
              "origin": [
                -6,
                28.7,
                8.05
              ],
              "size": [
                12,
                0,
                19
              ],
              "uv": [
                0,
                120
              ]
            },
            {
              "origin": [
                6,
                18.7,
                8.05
              ],
              "size": [
                0,
                10,
                17
              ],
              "uv": [
                116,
                130
              ]
            },
            {
              "origin": [
                -6,
                18.7,
                8.05
              ],
              "size": [
                0,
                10,
                17
              ],
              "uv": [
                116,
                130
              ],
              "mirror": true
            },
            {
              "origin": [
                -0.5,
                21.3,
                6.05
              ],
              "size": [
                1,
                3,
                8
              ],
              "inflate": 0.01,
              "uv": [
                0,
                155
              ]
            }
          ]
        },
        {
          "name": "chest",
          "parent": "torso",
          "pivot": [
            0,
            26.39167,
            6.21667
          ],
          "cubes": [
            {
              "origin": [
                -11,
                15.725,
                -11.95
              ],
              "size": [
                22,
                22,
                18
              ],
              "uv": [
                0,
                0
              ]
            },
            {
              "origin": [
                -11,
                15.725,
                -11.95
              ],
              "size": [
                22,
                22,
                18
              ],
              "inflate": 0.1,
              "uv": [
                0,
                40
              ]
            },
            {
              "origin": [
                -11,
                15.725,
                -11.95
              ],
              "size": [
                22,
                22,
                18
              ],
              "inflate": 0.2,
              "uv": [
                0,
                80
              ]
            }
          ]
        },
        {
          "name": "back_spikes",
          "parent": "chest",
          "pivot": [
            -7.5,
            30.76734,
            -7.18351
          ],
          "cubes": [
            {
              "origin": [
                5,
                30.925,
                -13.15
              ],
              "size": [
                0,
                14,
                25
              ],
              "pivot": [
                5,
                30.925,
                0.85
              ],
              "rotation": [
                0,
                0,
                12.5
              ],
              "uv": [
                80,
                63
              ]
            },
            {
              "origin": [
                -5,
                30.925,
                -13.15
              ],
              "size": [
                0,
                14,
                27
              ],
              "pivot": [
                -5,
                30.925,
                0.85
              ],
              "rotation": [
                0,
                0,
                -15
              ],
              "uv": [
                80,
                0
              ]
            }
          ]
        },
        {
          "name": "neck",
          "parent": "chest",
          "pivot": [
            0,
            26.75292,
            -11.9653
          ],
          "cubes": [
            {
              "origin": [
                -10,
                16.75292,
                -18.9653
              ],
              "size": [
                20,
                20,
                8
              ],
              "inflate": 0.01,
              "uv": [
                80,
                102
              ]
            }
          ]
        },
        {
          "name": "head",
          "parent": "neck",
          "pivot": [
            0,
            26.53082,
            -19.83293
          ],
          "rotation": [
            10,
            0,
            0
          ],
          "cubes": [
            {
              "origin": [
                -5,
                24.03082,
                -24.33293
              ],
              "size": [
                10,
                7,
                4
              ],
              "uv": [
                148,
                38
              ]
            },
            {
              "origin": [
                -5,
                22.03082,
                -21.33293
              ],
              "size": [
                10,
                2,
                1
              ],
              "uv": [
                148,
                60
              ]
            },
            {
              "origin": [
                -6,
                21.53082,
                -20.33293
              ],
              "size": [
                12,
                10,
                3
              ],
              "uv": [
                56,
                141
              ]
            },
            {
              "origin": [
                -3.5,
                24.03082,
                -27.83293
              ],
              "size": [
                7,
                6,
                7
              ],
              "pivot": [
                0,
                27.53082,
                -24.33293
              ],
              "rotation": [
                0,
                45,
                0
              ],
              "uv": [
                86,
                141
              ]
            },
            {
              "origin": [
                -0.5,
                25.53082,
                -29.07557
              ],
              "size": [
                1,
                1,
                1
              ],
              "inflate": 0.01,
              "pivot": [
                0,
                26.53082,
                -28.57557
              ],
              "rotation": [
                0,
                45,
                0
              ],
              "uv": [
                72,
                126
              ]
            }
          ]
        },
        {
          "name": "crown",
          "parent": "head",
          "pivot": [
            0,
            28.02892,
            -23.2765
          ],
          "rotation": [
            15,
            0,
            0
          ],
          "cubes": [
            {
              "origin": [
                -2.58076,
                28.02892,
                -27.69574
              ],
              "size": [
                7,
                4,
                7
              ],
              "inflate": 0.1,
              "pivot": [
                0,
                31.27892,
                -23.2765
              ],
              "rotation": [
                0,
                45,
                0
              ],
              "uv": [
                148,
                49
              ]
            },
            {
              "origin": [
                -5.09017,
                27.92892,
                -24.5765
              ],
              "size": [
                0,
                9,
                5
              ],
              "uv": [
                38,
                155
              ]
            },
            {
              "origin": [
                5.09117,
                27.92892,
                -24.5765
              ],
              "size": [
                0,
                9,
                5
              ],
              "uv": [
                38,
                155
              ],
              "mirror": true
            },
            {
              "origin": [
                -5,
                29.17892,
                -19.6765
              ],
              "size": [
                10,
                4,
                0
              ],
              "uv": [
                116,
                157
              ]
            }
          ]
        },
        {
          "name": "jaw",
          "parent": "head",
          "pivot": [
            0,
            24.03082,
            -20.33293
          ],
          "cubes": [
            {
              "origin": [
                -2.5,
                22.03082,
                -26.41871
              ],
              "size": [
                7,
                2,
                7
              ],
              "pivot": [
                0,
                26.53082,
                -21.91871
              ],
              "rotation": [
                0,
                45,
                0
              ],
              "uv": [
                136,
                120
              ]
            },
            {
              "origin": [
                -5,
                22.03082,
                -23.33293
              ],
              "size": [
                10,
                2,
                3
              ],
              "inflate": 0.01,
              "uv": [
                90,
                154
              ]
            }
          ]
        },
        {
          "name": "eye_right",
          "parent": "head",
          "pivot": [
            -2.83432,
            26.86416,
            -26.48024
          ],
          "rotation": [
            0,
            -45,
            0
          ],
          "cubes": [
            {
              "origin": [
                -2.82599,
                26.03082,
                -27.48024
              ],
              "size": [
                0,
                2,
                3
              ],
              "inflate": 0.01,
              "uv": [
                48,
                161
              ],
              "mirror": true
            },
            {
              "origin": [
                -2.82599,
                26.53082,
                -24.48024
              ],
              "size": [
                0,
                2,
                1
              ],
              "inflate": 0.01,
              "uv": [
                76,
                126
              ],
              "mirror": true
            },
            {
              "origin": [
                -2.82599,
                26.03082,
                -27.98024
              ],
              "size": [
                0,
                1,
                1
              ],
              "uv": [
                74,
                128
              ],
              "mirror": true
            }
          ]
        },
        {
          "name": "pupil_right",
          "parent": "eye_right",
          "pivot": [
            -2.85099,
            26.78082,
            -25.98024
          ],
          "cubes": [
            {
              "origin": [
                -2.85099,
                26.28082,
                -26.48024
              ],
              "size": [
                0,
                1,
                1
              ],
              "inflate": 0.01,
              "uv": [
                72,
                128
              ],
              "mirror": true
            }
          ]
        },
        {
          "name": "eye_left",
          "parent": "head",
          "pivot": [
            2.83432,
            26.86416,
            -26.48024
          ],
          "rotation": [
            0,
            45,
            0
          ],
          "cubes": [
            {
              "origin": [
                2.82599,
                26.03082,
                -27.48024
              ],
              "size": [
                0,
                2,
                3
              ],
              "inflate": 0.01,
              "uv": [
                48,
                161
              ]
            },
            {
              "origin": [
                2.82599,
                26.53082,
                -24.48024
              ],
              "size": [
                0,
                2,
                1
              ],
              "inflate": 0.01,
              "uv": [
                76,
                126
              ]
            },
            {
              "origin": [
                2.82599,
                26.03082,
                -27.98024
              ],
              "size": [
                0,
                1,
                1
              ],
              "uv": [
                74,
                128
              ]
            }
          ]
        },
        {
          "name": "pupil_left",
          "parent": "eye_left",
          "pivot": [
            2.85099,
            26.78082,
            -25.98024
          ],
          "cubes": [
            {
              "origin": [
                2.85099,
                26.28082,
                -26.48024
              ],
              "size": [
                0,
                1,
                1
              ],
              "inflate": 0.01,
              "uv": [
                72,
                128
              ]
            }
          ]
        },
        {
          "name": "forehead",
          "parent": "head",
          "pivot": [
            0,
            30.58155,
            -23.82297
          ],
          "rotation": [
            -15,
            0,
            0
          ]
        },
        {
          "name": "forehead2",
          "parent": "forehead",
          "pivot": [
            -4.98908,
            31.28222,
            -23.54584
          ],
          "rotation": [
            70,
            0,
            0
          ],
          "cubes": [
            {
              "origin": [
                -16.98908,
                31.28222,
                -37.54584
              ],
              "size": [
                12,
                0,
                22
              ],
              "pivot": [
                -4.98908,
                31.28222,
                -23.54584
              ],
              "rotation": [
                0,
                -22.5,
                0
              ],
              "uv": [
                80,
                41
              ],
              "mirror": true
            }
          ]
        },
        {
          "name": "forehead3",
          "parent": "forehead",
          "pivot": [
            4.98908,
            31.28222,
            -23.54584
          ],
          "rotation": [
            70,
            0,
            0
          ],
          "cubes": [
            {
              "origin": [
                4.98908,
                31.28222,
                -37.54584
              ],
              "size": [
                12,
                0,
                22
              ],
              "pivot": [
                4.98908,
                31.28222,
                -23.54584
              ],
              "rotation": [
                0,
                22.5,
                0
              ],
              "uv": [
                80,
                41
              ]
            }
          ]
        },
        {
          "name": "leg_front_left",
          "parent": "body",
          "pivot": [
            11.03333,
            22.66585,
            -4.53229
          ],
          "cubes": [
            {
              "origin": [
                12,
                16.51499,
                -8.67658
              ],
              "size": [
                6,
                12,
                8
              ],
              "pivot": [
                13.5,
                22.01499,
                -4.67658
              ],
              "rotation": [
                -12.5,
                0,
                0
              ],
              "uv": [
                134,
                18
              ]
            },
            {
              "origin": [
                11,
                18.51499,
                -7.67658
              ],
              "size": [
                2,
                9,
                6
              ],
              "pivot": [
                13.5,
                22.01499,
                -4.67658
              ],
              "rotation": [
                -12.5,
                0,
                0
              ],
              "uv": [
                74,
                154
              ]
            },
            {
              "origin": [
                13,
                16.51499,
                -8.67658
              ],
              "size": [
                0,
                12,
                8
              ],
              "pivot": [
                13.5,
                22.01499,
                -4.67658
              ],
              "rotation": [
                -12.5,
                0,
                0
              ],
              "uv": [
                150,
                129
              ]
            }
          ]
        },
        {
          "name": "spikes_left",
          "parent": "leg_front_left",
          "pivot": [
            18.04225,
            21.29773,
            -4.40765
          ],
          "rotation": [
            -45,
            0,
            0
          ],
          "cubes": [
            {
              "origin": [
                16,
                21.32126,
                -5.90765
              ],
              "size": [
                2,
                3,
                3
              ],
              "inflate": 0.01,
              "pivot": [
                18,
                21.32126,
                -4.40765
              ],
              "rotation": [
                0,
                0,
                40
              ],
              "uv": [
                90,
                159
              ]
            },
            {
              "origin": [
                16,
                23.32126,
                -5.90765
              ],
              "size": [
                2,
                6,
                3
              ],
              "pivot": [
                18,
                23.32126,
                -4.40765
              ],
              "rotation": [
                0,
                0,
                20
              ],
              "uv": [
                62,
                120
              ]
            }
          ]
        },
        {
          "name": "leg_knee_front_left",
          "parent": "leg_front_left",
          "pivot": [
            15.3074,
            16.89095,
            -6.45841
          ],
          "cubes": [
            {
              "origin": [
                13.5,
                14.00524,
                -7.70841
              ],
              "size": [
                3,
                3,
                3
              ],
              "uv": [
                136,
                157
              ]
            },
            {
              "origin": [
                14,
                14.00524,
                -7.70841
              ],
              "size": [
                2,
                3,
                3
              ],
              "inflate": 0.01,
              "uv": [
                148,
                159
              ]
            }
          ]
        },
        {
          "name": "leg_front_left2",
          "parent": "leg_knee_front_left",
          "pivot": [
            15,
            13.994,
            -6.13698
          ],
          "cubes": [
            {
              "origin": [
                11,
                0.00524,
                -10.20841
              ],
              "size": [
                8,
                10,
                8
              ],
              "uv": [
                134,
                0
              ]
            },
            {
              "origin": [
                10.5,
                5.00524,
                -10.70841
              ],
              "size": [
                9,
                2,
                9
              ],
              "inflate": 0.02,
              "uv": [
                136,
                98
              ]
            },
            {
              "origin": [
                12.5,
                10.00524,
                -8.70841
              ],
              "size": [
                5,
                4,
                5
              ],
              "uv": [
                18,
                155
              ]
            },
            {
              "origin": [
                17.5,
                14.00524,
                -6.70841
              ],
              "size": [
                0,
                3,
                3
              ],
              "pivot": [
                17.5,
                14.00524,
                -5.20841
              ],
              "rotation": [
                0,
                0,
                22.5
              ],
              "uv": [
                110,
                159
              ]
            },
            {
              "origin": [
                10.5,
                0.00524,
                -10.70841
              ],
              "size": [
                9,
                2,
                9
              ],
              "inflate": 0.02,
              "uv": [
                136,
                109
              ]
            },
            {
              "origin": [
                15,
                2.00524,
                -10.70841
              ],
              "size": [
                3,
                5,
                1
              ],
              "inflate": 0.01,
              "pivot": [
                18,
                2.00524,
                -10.20841
              ],
              "rotation": [
                0,
                0,
                -22.5
              ],
              "uv": [
                72,
                120
              ]
            },
            {
              "origin": [
                12,
                2.00524,
                -10.70841
              ],
              "size": [
                3,
                5,
                1
              ],
              "pivot": [
                12,
                2.00524,
                -10.20841
              ],
              "rotation": [
                0,
                0,
                22.5
              ],
              "uv": [
                48,
                155
              ],
              "mirror": true
            }
          ]
        },
        {
          "name": "leg_front_foot",
          "parent": "leg_front_left2",
          "pivot": [
            15,
            1.75524,
            -10.20841
          ],
          "cubes": [
            {
              "origin": [
                12.75,
                0.00524,
                -13.20841
              ],
              "size": [
                2,
                3,
                3
              ],
              "uv": [
                100,
                159
              ]
            },
            {
              "origin": [
                15.25,
                0.00524,
                -13.20841
              ],
              "size": [
                2,
                3,
                3
              ],
              "uv": [
                158,
                159
              ]
            },
            {
              "origin": [
                14.5,
                0.00524,
                -10.73341
              ],
              "size": [
                1,
                3,
                0
              ],
              "inflate": 0.01,
              "uv": [
                78,
                126
              ]
            }
          ]
        },
        {
          "name": "leg_front_right",
          "parent": "body",
          "pivot": [
            -11.03333,
            22.66585,
            -4.53229
          ],
          "cubes": [
            {
              "origin": [
                -18,
                16.51499,
                -8.67658
              ],
              "size": [
                6,
                12,
                8
              ],
              "pivot": [
                -13.5,
                22.01499,
                -4.67658
              ],
              "rotation": [
                -12.5,
                0,
                0
              ],
              "uv": [
                134,
                18
              ],
              "mirror": true
            },
            {
              "origin": [
                -13,
                18.51499,
                -7.67658
              ],
              "size": [
                2,
                9,
                6
              ],
              "pivot": [
                -13.5,
                22.01499,
                -4.67658
              ],
              "rotation": [
                -12.5,
                0,
                0
              ],
              "uv": [
                74,
                154
              ],
              "mirror": true
            },
            {
              "origin": [
                -13,
                16.51499,
                -8.67658
              ],
              "size": [
                0,
                12,
                8
              ],
              "pivot": [
                -13.5,
                22.01499,
                -4.67658
              ],
              "rotation": [
                -12.5,
                0,
                0
              ],
              "uv": [
                150,
                129
              ],
              "mirror": true
            }
          ]
        },
        {
          "name": "spikes_right",
          "parent": "leg_front_right",
          "pivot": [
            -18.04225,
            21.29773,
            -4.40765
          ],
          "rotation": [
            -45,
            0,
            0
          ],
          "cubes": [
            {
              "origin": [
                -18,
                21.32126,
                -5.90765
              ],
              "size": [
                2,
                3,
                3
              ],
              "pivot": [
                -18,
                21.32126,
                -4.40765
              ],
              "rotation": [
                0,
                0,
                -40
              ],
              "uv": [
                90,
                159
              ],
              "mirror": true
            },
            {
              "origin": [
                -18,
                23.32126,
                -5.90765
              ],
              "size": [
                2,
                6,
                3
              ],
              "pivot": [
                -18,
                23.32126,
                -4.40765
              ],
              "rotation": [
                0,
                0,
                -20
              ],
              "uv": [
                62,
                120
              ],
              "mirror": true
            }
          ]
        },
        {
          "name": "leg_knee_front_right",
          "parent": "leg_front_right",
          "pivot": [
            -15.3074,
            16.89095,
            -6.45841
          ],
          "cubes": [
            {
              "origin": [
                -16.5,
                14.00524,
                -7.70841
              ],
              "size": [
                3,
                3,
                3
              ],
              "uv": [
                136,
                157
              ],
              "mirror": true
            },
            {
              "origin": [
                -16,
                14.00524,
                -7.70841
              ],
              "size": [
                2,
                3,
                3
              ],
              "inflate": 0.01,
              "uv": [
                148,
                159
              ],
              "mirror": true
            }
          ]
        },
        {
          "name": "leg_front_right2",
          "parent": "leg_knee_front_right",
          "pivot": [
            -15,
            13.994,
            -6.13698
          ],
          "cubes": [
            {
              "origin": [
                -19,
                0.00524,
                -10.20841
              ],
              "size": [
                8,
                10,
                8
              ],
              "uv": [
                134,
                0
              ],
              "mirror": true
            },
            {
              "origin": [
                -19.5,
                5.00524,
                -10.70841
              ],
              "size": [
                9,
                2,
                9
              ],
              "inflate": 0.02,
              "uv": [
                136,
                98
              ],
              "mirror": true
            },
            {
              "origin": [
                -17.5,
                10.00524,
                -8.70841
              ],
              "size": [
                5,
                4,
                5
              ],
              "uv": [
                18,
                155
              ],
              "mirror": true
            },
            {
              "origin": [
                -17.5,
                14.00524,
                -6.70841
              ],
              "size": [
                0,
                3,
                3
              ],
              "pivot": [
                -17.5,
                14.00524,
                -5.20841
              ],
              "rotation": [
                0,
                0,
                -22.5
              ],
              "uv": [
                110,
                159
              ],
              "mirror": true
            },
            {
              "origin": [
                -19.5,
                0.00524,
                -10.70841
              ],
              "size": [
                9,
                2,
                9
              ],
              "inflate": 0.02,
              "uv": [
                136,
                109
              ],
              "mirror": true
            },
            {
              "origin": [
                -18,
                2.00524,
                -10.70841
              ],
              "size": [
                3,
                5,
                1
              ],
              "inflate": 0.01,
              "pivot": [
                -18,
                2.00524,
                -10.20841
              ],
              "rotation": [
                0,
                0,
                22.5
              ],
              "uv": [
                72,
                120
              ],
              "mirror": true
            },
            {
              "origin": [
                -15,
                2.00524,
                -10.70841
              ],
              "size": [
                3,
                5,
                1
              ],
              "pivot": [
                -12,
                2.00524,
                -10.20841
              ],
              "rotation": [
                0,
                0,
                -22.5
              ],
              "uv": [
                48,
                155
              ]
            }
          ]
        },
        {
          "name": "leg_front_foot2",
          "parent": "leg_front_right2",
          "pivot": [
            -15,
            1.75524,
            -10.20841
          ],
          "cubes": [
            {
              "origin": [
                -17.25,
                0.00524,
                -13.20841
              ],
              "size": [
                2,
                3,
                3
              ],
              "uv": [
                158,
                159
              ],
              "mirror": true
            },
            {
              "origin": [
                -14.75,
                0.00524,
                -13.20841
              ],
              "size": [
                2,
                3,
                3
              ],
              "uv": [
                100,
                159
              ],
              "mirror": true
            },
            {
              "origin": [
                -15.5,
                0.00524,
                -10.73341
              ],
              "size": [
                1,
                3,
                0
              ],
              "inflate": 0.01,
              "uv": [
                78,
                126
              ],
              "mirror": true
            }
          ]
        },
        {
          "name": "leg_back_left",
          "parent": "body",
          "pivot": [
            7.5,
            19.91166,
            14.66533
          ],
          "cubes": [
            {
              "origin": [
                5.5,
                17.63415,
                14.96792
              ],
              "size": [
                6,
                8,
                8
              ],
              "inflate": 0.1,
              "pivot": [
                9,
                17.53415,
                18.21792
              ],
              "rotation": [
                60,
                0,
                0
              ],
              "uv": [
                0,
                139
              ]
            },
            {
              "origin": [
                5.5,
                17.63415,
                14.96792
              ],
              "size": [
                6,
                8,
                8
              ],
              "pivot": [
                9,
                17.53415,
                18.21792
              ],
              "rotation": [
                60,
                0,
                0
              ],
              "uv": [
                28,
                139
              ]
            },
            {
              "origin": [
                6,
                13.53415,
                14.96792
              ],
              "size": [
                5,
                4,
                6
              ],
              "pivot": [
                8.5,
                17.53415,
                18.21792
              ],
              "rotation": [
                60,
                0,
                0
              ],
              "uv": [
                150,
                149
              ]
            }
          ]
        },
        {
          "name": "leg_knee_front_left3",
          "parent": "leg_back_left",
          "pivot": [
            7.8074,
            16.89095,
            23.54159
          ],
          "cubes": [
            {
              "origin": [
                7,
                14.00524,
                22.29159
              ],
              "size": [
                3,
                3,
                3
              ],
              "uv": [
                136,
                157
              ]
            },
            {
              "origin": [
                7.5,
                14.00524,
                22.29159
              ],
              "size": [
                2,
                3,
                3
              ],
              "inflate": 0.01,
              "uv": [
                148,
                159
              ]
            }
          ]
        },
        {
          "name": "leg_front_left3",
          "parent": "leg_knee_front_left3",
          "pivot": [
            7.5,
            13.994,
            23.86302
          ],
          "cubes": [
            {
              "origin": [
                4.5,
                0.00524,
                19.79159
              ],
              "size": [
                8,
                10,
                8
              ],
              "uv": [
                134,
                0
              ]
            },
            {
              "origin": [
                4,
                5.00524,
                19.29159
              ],
              "size": [
                9,
                2,
                9
              ],
              "inflate": 0.02,
              "uv": [
                136,
                98
              ]
            },
            {
              "origin": [
                6,
                10.00524,
                21.29159
              ],
              "size": [
                5,
                4,
                5
              ],
              "uv": [
                18,
                155
              ]
            },
            {
              "origin": [
                11,
                14.00524,
                23.29159
              ],
              "size": [
                0,
                3,
                3
              ],
              "pivot": [
                11,
                14.00524,
                24.79159
              ],
              "rotation": [
                0,
                0,
                22.5
              ],
              "uv": [
                110,
                159
              ]
            },
            {
              "origin": [
                4,
                0.00524,
                19.29159
              ],
              "size": [
                9,
                2,
                9
              ],
              "inflate": 0.02,
              "uv": [
                136,
                109
              ]
            },
            {
              "origin": [
                8.5,
                2.00524,
                19.29159
              ],
              "size": [
                3,
                5,
                1
              ],
              "inflate": 0.01,
              "pivot": [
                11.5,
                2.00524,
                19.79159
              ],
              "rotation": [
                0,
                0,
                -22.5
              ],
              "uv": [
                72,
                120
              ]
            },
            {
              "origin": [
                5.5,
                2.00524,
                19.29159
              ],
              "size": [
                3,
                5,
                1
              ],
              "pivot": [
                5.5,
                2.00524,
                19.79159
              ],
              "rotation": [
                0,
                0,
                22.5
              ],
              "uv": [
                48,
                155
              ],
              "mirror": true
            }
          ]
        },
        {
          "name": "leg_front_foot3",
          "parent": "leg_front_left3",
          "pivot": [
            7.5,
            1.75524,
            19.79159
          ],
          "cubes": [
            {
              "origin": [
                6.25,
                0.00524,
                16.79159
              ],
              "size": [
                2,
                3,
                3
              ],
              "uv": [
                100,
                159
              ]
            },
            {
              "origin": [
                8,
                0.00524,
                19.26659
              ],
              "size": [
                1,
                3,
                0
              ],
              "inflate": 0.01,
              "uv": [
                78,
                126
              ]
            },
            {
              "origin": [
                8.75,
                0.00524,
                16.79159
              ],
              "size": [
                2,
                3,
                3
              ],
              "uv": [
                158,
                159
              ]
            }
          ]
        },
        {
          "name": "leg_back_right",
          "parent": "body",
          "pivot": [
            -7.5,
            19.91166,
            14.66533
          ],
          "cubes": [
            {
              "origin": [
                -11.5,
                17.63415,
                14.96792
              ],
              "size": [
                6,
                8,
                8
              ],
              "inflate": 0.1,
              "pivot": [
                -9,
                17.53415,
                18.21792
              ],
              "rotation": [
                60,
                0,
                0
              ],
              "uv": [
                0,
                139
              ],
              "mirror": true
            },
            {
              "origin": [
                -11.5,
                17.63415,
                14.96792
              ],
              "size": [
                6,
                8,
                8
              ],
              "pivot": [
                -9,
                17.53415,
                18.21792
              ],
              "rotation": [
                60,
                0,
                0
              ],
              "uv": [
                28,
                139
              ],
              "mirror": true
            },
            {
              "origin": [
                -11,
                13.53415,
                14.96792
              ],
              "size": [
                5,
                4,
                6
              ],
              "pivot": [
                -8.5,
                17.53415,
                18.21792
              ],
              "rotation": [
                60,
                0,
                0
              ],
              "uv": [
                150,
                149
              ],
              "mirror": true
            }
          ]
        },
        {
          "name": "leg_knee_front_right3",
          "parent": "leg_back_right",
          "pivot": [
            -7.8074,
            16.89095,
            23.54159
          ],
          "cubes": [
            {
              "origin": [
                -10,
                14.00524,
                22.29159
              ],
              "size": [
                3,
                3,
                3
              ],
              "uv": [
                136,
                157
              ],
              "mirror": true
            },
            {
              "origin": [
                -9.5,
                14.00524,
                22.29159
              ],
              "size": [
                2,
                3,
                3
              ],
              "inflate": 0.01,
              "uv": [
                148,
                159
              ],
              "mirror": true
            }
          ]
        },
        {
          "name": "leg_front_right3",
          "parent": "leg_knee_front_right3",
          "pivot": [
            -7.5,
            13.994,
            23.86302
          ],
          "cubes": [
            {
              "origin": [
                -12.5,
                0.00524,
                19.79159
              ],
              "size": [
                8,
                10,
                8
              ],
              "uv": [
                134,
                0
              ],
              "mirror": true
            },
            {
              "origin": [
                -13,
                5.00524,
                19.29159
              ],
              "size": [
                9,
                2,
                9
              ],
              "inflate": 0.02,
              "uv": [
                136,
                98
              ],
              "mirror": true
            },
            {
              "origin": [
                -11,
                10.00524,
                21.29159
              ],
              "size": [
                5,
                4,
                5
              ],
              "uv": [
                18,
                155
              ],
              "mirror": true
            },
            {
              "origin": [
                -11,
                14.00524,
                23.29159
              ],
              "size": [
                0,
                3,
                3
              ],
              "pivot": [
                -11,
                14.00524,
                24.79159
              ],
              "rotation": [
                0,
                0,
                -22.5
              ],
              "uv": [
                110,
                159
              ],
              "mirror": true
            },
            {
              "origin": [
                -13,
                0.00524,
                19.29159
              ],
              "size": [
                9,
                2,
                9
              ],
              "inflate": 0.02,
              "uv": [
                136,
                109
              ],
              "mirror": true
            },
            {
              "origin": [
                -11.5,
                2.00524,
                19.29159
              ],
              "size": [
                3,
                5,
                1
              ],
              "inflate": 0.01,
              "pivot": [
                -11.5,
                2.00524,
                19.79159
              ],
              "rotation": [
                0,
                0,
                22.5
              ],
              "uv": [
                72,
                120
              ],
              "mirror": true
            },
            {
              "origin": [
                -8.5,
                2.00524,
                19.29159
              ],
              "size": [
                3,
                5,
                1
              ],
              "pivot": [
                -5.5,
                2.00524,
                19.79159
              ],
              "rotation": [
                0,
                0,
                -22.5
              ],
              "uv": [
                48,
                155
              ]
            }
          ]
        },
        {
          "name": "leg_front_foot4",
          "parent": "leg_front_right3",
          "pivot": [
            -7.5,
            1.75524,
            19.79159
          ],
          "cubes": [
            {
              "origin": [
                -9,
                0.00524,
                19.26659
              ],
              "size": [
                1,
                3,
                0
              ],
              "inflate": 0.01,
              "uv": [
                78,
                126
              ],
              "mirror": true
            },
            {
              "origin": [
                -10.75,
                0.00524,
                16.79159
              ],
              "size": [
                2,
                3,
                3
              ],
              "uv": [
                158,
                159
              ],
              "mirror": true
            },
            {
              "origin": [
                -8.25,
                0.00524,
                16.79159
              ],
              "size": [
                2,
                3,
                3
              ],
              "uv": [
                100,
                159
              ],
              "mirror": true
            }
          ]
        }
      ]
    }
  ]
}