{
  "format_version": "1.12.0",
  "minecraft:geometry": [
    {
      "description": {
        "identifier": "geometry.magearna",
        "texture_width": 127,
        "texture_height": 200,
        "visible_bounds_width": 4,
        "visible_bounds_height": 4.5,
        "visible_bounds_offset": [
          0,
          1.75,
          0
        ]
      },
      "bones": [
        {
          "name": "magearna",
          "pivot": [
            -1,
            0,
            0
          ]
        },
        {
          "name": "body",
          "parent": "magearna",
          "pivot": [
            0,
            0,
            -0.5
          ]
        },
        {
          "name": "chest",
          "parent": "body",
          "pivot": [
            -1.5,
            15,
            0
          ],
          "cubes": [
            {
              "origin": [
                -1,
                25.75,
                -1.5
              ],
              "size": [
                2,
                3,
                2
              ],
              "uv": [
                56,
                84
              ]
            },
            {
              "origin": [
                -3,
                20.5,
                -3
              ],
              "size": [
                6,
                6,
                5
              ],
              "uv": [
                38,
                85
              ]
            },
            {
              "origin": [
                -3,
                23,
                -3
              ],
              "size": [
                6,
                1,
                0
              ],
              "inflate": 0.01,
              "uv": [
                43,
                83
              ]
            },
            {
              "origin": [
                -3,
                23,
                2
              ],
              "size": [
                6,
                1,
                0
              ],
              "inflate": 0.01,
              "uv": [
                43,
                83
              ]
            },
            {
              "origin": [
                3,
                23,
                -3
              ],
              "size": [
                0,
                1,
                5
              ],
              "inflate": 0.01,
              "uv": [
                44,
                77
              ]
            },
            {
              "origin": [
                -3,
                23,
                -3
              ],
              "size": [
                0,
                1,
                5
              ],
              "inflate": 0.01,
              "uv": [
                44,
                77
              ],
              "mirror": true
            },
            {
              "origin": [
                -1.5,
                22,
                -3
              ],
              "size": [
                3,
                3,
                0
              ],
              "inflate": 0.015,
              "uv": [
                38,
                79
              ]
            },
            {
              "origin": [
                -1,
                22.5,
                -3
              ],
              "size": [
                2,
                2,
                0
              ],
              "inflate": 0.02,
              "uv": [
                38,
                87
              ]
            },
            {
              "origin": [
                -0.5,
                21,
                -3
              ],
              "size": [
                1,
                1,
                0
              ],
              "inflate": 0.02,
              "pivot": [
                0,
                21.5,
                -3
              ],
              "rotation": [
                0,
                0,
                45
              ],
              "uv": [
                103,
                76
              ]
            },
            {
              "origin": [
                -0.5,
                25,
                -3
              ],
              "size": [
                1,
                1,
                0
              ],
              "inflate": 0.02,
              "pivot": [
                0,
                25.5,
                -3
              ],
              "rotation": [
                0,
                0,
                45
              ],
              "uv": [
                103,
                74
              ]
            }
          ]
        },
        {
          "name": "head",
          "parent": "chest",
          "pivot": [
            0,
            28.41928,
            -0.67957
          ],
          "cubes": [
            {
              "origin": [
                -4,
                28.25,
                -2.5
              ],
              "size": [
                8,
                7,
                4
              ],
              "uv": [
                79,
                61
              ]
            },
            {
              "origin": [
                -1.5,
                32.5,
                -0.75
              ],
              "size": [
                3,
                4,
                3
              ],
              "pivot": [
                0,
                31.75,
                -0.5
              ],
              "rotation": [
                -12.5,
                0,
                0
              ],
              "uv": [
                68,
                20
              ]
            },
            {
              "origin": [
                -3.5,
                30.75,
                0.75
              ],
              "size": [
                7,
                3,
                4
              ],
              "inflate": 0.1,
              "pivot": [
                0,
                31.75,
                3
              ],
              "rotation": [
                -17.5,
                0,
                0
              ],
              "uv": [
                104,
                20
              ]
            },
            {
              "origin": [
                -3.5,
                29.75,
                -0.25
              ],
              "size": [
                7,
                3,
                4
              ],
              "pivot": [
                0,
                31.75,
                3
              ],
              "rotation": [
                22.5,
                0,
                0
              ],
              "uv": [
                81,
                20
              ]
            },
            {
              "origin": [
                -4.5,
                28.75,
                -1.5
              ],
              "size": [
                9,
                7,
                2
              ],
              "uv": [
                104,
                63
              ]
            },
            {
              "origin": [
                -4.25,
                28.5,
                -1.5
              ],
              "size": [
                2,
                2,
                2
              ],
              "inflate": 0.01,
              "pivot": [
                -4.75,
                28.25,
                -0.5
              ],
              "rotation": [
                0,
                0,
                -32.5
              ],
              "uv": [
                118,
                89
              ]
            },
            {
              "origin": [
                -6.25,
                34.5,
                -1.5
              ],
              "size": [
                2,
                2,
                2
              ],
              "inflate": 0.01,
              "pivot": [
                -4.25,
                33.75,
                -0.5
              ],
              "rotation": [
                0,
                0,
                45
              ],
              "uv": [
                118,
                79
              ]
            },
            {
              "origin": [
                -6,
                32,
                -1.5
              ],
              "size": [
                2,
                2,
                2
              ],
              "inflate": 0.01,
              "uv": [
                118,
                84
              ]
            },
            {
              "origin": [
                4,
                32,
                -1.5
              ],
              "size": [
                2,
                2,
                2
              ],
              "inflate": 0.01,
              "uv": [
                109,
                84
              ]
            },
            {
              "origin": [
                4.25,
                34.5,
                -1.5
              ],
              "size": [
                2,
                2,
                2
              ],
              "inflate": 0.01,
              "pivot": [
                4.25,
                33.75,
                -0.5
              ],
              "rotation": [
                0,
                0,
                -45
              ],
              "uv": [
                109,
                89
              ]
            },
            {
              "origin": [
                2.25,
                28.5,
                -1.5
              ],
              "size": [
                2,
                2,
                2
              ],
              "inflate": 0.01,
              "pivot": [
                4.75,
                28.25,
                -0.5
              ],
              "rotation": [
                0,
                0,
                32.5
              ],
              "uv": [
                109,
                79
              ]
            },
            {
              "origin": [
                -1.5,
                34.5,
                -1.5
              ],
              "size": [
                3,
                3,
                2
              ],
              "inflate": 0.01,
              "uv": [
                112,
                73
              ]
            },
            {
              "origin": [
                -0.5,
                30.25,
                -2.5
              ],
              "size": [
                1,
                1,
                0
              ],
              "inflate": 0.01,
              "pivot": [
                0,
                30.75,
                -2.5
              ],
              "rotation": [
                -2.5,
                0,
                0
              ],
              "uv": [
                106,
                74
              ]
            }
          ]
        },
        {
          "name": "mouth_closed",
          "parent": "head",
          "pivot": [
            0,
            29,
            -2.5
          ],
          "cubes": [
            {
              "origin": [
                -0.5,
                28.5,
                -2.5
              ],
              "size": [
                1,
                1,
                0
              ],
              "inflate": 0.01,
              "uv": [
                106,
                76
              ]
            }
          ]
        },
        {
          "name": "mouth_happy",
          "parent": "head",
          "pivot": [
            0,
            29.14241,
            -1.5
          ],
          "cubes": [
            {
              "origin": [
                -0.5,
                28.8,
                -1.5
              ],
              "size": [
                1,
                1,
                0
              ],
              "inflate": 0.011,
              "uv": [
                0,
                5
              ]
            },
            {
              "origin": [
                -0.7,
                28.37,
                -1.5
              ],
              "size": [
                1,
                1,
                0
              ],
              "inflate": 0.008,
              "uv": [
                0,
                2
              ]
            },
            {
              "origin": [
                -0.3,
                28.37,
                -1.5
              ],
              "size": [
                1,
                1,
                0
              ],
              "inflate": 0.007,
              "uv": [
                0,
                2
              ]
            },
            {
              "origin": [
                -1.2,
                28.57,
                -1.5
              ],
              "size": [
                1,
                1,
                0
              ],
              "inflate": 0.01,
              "pivot": [
                -0.7,
                29.1,
                -1.5
              ],
              "rotation": [
                0,
                0,
                44
              ],
              "uv": [
                0,
                4
              ]
            },
            {
              "origin": [
                -1.3,
                28.9,
                -1.5
              ],
              "size": [
                1,
                1,
                0
              ],
              "inflate": 0.01,
              "pivot": [
                -0.8,
                29.4,
                -1.5
              ],
              "rotation": [
                0,
                0,
                15
              ],
              "uv": [
                0,
                5
              ]
            },
            {
              "origin": [
                0.3,
                28.9,
                -1.5
              ],
              "size": [
                1,
                1,
                0
              ],
              "inflate": 0.01,
              "pivot": [
                0.8,
                29.4,
                -1.5
              ],
              "rotation": [
                0,
                0,
                -15
              ],
              "uv": [
                0,
                5
              ]
            },
            {
              "origin": [
                0.2,
                28.57,
                -1.5
              ],
              "size": [
                1,
                1,
                0
              ],
              "inflate": 0.01,
              "pivot": [
                0.7,
                29.1,
                -1.5
              ],
              "rotation": [
                0,
                0,
                -44
              ],
              "uv": [
                0,
                4
              ],
              "mirror": true
            }
          ]
        },
        {
          "name": "left_ear",
          "parent": "head",
          "pivot": [
            -1.5,
            35.5,
            2.25
          ],
          "rotation": [
            -1.52694,
            -2.40447,
            14.83371
          ],
          "cubes": [
            {
              "origin": [
                -17.33608,
                34.48867,
                1.7424
              ],
              "size": [
                16,
                8,
                0
              ],
              "uv": [
                32,
                39
              ]
            }
          ]
        },
        {
          "name": "right_ear",
          "parent": "head",
          "pivot": [
            1.5,
            35.5,
            2.25
          ],
          "rotation": [
            -1.52694,
            2.40447,
            -14.83371
          ],
          "cubes": [
            {
              "origin": [
                1.33608,
                34.48867,
                1.7424
              ],
              "size": [
                16,
                8,
                0
              ],
              "uv": [
                32,
                30
              ],
              "mirror": true
            }
          ]
        },
        {
          "name": "right_eye",
          "parent": "head",
          "pivot": [
            3.25,
            32.5,
            -2
          ],
          "cubes": [
            {
              "origin": [
                0.5,
                29.75,
                -2.55
              ],
              "size": [
                3,
                4,
                0
              ],
              "inflate": 0.015,
              "pivot": [
                3.25,
                16,
                -1.5
              ],
              "rotation": [
                0,
                0,
                2.5
              ],
              "uv": [
                59,
                59
              ]
            },
            {
              "origin": [
                1.75,
                31,
                -2.33
              ],
              "size": [
                2,
                3,
                0
              ],
              "inflate": 0.2,
              "pivot": [
                3.25,
                16,
                -1.5
              ],
              "rotation": [
                0,
                0,
                2.5
              ],
              "uv": [
                59,
                73
              ]
            },
            {
              "origin": [
                1.25,
                33.75,
                -2.5
              ],
              "size": [
                1,
                3,
                0
              ],
              "inflate": 0.01,
              "pivot": [
                3.25,
                16,
                -1.5
              ],
              "rotation": [
                0,
                0,
                2.5
              ],
              "uv": [
                64,
                73
              ]
            },
            {
              "origin": [
                4.30601,
                32.93877,
                -2.5
              ],
              "size": [
                1,
                3,
                0
              ],
              "inflate": 0.01,
              "pivot": [
                5.05601,
                34.43877,
                -2.5
              ],
              "rotation": [
                3.31914,
                14.63639,
                15.42638
              ],
              "uv": [
                67,
                73
              ]
            }
          ]
        },
        {
          "name": "right_pupil",
          "parent": "right_eye",
          "pivot": [
            2.75,
            32.5,
            -2
          ],
          "rotation": [
            0,
            0,
            -7.5
          ],
          "cubes": [
            {
              "origin": [
                1.25,
                30,
                -2.6
              ],
              "size": [
                2,
                3,
                0
              ],
              "inflate": 0.02,
              "pivot": [
                2.25,
                32,
                -2.6
              ],
              "rotation": [
                0,
                0,
                5
              ],
              "uv": [
                59,
                64
              ]
            },
            {
              "origin": [
                1.75547,
                30.48011,
                -2.7
              ],
              "size": [
                1,
                2,
                0
              ],
              "inflate": 0.02,
              "pivot": [
                2.25547,
                31.48011,
                -2.7
              ],
              "rotation": [
                0,
                0,
                5
              ],
              "uv": [
                59,
                68
              ]
            }
          ]
        },
        {
          "name": "right_blink",
          "parent": "right_pupil",
          "pivot": [
            2.75,
            32.5,
            -2
          ],
          "cubes": [
            {
              "origin": [
                1,
                31,
                -2
              ],
              "size": [
                3,
                1,
                0
              ],
              "uv": [
                62,
                71
              ]
            }
          ]
        },
        {
          "name": "right_happy",
          "parent": "right_pupil",
          "pivot": [
            1.71189,
            31.28202,
            -1.7
          ],
          "rotation": [
            0,
            0,
            5
          ],
          "cubes": [
            {
              "origin": [
                2.95547,
                31.28011,
                -1.7
              ],
              "size": [
                1,
                1,
                0
              ],
              "inflate": 0.02,
              "pivot": [
                1.65547,
                32.28011,
                -1.7
              ],
              "rotation": [
                0,
                0,
                5
              ],
              "uv": [
                1,
                68
              ]
            },
            {
              "origin": [
                1.65547,
                31.98011,
                -1.7
              ],
              "size": [
                1,
                1,
                0
              ],
              "inflate": 0.02,
              "pivot": [
                2.15547,
                33.18011,
                -1.7
              ],
              "rotation": [
                0,
                0,
                5
              ],
              "uv": [
                1,
                68
              ]
            },
            {
              "origin": [
                1.15547,
                31.28011,
                -1.7
              ],
              "size": [
                1,
                1,
                0
              ],
              "inflate": 0.02,
              "pivot": [
                1.65547,
                32.28011,
                -1.7
              ],
              "rotation": [
                0,
                0,
                5
              ],
              "uv": [
                1,
                68
              ]
            },
            {
              "origin": [
                2.65547,
                31.98011,
                -1.7
              ],
              "size": [
                1,
                1,
                0
              ],
              "inflate": 0.02,
              "pivot": [
                2.15547,
                33.18011,
                -1.7
              ],
              "rotation": [
                0,
                0,
                5
              ],
              "uv": [
                1,
                68
              ]
            }
          ]
        },
        {
          "name": "left_eye",
          "parent": "head",
          "pivot": [
            -3.25,
            32.5,
            -2
          ],
          "cubes": [
            {
              "origin": [
                -3.5,
                29.75,
                -2.55
              ],
              "size": [
                3,
                4,
                0
              ],
              "inflate": 0.015,
              "pivot": [
                -3.25,
                16,
                -1.5
              ],
              "rotation": [
                0,
                0,
                -2.5
              ],
              "uv": [
                1,
                59
              ],
              "mirror": true
            },
            {
              "origin": [
                -3.75,
                31,
                -2.33
              ],
              "size": [
                2,
                3,
                0
              ],
              "inflate": 0.2,
              "pivot": [
                -3.25,
                16,
                -1.5
              ],
              "rotation": [
                0,
                0,
                -2.5
              ],
              "uv": [
                1,
                73
              ],
              "mirror": true
            },
            {
              "origin": [
                -2.25,
                33.75,
                -2.5
              ],
              "size": [
                1,
                3,
                0
              ],
              "inflate": 0.01,
              "pivot": [
                -3.25,
                16,
                -1.5
              ],
              "rotation": [
                0,
                0,
                -2.5
              ],
              "uv": [
                6,
                73
              ],
              "mirror": true
            },
            {
              "origin": [
                -5.30601,
                32.93877,
                -2.5
              ],
              "size": [
                1,
                3,
                0
              ],
              "inflate": 0.01,
              "pivot": [
                -5.05601,
                34.43877,
                -2.5
              ],
              "rotation": [
                3.31914,
                -14.63639,
                -15.42638
              ],
              "uv": [
                9,
                73
              ],
              "mirror": true
            }
          ]
        },
        {
          "name": "left_pupil",
          "parent": "left_eye",
          "pivot": [
            -2.75,
            32.5,
            -2
          ],
          "rotation": [
            0,
            0,
            7.5
          ],
          "cubes": [
            {
              "origin": [
                -3.25,
                30,
                -2.6
              ],
              "size": [
                2,
                3,
                0
              ],
              "inflate": 0.02,
              "pivot": [
                -2.25,
                32,
                -2.6
              ],
              "rotation": [
                0,
                0,
                -5
              ],
              "uv": [
                1,
                64
              ],
              "mirror": true
            },
            {
              "origin": [
                -2.75547,
                30.48011,
                -2.7
              ],
              "size": [
                1,
                2,
                0
              ],
              "inflate": 0.02,
              "pivot": [
                -2.25547,
                31.48011,
                -2.7
              ],
              "rotation": [
                0,
                0,
                -5
              ],
              "uv": [
                1,
                68
              ],
              "mirror": true
            }
          ]
        },
        {
          "name": "left_blink",
          "parent": "left_pupil",
          "pivot": [
            -2.75,
            32.5,
            -2
          ],
          "cubes": [
            {
              "origin": [
                -4,
                31,
                -2
              ],
              "size": [
                3,
                1,
                0
              ],
              "uv": [
                4,
                71
              ],
              "mirror": true
            }
          ]
        },
        {
          "name": "left_happy",
          "parent": "left_pupil",
          "pivot": [
            -1.71189,
            31.28202,
            -1.7
          ],
          "rotation": [
            0,
            0,
            -5
          ],
          "cubes": [
            {
              "origin": [
                -2.15547,
                31.28011,
                -1.7
              ],
              "size": [
                1,
                1,
                0
              ],
              "inflate": 0.02,
              "pivot": [
                -1.65547,
                32.28011,
                -1.7
              ],
              "rotation": [
                0,
                0,
                -5
              ],
              "uv": [
                1,
                68
              ],
              "mirror": true
            },
            {
              "origin": [
                -3.95547,
                31.28011,
                -1.7
              ],
              "size": [
                1,
                1,
                0
              ],
              "inflate": 0.02,
              "pivot": [
                -1.65547,
                32.28011,
                -1.7
              ],
              "rotation": [
                0,
                0,
                -5
              ],
              "uv": [
                1,
                68
              ],
              "mirror": true
            },
            {
              "origin": [
                -2.65547,
                31.98011,
                -1.7
              ],
              "size": [
                1,
                1,
                0
              ],
              "inflate": 0.02,
              "pivot": [
                -2.15547,
                33.18011,
                -1.7
              ],
              "rotation": [
                0,
                0,
                -5
              ],
              "uv": [
                1,
                68
              ],
              "mirror": true
            },
            {
              "origin": [
                -3.65547,
                31.98011,
                -1.7
              ],
              "size": [
                1,
                1,
                0
              ],
              "inflate": 0.02,
              "pivot": [
                -2.15547,
                33.18011,
                -1.7
              ],
              "rotation": [
                0,
                0,
                -5
              ],
              "uv": [
                1,
                68
              ],
              "mirror": true
            }
          ]
        },
        {
          "name": "arm_left",
          "parent": "chest",
          "pivot": [
            -3,
            26,
            0
          ],
          "cubes": [
            {
              "origin": [
                -7,
                24,
                -2.5
              ],
              "size": [
                4,
                4,
                4
              ],
              "pivot": [
                -4.5,
                26,
                -0.5
              ],
              "rotation": [
                45,
                0,
                0
              ],
              "uv": [
                1,
                40
              ]
            }
          ]
        },
        {
          "name": "arm_left2",
          "parent": "arm_left",
          "pivot": [
            -7,
            26,
            0
          ],
          "cubes": [
            {
              "origin": [
                -11.25,
                25.5,
                -1
              ],
              "size": [
                5,
                1,
                1
              ],
              "uv": [
                1,
                34
              ]
            }
          ]
        },
        {
          "name": "arm_left3",
          "parent": "arm_left2",
          "pivot": [
            -10.5,
            26,
            0
          ],
          "cubes": [
            {
              "origin": [
                -13,
                24.5,
                -2
              ],
              "size": [
                3,
                3,
                3
              ],
              "pivot": [
                -11.5,
                26,
                -0.5
              ],
              "rotation": [
                45,
                0,
                0
              ],
              "uv": [
                18,
                41
              ]
            },
            {
              "origin": [
                -17.5,
                25,
                -1.5
              ],
              "size": [
                5,
                2,
                2
              ],
              "uv": [
                18,
                53
              ]
            }
          ]
        },
        {
          "name": "arm_right",
          "parent": "chest",
          "pivot": [
            3,
            26,
            0
          ],
          "cubes": [
            {
              "origin": [
                3,
                24,
                -2.5
              ],
              "size": [
                4,
                4,
                4
              ],
              "pivot": [
                4.5,
                26,
                -0.5
              ],
              "rotation": [
                45,
                0,
                0
              ],
              "uv": [
                1,
                40
              ],
              "mirror": true
            }
          ]
        },
        {
          "name": "arm_right2",
          "parent": "arm_right",
          "pivot": [
            7,
            26,
            0
          ],
          "cubes": [
            {
              "origin": [
                6.25,
                25.5,
                -1
              ],
              "size": [
                5,
                1,
                1
              ],
              "uv": [
                1,
                34
              ],
              "mirror": true
            }
          ]
        },
        {
          "name": "arm_right3",
          "parent": "arm_right2",
          "pivot": [
            10.5,
            26,
            0
          ],
          "cubes": [
            {
              "origin": [
                10,
                24.5,
                -2
              ],
              "size": [
                3,
                3,
                3
              ],
              "pivot": [
                11.5,
                26,
                -0.5
              ],
              "rotation": [
                45,
                0,
                0
              ],
              "uv": [
                18,
                41
              ],
              "mirror": true
            },
            {
              "origin": [
                12.5,
                25,
                -1.5
              ],
              "size": [
                5,
                2,
                2
              ],
              "uv": [
                18,
                53
              ],
              "mirror": true
            }
          ]
        },
        {
          "name": "dress",
          "parent": "body",
          "pivot": [
            -1,
            15.75,
            0
          ],
          "cubes": [
            {
              "origin": [
                -6,
                10.75,
                -6.5
              ],
              "size": [
                12,
                2,
                12
              ],
              "uv": [
                19,
                11
              ]
            },
            {
              "origin": [
                -5,
                20.75,
                -5.5
              ],
              "size": [
                10,
                0,
                10
              ],
              "inflate": 0.01,
              "uv": [
                96,
                37
              ],
              "mirror": true
            },
            {
              "origin": [
                -8.5,
                15.75,
                -9
              ],
              "size": [
                17,
                5,
                17
              ],
              "uv": [
                0,
                133
              ]
            },
            {
              "origin": [
                -10,
                11.25,
                -10.5
              ],
              "size": [
                20,
                5,
                20
              ],
              "uv": [
                45,
                32
              ]
            },
            {
              "origin": [
                -2.5,
                8.75,
                -11
              ],
              "size": [
                5,
                5,
                2
              ],
              "uv": [
                111,
                94
              ]
            },
            {
              "origin": [
                -3,
                8.25,
                -11.25
              ],
              "size": [
                6,
                6,
                2
              ],
              "inflate": 0.01,
              "uv": [
                110,
                102
              ]
            },
            {
              "origin": [
                -3,
                8.25,
                8.25
              ],
              "size": [
                6,
                6,
                2
              ],
              "inflate": 0.01,
              "uv": [
                110,
                119
              ]
            },
            {
              "origin": [
                -2.5,
                8.75,
                7.75
              ],
              "size": [
                5,
                5,
                2
              ],
              "uv": [
                111,
                111
              ]
            }
          ]
        },
        {
          "name": "right_lower_dress",
          "parent": "dress",
          "pivot": [
            2,
            11.5,
            0.5
          ],
          "cubes": [
            {
              "origin": [
                8.75,
                3,
                -10
              ],
              "size": [
                1,
                9,
                19
              ],
              "uv": [
                56,
                99
              ],
              "mirror": true
            },
            {
              "origin": [
                -0.25,
                3,
                9
              ],
              "size": [
                9,
                9,
                0
              ],
              "uv": [
                56,
                99
              ]
            },
            {
              "origin": [
                -0.25,
                3,
                -10
              ],
              "size": [
                9,
                9,
                0
              ],
              "uv": [
                78,
                99
              ]
            }
          ]
        },
        {
          "name": "right_lower_dress2",
          "parent": "right_lower_dress",
          "pivot": [
            2,
            11.75,
            0.5
          ],
          "cubes": [
            {
              "origin": [
                0.75,
                7.8,
                -9.5
              ],
              "size": [
                9,
                8,
                0
              ],
              "inflate": 0.01,
              "pivot": [
                4.25,
                8.3,
                -9.5
              ],
              "rotation": [
                2.5,
                0,
                0
              ],
              "uv": [
                56,
                109
              ]
            },
            {
              "origin": [
                0.75,
                7.8,
                8.5
              ],
              "size": [
                9,
                8,
                0
              ],
              "inflate": 0.01,
              "uv": [
                78,
                109
              ]
            }
          ]
        },
        {
          "name": "bone2",
          "parent": "right_lower_dress2",
          "pivot": [
            0,
            0,
            0
          ],
          "cubes": [
            {
              "origin": [
                0.75,
                11.25,
                -9.5
              ],
              "size": [
                9,
                1,
                18
              ],
              "inflate": 0.01,
              "uv": [
                56,
                79
              ],
              "mirror": true
            }
          ]
        },
        {
          "name": "left_lower_dress",
          "parent": "dress",
          "pivot": [
            -2,
            11.5,
            0.5
          ],
          "cubes": [
            {
              "origin": [
                -9.75,
                3,
                -10
              ],
              "size": [
                1,
                9,
                19
              ],
              "uv": [
                1,
                99
              ]
            },
            {
              "origin": [
                -8.75,
                3,
                9
              ],
              "size": [
                9,
                9,
                0
              ],
              "uv": [
                1,
                99
              ],
              "mirror": true
            },
            {
              "origin": [
                -8.75,
                3,
                -10
              ],
              "size": [
                9,
                9,
                0
              ],
              "uv": [
                23,
                99
              ],
              "mirror": true
            }
          ]
        },
        {
          "name": "left_lower_dress2",
          "parent": "left_lower_dress",
          "pivot": [
            -2,
            11.75,
            0.5
          ],
          "cubes": [
            {
              "origin": [
                -9.75,
                7.8,
                -9.5
              ],
              "size": [
                9,
                8,
                0
              ],
              "inflate": 0.01,
              "pivot": [
                -4.25,
                8.3,
                -9.5
              ],
              "rotation": [
                2.5,
                0,
                0
              ],
              "uv": [
                1,
                109
              ],
              "mirror": true
            },
            {
              "origin": [
                -9.75,
                7.8,
                8.5
              ],
              "size": [
                9,
                8,
                0
              ],
              "inflate": 0.01,
              "uv": [
                23,
                109
              ],
              "mirror": true
            }
          ]
        },
        {
          "name": "bone",
          "parent": "left_lower_dress2",
          "pivot": [
            0,
            0,
            0
          ],
          "cubes": [
            {
              "origin": [
                -9.75,
                11.25,
                -9.5
              ],
              "size": [
                9,
                1,
                18
              ],
              "inflate": 0.01,
              "uv": [
                1,
                79
              ]
            }
          ]
        },
        {
          "name": "legs",
          "parent": "body",
          "pivot": [
            -1,
            16.5,
            -0.5
          ]
        },
        {
          "name": "right_leg",
          "parent": "legs",
          "pivot": [
            3,
            12.5,
            -0.5
          ],
          "cubes": [
            {
              "origin": [
                1.5,
                6.5,
                -2
              ],
              "size": [
                3,
                5,
                3
              ],
              "uv": [
                97,
                104
              ],
              "mirror": true
            }
          ]
        },
        {
          "name": "right_leg2",
          "parent": "right_leg",
          "pivot": [
            3,
            6.66667,
            -0.5
          ],
          "cubes": [
            {
              "origin": [
                2,
                0,
                -1.5
              ],
              "size": [
                2,
                7,
                2
              ],
              "uv": [
                99,
                118
              ],
              "mirror": true
            },
            {
              "origin": [
                1.5,
                3.5,
                -2
              ],
              "size": [
                3,
                1,
                3
              ],
              "uv": [
                97,
                113
              ],
              "mirror": true
            }
          ]
        },
        {
          "name": "left_leg",
          "parent": "legs",
          "pivot": [
            -3,
            12.5,
            -0.5
          ],
          "cubes": [
            {
              "origin": [
                -4.5,
                6.5,
                -2
              ],
              "size": [
                3,
                5,
                3
              ],
              "uv": [
                42,
                104
              ]
            }
          ]
        },
        {
          "name": "left_leg2",
          "parent": "left_leg",
          "pivot": [
            -3,
            6.66667,
            -0.5
          ],
          "cubes": [
            {
              "origin": [
                -4,
                0,
                -1.5
              ],
              "size": [
                2,
                7,
                2
              ],
              "uv": [
                44,
                118
              ]
            },
            {
              "origin": [
                -4.5,
                3.5,
                -2
              ],
              "size": [
                3,
                1,
                3
              ],
              "uv": [
                42,
                113
              ]
            }
          ]
        }
      ]
    }
  ]
}