{
  "portraitScale": 1.85,
  "portraitTranslation": [
    -0.365,
    0.1,
    0
  ],
  "profileScale": 0.59,
  "profileTranslation": [
    0,
    0.87,
    0
  ],
  "animations": {
    "faint": "q.bedrock_primary('helioptile', 'faint', q.curve('one'))",
    "cry": "q.bedrock_stateful('helioptile', 'cry', q.curve('symmetrical_wide'))",
    "recoil": "q.bedrock_stateful('helioptile', 'recoil')",
    "physical": "q.bedrock_primary('helioptile', 'physical', q.curve('symmetrical_wide'))",
    "special": "q.bedrock_primary('helioptile', 'special', q.curve('symmetrical_wide'))",
    "status": "q.bedrock_primary('helioptile', 'status', q.curve('symmetrical_wide'))"
  },
  "poses": {
    "battle-standing": {
      "poseTypes": [
        "STAND"
      ],
      "isBattle": true,
      "animations": [
        "q.bedrock('helioptile', 'ground_open')"
      ]
    },
    "standing": {
      "poseTypes": [
        "STAND",
        "NONE",
        "PORTRAIT",
        "FLOAT",
        "PROFILE"
      ],
      "isBattle": false,
      "animations": [
        "q.bedrock('helioptile', 'ground_closed')"
      ]
    },
    "walking": {
      "poseTypes": [
        "WALK",
        "SWIM"
      ],
      "animations": [
        "q.bedrock('helioptile', 'ground_closed')"
      ]
    }
  }
}