{
  "format_version": "1.12.0",
  "minecraft:geometry": [
    {
      "description": {
        "identifier": "geometry.carbink",
        "texture_width": 64,
        "texture_height": 64,
        "visible_bounds_width": 5,
        "visible_bounds_height": 3.5,
        "visible_bounds_offset": [
          0,
          1.25,
          0
        ]
      },
      "bones": [
        {
          "name": "carbink",
          "pivot": [
            0,
            0,
            0
          ]
        },
        {
          "name": "body",
          "parent": "carbink",
          "pivot": [
            0,
            11.425,
            0
          ]
        },
        {
          "name": "torso",
          "parent": "body",
          "pivot": [
            0,
            5.425,
            0
          ],
          "cubes": [
            {
              "origin": [
                -5,
                8.25,
                -5
              ],
              "size": [
                10,
                4,
                10
              ],
              "pivot": [
                0,
                10.25,
                0
              ],
              "rotation": [
                0,
                -45,
                0
              ],
              "uv": [
                12,
                50
              ]
            },
            {
              "origin": [
                1.20208,
                11.15,
                -1.79792
              ],
              "size": [
                3,
                2,
                6
              ],
              "pivot": [
                1.20208,
                12.15,
                1.20208
              ],
              "rotation": [
                9.8511,
                -44.136,
                -14.0019
              ],
              "uv": [
                45,
                42
              ]
            },
            {
              "origin": [
                1.20208,
                11.15,
                -4.20208
              ],
              "size": [
                3,
                2,
                6
              ],
              "pivot": [
                1.20208,
                12.15,
                -1.20208
              ],
              "rotation": [
                -9.8511,
                44.136,
                -14.0019
              ],
              "uv": [
                45,
                51
              ]
            },
            {
              "origin": [
                -1.20208,
                11.15,
                -4.20208
              ],
              "size": [
                3,
                2,
                6
              ],
              "pivot": [
                -1.20208,
                12.15,
                -1.20208
              ],
              "rotation": [
                -170.1489,
                44.136,
                -165.9981
              ],
              "uv": [
                1,
                51
              ]
            },
            {
              "origin": [
                -1.20208,
                11.15,
                -1.79792
              ],
              "size": [
                3,
                2,
                6
              ],
              "pivot": [
                -1.20208,
                12.15,
                1.20208
              ],
              "rotation": [
                170.1489,
                -44.136,
                -165.9981
              ],
              "uv": [
                1,
                42
              ]
            },
            {
              "origin": [
                -4,
                5.25,
                -4
              ],
              "size": [
                8,
                3,
                8
              ],
              "pivot": [
                0,
                6.25,
                0
              ],
              "rotation": [
                0,
                -45,
                0
              ],
              "uv": [
                16,
                36
              ]
            },
            {
              "origin": [
                -2.75,
                4.25,
                -2
              ],
              "size": [
                4,
                1,
                4
              ],
              "pivot": [
                -0.75,
                6.25,
                0
              ],
              "rotation": [
                0,
                -45,
                0
              ],
              "uv": [
                46,
                30
              ]
            },
            {
              "origin": [
                -4.08579,
                7.25,
                -4
              ],
              "size": [
                2,
                3,
                3
              ],
              "pivot": [
                -3.08579,
                8.25,
                -3
              ],
              "rotation": [
                7.5,
                -45,
                0
              ],
              "uv": [
                5,
                29
              ]
            },
            {
              "origin": [
                2.91421,
                9.25,
                -3.5
              ],
              "size": [
                2,
                2,
                2
              ],
              "pivot": [
                3.91421,
                10.25,
                -2.5
              ],
              "rotation": [
                -45,
                0,
                90
              ],
              "uv": [
                6,
                24
              ]
            },
            {
              "origin": [
                -2.33579,
                7.25,
                3.75
              ],
              "size": [
                2,
                2,
                2
              ],
              "pivot": [
                -1.33579,
                8.25,
                4.75
              ],
              "rotation": [
                -45,
                0,
                90
              ],
              "uv": [
                6,
                19
              ]
            },
            {
              "origin": [
                -2,
                3.25,
                -2
              ],
              "size": [
                4,
                2,
                4
              ],
              "pivot": [
                0,
                5.425,
                0
              ],
              "rotation": [
                0,
                -45,
                0
              ],
              "uv": [
                24,
                28
              ]
            }
          ]
        },
        {
          "name": "head",
          "parent": "body",
          "pivot": [
            0,
            13.9,
            0
          ],
          "cubes": [
            {
              "origin": [
                -3,
                11.9,
                -3
              ],
              "size": [
                6,
                4,
                6
              ],
              "uv": [
                20,
                18
              ]
            },
            {
              "origin": [
                -2,
                13.91421,
                -1.5
              ],
              "size": [
                4,
                4,
                3
              ],
              "pivot": [
                0,
                15.91421,
                0
              ],
              "rotation": [
                -90,
                -45,
                90
              ],
              "uv": [
                25,
                10
              ]
            }
          ]
        },
        {
          "name": "earL",
          "parent": "head",
          "pivot": [
            2.5,
            15.9,
            0
          ],
          "cubes": [
            {
              "origin": [
                2.5,
                14.9,
                0
              ],
              "size": [
                6,
                2,
                0
              ],
              "pivot": [
                5.5,
                15.9,
                0
              ],
              "rotation": [
                0,
                0,
                180
              ],
              "uv": [
                2,
                37
              ]
            }
          ]
        },
        {
          "name": "earR",
          "parent": "head",
          "pivot": [
            -2.5,
            15.9,
            0
          ],
          "cubes": [
            {
              "origin": [
                -8.5,
                14.9,
                0
              ],
              "size": [
                6,
                2,
                0
              ],
              "pivot": [
                -5.5,
                15.9,
                0
              ],
              "rotation": [
                0,
                0,
                0
              ],
              "uv": [
                46,
                37
              ],
              "mirror": true
            }
          ]
        },
        {
          "name": "eyeL",
          "parent": "head",
          "pivot": [
            1,
            14.9,
            -3
          ],
          "cubes": [
            {
              "origin": [
                1,
                12.9,
                -2.98
              ],
              "size": [
                1,
                2,
                0
              ],
              "inflate": 0.01,
              "uv": [
                22,
                20
              ]
            }
          ]
        },
        {
          "name": "eyeL2",
          "parent": "head",
          "pivot": [
            1,
            14.9,
            -3
          ],
          "cubes": [
            {
              "origin": [
                1,
                13.9,
                -2.98
              ],
              "size": [
                1,
                1,
                0
              ],
              "inflate": 0.01,
              "uv": [
                22,
                20
              ]
            }
          ]
        },
        {
          "name": "eyeR",
          "parent": "head",
          "pivot": [
            -2,
            14.9,
            -3
          ],
          "cubes": [
            {
              "origin": [
                -2,
                12.9,
                -2.98
              ],
              "size": [
                1,
                2,
                0
              ],
              "inflate": 0.01,
              "uv": [
                22,
                20
              ]
            }
          ]
        },
        {
          "name": "eyeR2",
          "parent": "head",
          "pivot": [
            -2,
            14.9,
            -3
          ],
          "cubes": [
            {
              "origin": [
                -2,
                13.9,
                -2.98
              ],
              "size": [
                1,
                1,
                0
              ],
              "inflate": 0.01,
              "uv": [
                22,
                20
              ]
            }
          ]
        }
      ]
    }
  ]
}