{
  "format_version": "1.12.0",
  "minecraft:geometry": [
    {
      "description": {
        "identifier": "geometry.carkol",
        "texture_width": 128,
        "texture_height": 128,
        "visible_bounds_width": 3,
        "visible_bounds_height": 2.5,
        "visible_bounds_offset": [
          0,
          0.75,
          0
        ]
      },
      "bones": [
        {
          "name": "carkol",
          "pivot": [
            0,
            0,
            0
          ]
        },
        {
          "name": "body",
          "parent": "carkol",
          "pivot": [
            0,
            0,
            0
          ]
        },
        {
          "name": "minecart",
          "parent": "body",
          "pivot": [
            -0.0625,
            7.0625,
            4.25
          ],
          "cubes": [
            {
              "origin": [
                -5,
                1.5,
                -6
              ],
              "size": [
                10,
                5,
                13
              ],
              "uv": [
                0,
                19
              ]
            },
            {
              "origin": [
                -6.5,
                5.5,
                -7
              ],
              "size": [
                13,
                4,
                15
              ],
              "uv": [
                0,
                0
              ]
            },
            {
              "origin": [
                0,
                4.5,
                7
              ],
              "size": [
                4,
                8,
                2
              ],
              "inflate": 0.02,
              "uv": [
                18,
                65
              ]
            },
            {
              "origin": [
                -4.25,
                5.25,
                7
              ],
              "size": [
                4,
                6,
                2
              ],
              "uv": [
                66,
                51
              ]
            }
          ]
        },
        {
          "name": "bone2",
          "parent": "minecart",
          "pivot": [
            -0.25,
            8.25,
            1
          ]
        },
        {
          "name": "bone11",
          "parent": "bone2",
          "pivot": [
            -1.5,
            13.25,
            2.75
          ],
          "cubes": [
            {
              "origin": [
                -5.5,
                9.25,
                -4.25
              ],
              "size": [
                11,
                3,
                11
              ],
              "uv": [
                0,
                37
              ]
            },
            {
              "origin": [
                -5.5,
                9.25,
                -4.25
              ],
              "size": [
                11,
                3,
                11
              ],
              "inflate": 0.25,
              "uv": [
                44,
                37
              ]
            }
          ]
        },
        {
          "name": "bone12",
          "parent": "bone11",
          "pivot": [
            0,
            12,
            -4
          ],
          "cubes": [
            {
              "origin": [
                -4.5,
                12.25,
                -3.75
              ],
              "size": [
                9,
                4,
                10
              ],
              "uv": [
                46,
                19
              ]
            },
            {
              "origin": [
                -4.5,
                12.25,
                -3.75
              ],
              "size": [
                9,
                4,
                10
              ],
              "inflate": 0.25,
              "uv": [
                0,
                51
              ]
            }
          ]
        },
        {
          "name": "bone14",
          "parent": "bone12",
          "pivot": [
            -0.25,
            16.25,
            -2.5
          ],
          "cubes": [
            {
              "origin": [
                -3.5,
                16.5,
                -2
              ],
              "size": [
                7,
                3,
                7
              ],
              "uv": [
                38,
                51
              ]
            },
            {
              "origin": [
                -3.5,
                16.5,
                -2
              ],
              "size": [
                7,
                3,
                7
              ],
              "inflate": 0.25,
              "uv": [
                56,
                0
              ]
            }
          ]
        },
        {
          "name": "bone13",
          "parent": "bone14",
          "pivot": [
            0,
            19.5,
            -0.75
          ],
          "cubes": [
            {
              "origin": [
                -2,
                19.75,
                -0.5
              ],
              "size": [
                4,
                3,
                5
              ],
              "uv": [
                56,
                10
              ]
            },
            {
              "origin": [
                -2,
                19.75,
                -0.5
              ],
              "size": [
                4,
                3,
                5
              ],
              "inflate": 0.25,
              "uv": [
                58,
                61
              ]
            }
          ]
        },
        {
          "name": "head",
          "parent": "minecart",
          "pivot": [
            -0.00417,
            11.24167,
            -2.41667
          ],
          "rotation": [
            12.5,
            0,
            0
          ],
          "cubes": [
            {
              "origin": [
                -2.5,
                11.25,
                -8.5
              ],
              "size": [
                5,
                1,
                6
              ],
              "uv": [
                0,
                83
              ]
            },
            {
              "origin": [
                2.2,
                10.25,
                -6.35
              ],
              "size": [
                0,
                1,
                1
              ],
              "uv": [
                36,
                65
              ]
            },
            {
              "origin": [
                -2.2,
                10.25,
                -6.35
              ],
              "size": [
                0,
                1,
                1
              ],
              "uv": [
                16,
                72
              ]
            },
            {
              "origin": [
                1.81548,
                10.24346,
                -8.2371
              ],
              "size": [
                0,
                1,
                1
              ],
              "pivot": [
                1.75,
                10.75,
                -7.6
              ],
              "rotation": [
                0,
                35,
                0
              ],
              "uv": [
                56,
                67
              ]
            },
            {
              "origin": [
                -1.81548,
                10.24346,
                -8.2371
              ],
              "size": [
                0,
                1,
                1
              ],
              "pivot": [
                -1.75,
                10.75,
                -7.6
              ],
              "rotation": [
                0,
                -35,
                0
              ],
              "uv": [
                12,
                72
              ]
            },
            {
              "origin": [
                -0.5,
                10.25436,
                -8.4001
              ],
              "size": [
                1,
                1,
                0
              ],
              "uv": [
                46,
                36
              ]
            },
            {
              "origin": [
                -2.5,
                10.25,
                -4.5
              ],
              "size": [
                5,
                1,
                2
              ],
              "uv": [
                46,
                33
              ]
            }
          ]
        },
        {
          "name": "bone9",
          "parent": "head",
          "pivot": [
            0,
            12.35,
            -2.375
          ],
          "rotation": [
            15,
            0,
            0
          ],
          "cubes": [
            {
              "origin": [
                -2,
                12.31334,
                -6.33447
              ],
              "size": [
                4,
                2,
                4
              ],
              "uv": [
                2,
                77
              ]
            }
          ]
        },
        {
          "name": "bone15",
          "parent": "bone9",
          "pivot": [
            0,
            14.31334,
            -6.33447
          ],
          "rotation": [
            15,
            0,
            0
          ],
          "cubes": [
            {
              "origin": [
                -2,
                13.31334,
                -8.33447
              ],
              "size": [
                4,
                1,
                2
              ],
              "uv": [
                0,
                90
              ]
            }
          ]
        },
        {
          "name": "bone16",
          "parent": "bone9",
          "pivot": [
            2.025,
            13.13589,
            -6.51269
          ],
          "rotation": [
            -10,
            0,
            0
          ],
          "cubes": [
            {
              "origin": [
                2.025,
                13.13589,
                -6.81269
              ],
              "size": [
                0,
                1,
                1
              ],
              "uv": [
                1,
                1
              ]
            }
          ]
        },
        {
          "name": "bone17",
          "parent": "bone9",
          "pivot": [
            -2,
            13.13589,
            -6.51269
          ],
          "rotation": [
            -10,
            0,
            0
          ],
          "cubes": [
            {
              "origin": [
                -2.025,
                13.13589,
                -6.81269
              ],
              "size": [
                0,
                1,
                1
              ],
              "uv": [
                1,
                1
              ]
            }
          ]
        },
        {
          "name": "bone3",
          "parent": "head",
          "pivot": [
            0,
            10.65,
            -3.525
          ],
          "rotation": [
            -6.75,
            0,
            0
          ],
          "cubes": [
            {
              "origin": [
                -2.5,
                9.65,
                -7.525
              ],
              "size": [
                5,
                1,
                5
              ],
              "inflate": 0.01,
              "uv": [
                38,
                61
              ]
            },
            {
              "origin": [
                -2,
                9.65,
                -8.525
              ],
              "size": [
                4,
                1,
                1
              ],
              "inflate": 0.01,
              "uv": [
                66,
                59
              ]
            },
            {
              "origin": [
                2.1,
                10.65,
                -7.375
              ],
              "size": [
                0,
                1,
                1
              ],
              "pivot": [
                2.1,
                11.15,
                -6.875
              ],
              "rotation": [
                0,
                10,
                0
              ],
              "uv": [
                6,
                72
              ]
            },
            {
              "origin": [
                -2.1,
                10.65,
                -7.375
              ],
              "size": [
                0,
                1,
                1
              ],
              "pivot": [
                -2.1,
                11.15,
                -6.875
              ],
              "rotation": [
                0,
                -10,
                0
              ],
              "uv": [
                14,
                72
              ]
            },
            {
              "origin": [
                2.225,
                10.65,
                -5.375
              ],
              "size": [
                0,
                1,
                1
              ],
              "uv": [
                8,
                72
              ]
            },
            {
              "origin": [
                -2.225,
                10.65,
                -5.375
              ],
              "size": [
                0,
                1,
                1
              ],
              "uv": [
                72,
                33
              ]
            },
            {
              "origin": [
                0.89849,
                10.65436,
                -8.88265
              ],
              "size": [
                0,
                1,
                1
              ],
              "pivot": [
                1,
                11.15,
                -8.4
              ],
              "rotation": [
                0,
                76.25,
                0
              ],
              "uv": [
                4,
                72
              ]
            },
            {
              "origin": [
                -0.89849,
                10.65436,
                -8.88265
              ],
              "size": [
                0,
                1,
                1
              ],
              "pivot": [
                -1,
                11.15,
                -8.4
              ],
              "rotation": [
                0,
                -76.25,
                0
              ],
              "uv": [
                10,
                72
              ]
            }
          ]
        },
        {
          "name": "bone20",
          "parent": "minecart",
          "pivot": [
            1.99583,
            11.24167,
            -2.81667
          ],
          "cubes": [
            {
              "origin": [
                1.99583,
                9.24167,
                -5.31667
              ],
              "size": [
                2,
                2,
                2
              ],
              "pivot": [
                2.99583,
                9.24167,
                -4.31667
              ],
              "rotation": [
                -22.5,
                0,
                30
              ],
              "uv": [
                120,
                0
              ]
            },
            {
              "origin": [
                -5.00417,
                9.24167,
                -3.06667
              ],
              "size": [
                2,
                2,
                2
              ],
              "pivot": [
                -4.00417,
                9.24167,
                -2.06667
              ],
              "rotation": [
                -22.5,
                0,
                30
              ],
              "uv": [
                120,
                0
              ]
            }
          ]
        },
        {
          "name": "bone18",
          "parent": "minecart",
          "pivot": [
            -0.00417,
            15.24167,
            -4.41667
          ],
          "cubes": [
            {
              "origin": [
                0.74583,
                13.24167,
                -4.41667
              ],
              "size": [
                2,
                2,
                2
              ],
              "pivot": [
                1.74583,
                13.24167,
                -3.41667
              ],
              "rotation": [
                -22.5,
                0,
                30
              ],
              "uv": [
                120,
                0
              ]
            }
          ]
        },
        {
          "name": "bone19",
          "parent": "minecart",
          "pivot": [
            -1.79223,
            13.60019,
            -3.2485
          ],
          "rotation": [
            -47.5,
            0,
            0
          ],
          "cubes": [
            {
              "origin": [
                -3.25417,
                12.80009,
                -4.63119
              ],
              "size": [
                2,
                2,
                2
              ],
              "pivot": [
                -2.25417,
                12.80009,
                -3.63119
              ],
              "rotation": [
                -22.5,
                0,
                30
              ],
              "uv": [
                120,
                0
              ]
            }
          ]
        },
        {
          "name": "bone",
          "parent": "body",
          "pivot": [
            5,
            2,
            -3.5
          ],
          "cubes": [
            {
              "origin": [
                5,
                0,
                -5
              ],
              "size": [
                2,
                4,
                3
              ],
              "uv": [
                30,
                67
              ]
            }
          ]
        },
        {
          "name": "bone4",
          "parent": "body",
          "pivot": [
            5,
            2,
            4.75
          ],
          "cubes": [
            {
              "origin": [
                5,
                0,
                3.25
              ],
              "size": [
                2,
                4,
                3
              ],
              "uv": [
                40,
                67
              ]
            }
          ]
        },
        {
          "name": "bone5",
          "parent": "body",
          "pivot": [
            -5,
            2,
            4.75
          ],
          "cubes": [
            {
              "origin": [
                -7,
                0,
                3.25
              ],
              "size": [
                2,
                4,
                3
              ],
              "uv": [
                50,
                69
              ]
            }
          ]
        },
        {
          "name": "bone6",
          "parent": "body",
          "pivot": [
            -5,
            2,
            -3.75
          ],
          "cubes": [
            {
              "origin": [
                -7,
                0,
                -5.25
              ],
              "size": [
                2,
                4,
                3
              ],
              "uv": [
                60,
                69
              ]
            }
          ]
        }
      ]
    }
  ]
}