{
  "format_version": "1.12.0",
  "minecraft:geometry": [
    {
      "description": {
        "identifier": "geometry.unknown",
        "texture_width": 128,
        "texture_height": 128,
        "visible_bounds_width": 4,
        "visible_bounds_height": 5,
        "visible_bounds_offset": [
          0,
          1.5,
          0
        ]
      },
      "bones": [
        {
          "name": "aromatisse",
          "pivot": [
            0,
            0,
            0
          ]
        },
        {
          "name": "torso",
          "parent": "aromatisse",
          "pivot": [
            0,
            14.5,
            1.5
          ],
          "cubes": [
            {
              "origin": [
                -9.5,
                9,
                -6
              ],
              "size": [
                19,
                11,
                15
              ],
              "uv": [
                0,
                0
              ]
            }
          ]
        },
        {
          "name": "top_decor",
          "parent": "torso",
          "pivot": [
            0,
            0,
            0
          ]
        },
        {
          "name": "top_decor1",
          "parent": "top_decor",
          "pivot": [
            5.13401,
            11.22826,
            8.59369
          ],
          "cubes": [
            {
              "origin": [
                3.5,
                10,
                8
              ],
              "size": [
                4,
                0,
                5
              ],
              "pivot": [
                3.5,
                10,
                11.5
              ],
              "rotation": [
                -25,
                0,
                -25
              ],
              "uv": [
                85,
                60
              ]
            }
          ]
        },
        {
          "name": "top_decor2",
          "parent": "top_decor",
          "pivot": [
            -9.5,
            19,
            1.5
          ],
          "cubes": [
            {
              "origin": [
                -15.5,
                19,
                -2
              ],
              "size": [
                6,
                0,
                7
              ],
              "pivot": [
                -9.5,
                19,
                1.5
              ],
              "rotation": [
                42.5,
                0,
                0
              ],
              "uv": [
                0,
                50
              ]
            }
          ]
        },
        {
          "name": "top_decor3",
          "parent": "top_decor",
          "pivot": [
            9.5,
            10,
            3.5
          ],
          "cubes": [
            {
              "origin": [
                9.5,
                10,
                0
              ],
              "size": [
                6,
                0,
                7
              ],
              "pivot": [
                9.5,
                10,
                3.5
              ],
              "rotation": [
                -42.5,
                0,
                0
              ],
              "uv": [
                54,
                53
              ]
            }
          ]
        },
        {
          "name": "top_decor4",
          "parent": "top_decor",
          "pivot": [
            -9.5,
            10,
            3.5
          ],
          "cubes": [
            {
              "origin": [
                -15.5,
                10,
                0
              ],
              "size": [
                6,
                0,
                7
              ],
              "pivot": [
                -9.5,
                10,
                3.5
              ],
              "rotation": [
                -42.5,
                0,
                0
              ],
              "uv": [
                27,
                53
              ]
            }
          ]
        },
        {
          "name": "top_decor5",
          "parent": "top_decor",
          "pivot": [
            9.5,
            19,
            1.5
          ],
          "cubes": [
            {
              "origin": [
                9.5,
                19,
                -2
              ],
              "size": [
                6,
                0,
                7
              ],
              "pivot": [
                9.5,
                19,
                1.5
              ],
              "rotation": [
                42.5,
                0,
                0
              ],
              "uv": [
                0,
                58
              ]
            }
          ]
        },
        {
          "name": "top_decor6",
          "parent": "top_decor",
          "pivot": [
            5.13401,
            16.77174,
            8.59369
          ],
          "cubes": [
            {
              "origin": [
                3.5,
                18,
                8
              ],
              "size": [
                4,
                0,
                5
              ],
              "pivot": [
                3.5,
                18,
                11.5
              ],
              "rotation": [
                25,
                0,
                25
              ],
              "uv": [
                77,
                86
              ]
            }
          ]
        },
        {
          "name": "top_decor7",
          "parent": "top_decor",
          "pivot": [
            -5.13401,
            16.77174,
            8.59369
          ],
          "cubes": [
            {
              "origin": [
                -7.5,
                18,
                8
              ],
              "size": [
                4,
                0,
                5
              ],
              "pivot": [
                -3.5,
                18,
                11.5
              ],
              "rotation": [
                25,
                0,
                -25
              ],
              "uv": [
                87,
                22
              ]
            }
          ]
        },
        {
          "name": "top_decor8",
          "parent": "top_decor",
          "pivot": [
            -5.13401,
            11.22826,
            8.59369
          ],
          "cubes": [
            {
              "origin": [
                -7.5,
                10,
                8
              ],
              "size": [
                4,
                0,
                5
              ],
              "pivot": [
                -3.5,
                10,
                11.5
              ],
              "rotation": [
                -25,
                0,
                25
              ],
              "uv": [
                87,
                28
              ]
            }
          ]
        },
        {
          "name": "bottom_decor",
          "parent": "torso",
          "pivot": [
            0,
            0,
            0
          ]
        },
        {
          "name": "bottom_decor1",
          "parent": "bottom_decor",
          "pivot": [
            0,
            9.18092,
            -5.97394
          ],
          "cubes": [
            {
              "origin": [
                -5.5,
                3,
                -6
              ],
              "size": [
                11,
                6,
                0
              ],
              "pivot": [
                0,
                9,
                -6
              ],
              "rotation": [
                20,
                0,
                0
              ],
              "uv": [
                69,
                15
              ]
            }
          ]
        },
        {
          "name": "bottom_decor2",
          "parent": "bottom_decor",
          "pivot": [
            9.47394,
            9.18092,
            1.5
          ],
          "cubes": [
            {
              "origin": [
                9.5,
                3,
                -2
              ],
              "size": [
                0,
                6,
                7
              ],
              "pivot": [
                9.5,
                9,
                -4
              ],
              "rotation": [
                0,
                0,
                20
              ],
              "uv": [
                72,
                22
              ]
            }
          ]
        },
        {
          "name": "bottom_decor3",
          "parent": "bottom_decor",
          "pivot": [
            8.11952,
            10.21967,
            -4.43934
          ],
          "cubes": [
            {
              "origin": [
                8.5,
                5,
                -9
              ],
              "size": [
                0,
                6,
                7
              ],
              "pivot": [
                8.5,
                11,
                -5.5
              ],
              "rotation": [
                30,
                45,
                30
              ],
              "uv": [
                72,
                36
              ]
            }
          ]
        },
        {
          "name": "bottom_decor4",
          "parent": "bottom_decor",
          "pivot": [
            -8.86952,
            10.21967,
            -3.68934
          ],
          "cubes": [
            {
              "origin": [
                -9.25,
                5,
                -8.25
              ],
              "size": [
                0,
                6,
                7
              ],
              "pivot": [
                -9.25,
                11,
                -4.75
              ],
              "rotation": [
                30,
                -45,
                -30
              ],
              "uv": [
                0,
                74
              ]
            }
          ]
        },
        {
          "name": "bottom_decor5",
          "parent": "bottom_decor",
          "pivot": [
            -7.86952,
            10.21967,
            7.68934
          ],
          "cubes": [
            {
              "origin": [
                -8.25,
                5,
                5.25
              ],
              "size": [
                0,
                6,
                7
              ],
              "pivot": [
                -8.25,
                11,
                8.75
              ],
              "rotation": [
                -30,
                45,
                -30
              ],
              "uv": [
                15,
                75
              ]
            }
          ]
        },
        {
          "name": "bottom_decor6",
          "parent": "bottom_decor",
          "pivot": [
            7.86952,
            10.21967,
            7.43934
          ],
          "cubes": [
            {
              "origin": [
                8.25,
                5,
                5
              ],
              "size": [
                0,
                6,
                7
              ],
              "pivot": [
                8.25,
                11,
                8.5
              ],
              "rotation": [
                -30,
                -45,
                30
              ],
              "uv": [
                30,
                75
              ]
            }
          ]
        },
        {
          "name": "bottom_decor7",
          "parent": "bottom_decor",
          "pivot": [
            -9.47394,
            9.18092,
            1.5
          ],
          "cubes": [
            {
              "origin": [
                -9.5,
                3,
                -2
              ],
              "size": [
                0,
                6,
                7
              ],
              "pivot": [
                -9.5,
                9,
                -4
              ],
              "rotation": [
                0,
                0,
                -20
              ],
              "uv": [
                45,
                75
              ]
            }
          ]
        },
        {
          "name": "bottom_decor8",
          "parent": "bottom_decor",
          "pivot": [
            0,
            9.18092,
            8.97394
          ],
          "cubes": [
            {
              "origin": [
                -5.5,
                3,
                9
              ],
              "size": [
                11,
                6,
                0
              ],
              "pivot": [
                0,
                9,
                9
              ],
              "rotation": [
                -20,
                0,
                0
              ],
              "uv": [
                69,
                8
              ]
            }
          ]
        },
        {
          "name": "tail",
          "parent": "torso",
          "pivot": [
            0,
            14,
            8.60877
          ],
          "cubes": [
            {
              "origin": [
                0.5,
                11.5,
                9
              ],
              "size": [
                3,
                5,
                1
              ],
              "pivot": [
                0.75,
                14,
                9.5
              ],
              "rotation": [
                0,
                -7.5,
                0
              ],
              "uv": [
                86,
                92
              ]
            },
            {
              "origin": [
                -3.5,
                11.5,
                9
              ],
              "size": [
                3,
                5,
                1
              ],
              "pivot": [
                -0.75,
                14,
                9.5
              ],
              "rotation": [
                0,
                7.5,
                0
              ],
              "uv": [
                94,
                0
              ]
            },
            {
              "origin": [
                -0.5,
                12.5,
                9
              ],
              "size": [
                1,
                3,
                1
              ],
              "uv": [
                96,
                86
              ]
            }
          ]
        },
        {
          "name": "neck",
          "parent": "torso",
          "pivot": [
            0,
            21,
            1
          ]
        },
        {
          "name": "neck1",
          "parent": "neck",
          "pivot": [
            0,
            21.14495,
            -3.34923
          ],
          "cubes": [
            {
              "origin": [
                -4.5,
                21,
                -9
              ],
              "size": [
                9,
                0,
                5
              ],
              "pivot": [
                0,
                21,
                -4
              ],
              "rotation": [
                20,
                0,
                0
              ],
              "uv": [
                27,
                61
              ]
            }
          ]
        },
        {
          "name": "neck2",
          "parent": "neck",
          "pivot": [
            0,
            21.14495,
            6.34923
          ],
          "cubes": [
            {
              "origin": [
                -4.5,
                21,
                7
              ],
              "size": [
                9,
                0,
                5
              ],
              "pivot": [
                0,
                21,
                7
              ],
              "rotation": [
                -20,
                0,
                0
              ],
              "uv": [
                56,
                61
              ]
            }
          ]
        },
        {
          "name": "neck3",
          "parent": "neck",
          "pivot": [
            -4.93602,
            21.35016,
            -3.47861
          ],
          "cubes": [
            {
              "origin": [
                -9.5,
                21,
                -7
              ],
              "size": [
                5,
                0,
                5
              ],
              "pivot": [
                -4.5,
                21,
                -2
              ],
              "rotation": [
                7.5,
                0,
                -7.5
              ],
              "uv": [
                60,
                75
              ]
            }
          ]
        },
        {
          "name": "neck4",
          "parent": "neck",
          "pivot": [
            4.95306,
            21.47957,
            5.48717
          ],
          "cubes": [
            {
              "origin": [
                4.5,
                21,
                3
              ],
              "size": [
                5,
                0,
                7
              ],
              "pivot": [
                4.5,
                21,
                5
              ],
              "rotation": [
                -7.5,
                0,
                7.5
              ],
              "uv": [
                54,
                67
              ]
            }
          ]
        },
        {
          "name": "neck5",
          "parent": "neck",
          "pivot": [
            4.93602,
            21.35016,
            -2.47861
          ],
          "cubes": [
            {
              "origin": [
                4.5,
                21,
                -7
              ],
              "size": [
                5,
                0,
                5
              ],
              "pivot": [
                4.5,
                21,
                -2
              ],
              "rotation": [
                7.5,
                0,
                7.5
              ],
              "uv": [
                79,
                67
              ]
            }
          ]
        },
        {
          "name": "neck6",
          "parent": "neck",
          "pivot": [
            -4.95306,
            21.47957,
            4.48717
          ],
          "cubes": [
            {
              "origin": [
                -9.5,
                21,
                3
              ],
              "size": [
                5,
                0,
                7
              ],
              "pivot": [
                -4.5,
                21,
                5
              ],
              "rotation": [
                -7.5,
                0,
                -7.5
              ],
              "uv": [
                69,
                0
              ]
            }
          ]
        },
        {
          "name": "neck7",
          "parent": "neck",
          "pivot": [
            -5.42889,
            22.35068,
            1.5
          ],
          "cubes": [
            {
              "origin": [
                -11.5,
                23,
                -2
              ],
              "size": [
                6,
                0,
                7
              ],
              "pivot": [
                -5.5,
                23,
                1.5
              ],
              "rotation": [
                30,
                0,
                -12.5
              ],
              "uv": [
                0,
                66
              ]
            }
          ]
        },
        {
          "name": "neck8",
          "parent": "neck",
          "pivot": [
            5.42889,
            22.35068,
            1.5
          ],
          "cubes": [
            {
              "origin": [
                5.5,
                23,
                -2
              ],
              "size": [
                6,
                0,
                7
              ],
              "pivot": [
                5.5,
                23,
                1.5
              ],
              "rotation": [
                30,
                0,
                12.5
              ],
              "uv": [
                27,
                67
              ]
            }
          ]
        },
        {
          "name": "head",
          "parent": "neck",
          "pivot": [
            0,
            0,
            0
          ],
          "cubes": [
            {
              "origin": [
                -6,
                20,
                -4
              ],
              "size": [
                12,
                11,
                11
              ],
              "uv": [
                0,
                27
              ]
            }
          ]
        },
        {
          "name": "ears",
          "parent": "head",
          "pivot": [
            0,
            0,
            0
          ]
        },
        {
          "name": "ear_right",
          "parent": "ears",
          "pivot": [
            5,
            28,
            1
          ]
        },
        {
          "name": "ear_right_top",
          "parent": "ear_right",
          "pivot": [
            3.5,
            30.5,
            1.5
          ],
          "cubes": [
            {
              "origin": [
                2.5,
                30,
                1.5
              ],
              "size": [
                2,
                5,
                0
              ],
              "uv": [
                52,
                96
              ]
            }
          ]
        },
        {
          "name": "ear_right_side",
          "parent": "ear_right",
          "pivot": [
            5.5,
            27,
            1.5
          ],
          "cubes": [
            {
              "origin": [
                5.5,
                26,
                1.5
              ],
              "size": [
                6,
                2,
                0
              ],
              "uv": [
                27,
                50
              ]
            }
          ]
        },
        {
          "name": "ear_right_mid",
          "parent": "ear_right",
          "pivot": [
            4.48758,
            26.92509,
            1.5
          ],
          "cubes": [
            {
              "origin": [
                2.25,
                26,
                1
              ],
              "size": [
                6,
                8,
                1
              ],
              "pivot": [
                5.75,
                28,
                1.5
              ],
              "rotation": [
                0,
                0,
                35
              ],
              "uv": [
                87,
                34
              ]
            }
          ]
        },
        {
          "name": "foreear_right_mid",
          "parent": "ear_right_mid",
          "pivot": [
            8.75,
            32.5,
            1.5
          ],
          "cubes": [
            {
              "origin": [
                6.25,
                31.5,
                1.5
              ],
              "size": [
                5,
                8,
                0
              ],
              "uv": [
                62,
                91
              ]
            }
          ]
        },
        {
          "name": "ear_left",
          "parent": "ears",
          "pivot": [
            -5,
            28,
            2
          ]
        },
        {
          "name": "ear_left_top",
          "parent": "ear_left",
          "pivot": [
            -3.5,
            30.5,
            1.5
          ],
          "cubes": [
            {
              "origin": [
                -4.5,
                30,
                1.5
              ],
              "size": [
                2,
                5,
                0
              ],
              "uv": [
                57,
                96
              ]
            }
          ]
        },
        {
          "name": "ear_left_side",
          "parent": "ear_left",
          "pivot": [
            -5.5,
            27,
            1.5
          ],
          "cubes": [
            {
              "origin": [
                -11.5,
                26,
                1.5
              ],
              "size": [
                6,
                2,
                0
              ],
              "uv": [
                81,
                78
              ]
            }
          ]
        },
        {
          "name": "ear_left_mid",
          "parent": "ear_left",
          "pivot": [
            -4.48758,
            26.92509,
            1.5
          ],
          "cubes": [
            {
              "origin": [
                -8.25,
                26,
                1
              ],
              "size": [
                6,
                8,
                1
              ],
              "pivot": [
                -5.75,
                28,
                1.5
              ],
              "rotation": [
                0,
                0,
                -35
              ],
              "uv": [
                0,
                88
              ]
            }
          ]
        },
        {
          "name": "foreear_left_mid",
          "parent": "ear_left_mid",
          "pivot": [
            -8.75,
            32.5,
            1.5
          ],
          "cubes": [
            {
              "origin": [
                -11.25,
                31.5,
                1.5
              ],
              "size": [
                5,
                8,
                0
              ],
              "uv": [
                92,
                8
              ]
            }
          ]
        },
        {
          "name": "eyes",
          "parent": "head",
          "pivot": [
            0,
            0,
            0
          ]
        },
        {
          "name": "eye_right",
          "parent": "eyes",
          "pivot": [
            3.6875,
            25.1875,
            -4.025
          ],
          "cubes": [
            {
              "origin": [
                2.5,
                23,
                -4.01
              ],
              "size": [
                3,
                4,
                0
              ],
              "uv": [
                24,
                96
              ]
            },
            {
              "origin": [
                2.5,
                23.5,
                -4.02
              ],
              "size": [
                2,
                3,
                0
              ],
              "uv": [
                95,
                97
              ]
            },
            {
              "origin": [
                3,
                24,
                -4.03
              ],
              "size": [
                1,
                2,
                0
              ],
              "uv": [
                77,
                50
              ]
            },
            {
              "origin": [
                3.25,
                25.25,
                -4.04
              ],
              "size": [
                1,
                1,
                0
              ],
              "uv": [
                8,
                98
              ]
            }
          ]
        },
        {
          "name": "lash_right",
          "parent": "eye_right",
          "pivot": [
            5.5,
            25.5,
            -4.005
          ],
          "cubes": [
            {
              "origin": [
                2,
                22.5,
                -4.005
              ],
              "size": [
                7,
                6,
                0
              ],
              "uv": [
                15,
                89
              ]
            }
          ]
        },
        {
          "name": "eyelid_right",
          "parent": "eye_right",
          "pivot": [
            4,
            25,
            -3.91
          ],
          "cubes": [
            {
              "origin": [
                2.5,
                23,
                -3.91
              ],
              "size": [
                3,
                4,
                0
              ],
              "inflate": 0.01,
              "uv": [
                31,
                96
              ]
            }
          ]
        },
        {
          "name": "eye_left",
          "parent": "eyes",
          "pivot": [
            -3.6875,
            25.1875,
            -4.025
          ],
          "cubes": [
            {
              "origin": [
                -5.5,
                23,
                -4.01
              ],
              "size": [
                3,
                4,
                0
              ],
              "uv": [
                38,
                96
              ]
            },
            {
              "origin": [
                -4.5,
                23.5,
                -4.02
              ],
              "size": [
                2,
                3,
                0
              ],
              "uv": [
                0,
                98
              ]
            },
            {
              "origin": [
                -4,
                24,
                -4.03
              ],
              "size": [
                1,
                2,
                0
              ],
              "uv": [
                5,
                98
              ]
            },
            {
              "origin": [
                -4.25,
                25.25,
                -4.04
              ],
              "size": [
                1,
                1,
                0
              ],
              "uv": [
                11,
                98
              ]
            }
          ]
        },
        {
          "name": "lash_left",
          "parent": "eye_left",
          "pivot": [
            -5.5,
            25.5,
            -4.005
          ],
          "cubes": [
            {
              "origin": [
                -9,
                22.5,
                -4.005
              ],
              "size": [
                7,
                6,
                0
              ],
              "uv": [
                30,
                89
              ]
            }
          ]
        },
        {
          "name": "eyelid_left",
          "parent": "eye_left",
          "pivot": [
            -4,
            25,
            -3.91
          ],
          "cubes": [
            {
              "origin": [
                -5.5,
                23,
                -3.91
              ],
              "size": [
                3,
                4,
                0
              ],
              "inflate": 0.01,
              "uv": [
                45,
                96
              ]
            }
          ]
        },
        {
          "name": "beak",
          "parent": "head",
          "pivot": [
            0,
            -1,
            0
          ],
          "cubes": [
            {
              "origin": [
                -2,
                22,
                -6
              ],
              "size": [
                4,
                3,
                2
              ],
              "uv": [
                73,
                92
              ]
            },
            {
              "origin": [
                -1.5,
                22,
                -7
              ],
              "size": [
                3,
                2,
                1
              ],
              "uv": [
                15,
                96
              ]
            },
            {
              "origin": [
                0,
                21.5,
                -8
              ],
              "size": [
                0,
                2,
                1
              ],
              "uv": [
                69,
                22
              ]
            }
          ]
        },
        {
          "name": "arms",
          "parent": "torso",
          "pivot": [
            0,
            0,
            0
          ]
        },
        {
          "name": "arm_right",
          "parent": "arms",
          "pivot": [
            -5.5,
            21,
            -2
          ],
          "cubes": [
            {
              "origin": [
                -12.5,
                20,
                -3
              ],
              "size": [
                8,
                2,
                2
              ],
              "uv": [
                81,
                73
              ]
            }
          ]
        },
        {
          "name": "forearm_right",
          "parent": "arm_right",
          "pivot": [
            -12.5,
            21,
            -2
          ],
          "cubes": [
            {
              "origin": [
                -18.5,
                20,
                -3
              ],
              "size": [
                6,
                2,
                2
              ],
              "uv": [
                87,
                44
              ]
            }
          ]
        },
        {
          "name": "hand_right",
          "parent": "forearm_right",
          "pivot": [
            -18.5,
            21,
            -2
          ],
          "cubes": [
            {
              "origin": [
                -20.5,
                20,
                -3
              ],
              "size": [
                2,
                2,
                2
              ],
              "uv": [
                92,
                17
              ]
            }
          ]
        },
        {
          "name": "claw_right_front",
          "parent": "hand_right",
          "pivot": [
            -20,
            20.5,
            -2.75
          ],
          "cubes": [
            {
              "origin": [
                -22,
                20,
                -2.75
              ],
              "size": [
                2,
                1,
                0
              ],
              "uv": [
                40,
                50
              ]
            }
          ]
        },
        {
          "name": "claw_right_mid",
          "parent": "hand_right",
          "pivot": [
            -20.25,
            20.5,
            -2
          ],
          "cubes": [
            {
              "origin": [
                -22.25,
                20,
                -2
              ],
              "size": [
                2,
                1,
                0
              ],
              "uv": [
                72,
                50
              ]
            }
          ]
        },
        {
          "name": "claw_right_back",
          "parent": "hand_right",
          "pivot": [
            -20,
            20.5,
            -1.25
          ],
          "cubes": [
            {
              "origin": [
                -22,
                20,
                -1.25
              ],
              "size": [
                2,
                1,
                0
              ],
              "uv": [
                45,
                89
              ]
            }
          ]
        },
        {
          "name": "arm_left",
          "parent": "arms",
          "pivot": [
            5.5,
            21,
            -2
          ],
          "cubes": [
            {
              "origin": [
                4.5,
                20,
                -3
              ],
              "size": [
                8,
                2,
                2
              ],
              "uv": [
                77,
                81
              ]
            }
          ]
        },
        {
          "name": "forearm_left",
          "parent": "arm_left",
          "pivot": [
            12.5,
            21,
            -2
          ],
          "cubes": [
            {
              "origin": [
                12.5,
                20,
                -3
              ],
              "size": [
                6,
                2,
                2
              ],
              "uv": [
                45,
                91
              ]
            }
          ]
        },
        {
          "name": "hand_left",
          "parent": "forearm_left",
          "pivot": [
            18.5,
            21,
            -2
          ],
          "cubes": [
            {
              "origin": [
                18.5,
                20,
                -3
              ],
              "size": [
                2,
                2,
                2
              ],
              "uv": [
                95,
                92
              ]
            }
          ]
        },
        {
          "name": "claw_left_front",
          "parent": "hand_left",
          "pivot": [
            20,
            20.5,
            -2.75
          ],
          "cubes": [
            {
              "origin": [
                20,
                20,
                -2.75
              ],
              "size": [
                2,
                1,
                0
              ],
              "uv": [
                50,
                89
              ]
            }
          ]
        },
        {
          "name": "claw_left_mid",
          "parent": "hand_left",
          "pivot": [
            20.25,
            20.5,
            -2
          ],
          "cubes": [
            {
              "origin": [
                20.25,
                20,
                -2
              ],
              "size": [
                2,
                1,
                0
              ],
              "uv": [
                55,
                89
              ]
            }
          ]
        },
        {
          "name": "claw_left_back",
          "parent": "hand_left",
          "pivot": [
            20,
            20.5,
            -1.25
          ],
          "cubes": [
            {
              "origin": [
                20,
                20,
                -1.25
              ],
              "size": [
                2,
                1,
                0
              ],
              "uv": [
                94,
                78
              ]
            }
          ]
        },
        {
          "name": "legs",
          "parent": "aromatisse",
          "pivot": [
            0,
            0,
            0
          ]
        },
        {
          "name": "leg_right",
          "parent": "legs",
          "pivot": [
            3.5,
            10,
            1
          ],
          "cubes": [
            {
              "origin": [
                0.5,
                5,
                -2
              ],
              "size": [
                6,
                6,
                6
              ],
              "uv": [
                47,
                27
              ]
            }
          ]
        },
        {
          "name": "foreleg_right",
          "parent": "leg_right",
          "pivot": [
            3.5,
            5.5,
            1
          ],
          "cubes": [
            {
              "origin": [
                1.5,
                0,
                -1
              ],
              "size": [
                4,
                5,
                4
              ],
              "uv": [
                81,
                50
              ]
            }
          ]
        },
        {
          "name": "leg_left",
          "parent": "legs",
          "pivot": [
            -3.5,
            10,
            1
          ],
          "cubes": [
            {
              "origin": [
                -6.5,
                5,
                -2
              ],
              "size": [
                6,
                6,
                6
              ],
              "uv": [
                47,
                40
              ]
            }
          ]
        },
        {
          "name": "foreleg_left",
          "parent": "leg_left",
          "pivot": [
            -3.5,
            5.5,
            1
          ],
          "cubes": [
            {
              "origin": [
                -5.5,
                0,
                -1
              ],
              "size": [
                4,
                5,
                4
              ],
              "uv": [
                60,
                81
              ]
            }
          ]
        }
      ]
    }
  ]
}