{
  "portraitScale": 2.11,
  "portraitTranslation": [
    -0.75,
    5.48,
    0
  ],
  "profileScale": 0.34,
  "profileTranslation": [
    -0.08,
    1.29,
    0
  ],
  "animations": {
    "faint": "q.bedrock_primary('ironthorns', 'faint', q.curve('one'))",
    "cry": "q.bedrock_stateful('ironthorns', 'cry', q.curve('symmetrical_wide'))",
    "recoil": "q.bedrock_stateful('ironthorns', 'recoil')",
    "physical": "q.bedrock_primary('ironthorns', 'physical', q.curve('symmetrical_wide'))",
    "special": "q.bedrock_primary('ironthorns', 'special', q.curve('symmetrical_wide'))",
    "status": "q.bedrock_primary('ironthorns', 'status', q.curve('symmetrical_wide'))"
  },
  "poses": {
    "battle-standing": {
      "poseTypes": [
        "STAND"
      ],
      "isBattle": true,
      "animations": [
        "q.bedrock('ironthorns', 'battle_idle')"
      ]
    },
    "standing": {
      "poseTypes": [
        "STAND",
        "NONE",
        "PORTRAIT",
        "PROFILE"
      ],
      "isBattle": false,
      "animations": [
        "q.bedrock('ironthorns', 'ground_idle')"
      ]
    },
    "walking": {
      "poseTypes": [
        "WALK"
      ],
      "animations": [
        "q.bedrock('ironthorns', 'ground_idle')"
      ]
    }
  }
}