{
  "portraitScale": 1.5,
    "portraitTranslation": [ 0, 2.4, 0 ],
    "profileScale": 0.6,
    "profileTranslation": [ 0.1, 0.9, 0 ],
  "animations": {
    "cry": "q.bedrock_stateful('pheromosa', 'cry', q.curve('symmetrical_wide'))"
  },
  "poses": {
    "battle-idle": {
      "poseName": "battle-idle",
      "poseTypes": [
        "STAND"
      ],
      "isBattle": true,
      "animations": [
        "q.look('head')",
        "q.bedrock('pheromosa', 'battle_idle')"
      ]
    },
    "standing": {
      "poseName": "standing",
      "transformTicks": 10,
      "poseTypes": [
        "STAND",
        "NONE",
        "PORTRAIT",
        "PROFILE"
      ],
      "isBattle": false,
      "animations": [
        "q.look('head')",
        "q.bedrock('pheromosa', 'ground_idle')"
      ]
    },
    "walking": {
      "poseName": "walking",
      "transformTicks": 10,
      "poseTypes": [
        "WALK"
      ],
      "animations": [
        "q.look('head')",
        "q.bedrock('pheromosa', 'ground_walk')"
      ]
    }
  }
}