{
  "format_version": "1.12.0",
  "minecraft:geometry": [
    {
      "description": {
        "identifier": "geometry.bounsweet",
        "texture_width": 64,
        "texture_height": 64,
        "visible_bounds_width": 2,
        "visible_bounds_height": 2.5,
        "visible_bounds_offset": [
          0,
          0.75,
          0
        ]
      },
      "bones": [
        {
          "name": "bounsweet",
          "pivot": [
            0,
            0,
            0
          ]
        },
        {
          "name": "body",
          "parent": "bounsweet",
          "pivot": [
            0,
            0,
            0
          ]
        },
        {
          "name": "torso",
          "parent": "body",
          "pivot": [
            0,
            1,
            0
          ],
          "cubes": [
            {
              "origin": [
                -3.5,
                2,
                -3.5
              ],
              "size": [
                7,
                6,
                7
              ],
              "uv": [
                0,
                0
              ]
            },
            {
              "origin": [
                -3,
                1,
                -3
              ],
              "size": [
                6,
                1,
                6
              ],
              "uv": [
                0,
                13
              ]
            }
          ]
        },
        {
          "name": "openmouth",
          "parent": "torso",
          "pivot": [
            0,
            4.4,
            -3.3
          ],
          "cubes": [
            {
              "origin": [
                -1,
                3.4,
                -3.3
              ],
              "size": [
                2,
                2,
                0
              ],
              "inflate": 0.01,
              "uv": [
                0,
                30
              ]
            }
          ]
        },
        {
          "name": "mouth",
          "parent": "torso",
          "pivot": [
            0,
            5,
            -3.5
          ],
          "cubes": [
            {
              "origin": [
                -0.5,
                4.5,
                -3.5
              ],
              "size": [
                1,
                1,
                0
              ],
              "inflate": 0.01,
              "uv": [
                0,
                29
              ]
            }
          ]
        },
        {
          "name": "eye_right",
          "parent": "torso",
          "pivot": [
            -1.75,
            5.75,
            -3.5
          ],
          "cubes": [
            {
              "origin": [
                -2.25,
                5.25,
                -3.5
              ],
              "size": [
                1,
                1,
                0
              ],
              "inflate": 0.01,
              "uv": [
                0,
                26
              ],
              "mirror": true
            }
          ]
        },
        {
          "name": "eyelid_right",
          "parent": "eye_right",
          "pivot": [
            -1.75,
            5.75,
            -2.9
          ],
          "cubes": [
            {
              "origin": [
                -2.75,
                5.25,
                -3.4
              ],
              "size": [
                2,
                1,
                1
              ],
              "inflate": 0.02,
              "uv": [
                0,
                27
              ],
              "mirror": true
            }
          ]
        },
        {
          "name": "eye_left",
          "parent": "torso",
          "pivot": [
            1.75,
            5.75,
            -3.5
          ],
          "cubes": [
            {
              "origin": [
                1.25,
                5.25,
                -3.5
              ],
              "size": [
                1,
                1,
                0
              ],
              "inflate": 0.01,
              "uv": [
                0,
                26
              ]
            }
          ]
        },
        {
          "name": "eyelid_left",
          "parent": "eye_left",
          "pivot": [
            1.75,
            5.75,
            -2.9
          ],
          "cubes": [
            {
              "origin": [
                0.75,
                5.25,
                -3.4
              ],
              "size": [
                2,
                1,
                1
              ],
              "inflate": 0.02,
              "uv": [
                0,
                27
              ]
            }
          ]
        },
        {
          "name": "stem",
          "parent": "torso",
          "pivot": [
            0,
            7,
            0
          ],
          "cubes": [
            {
              "origin": [
                -0.5,
                6.5,
                -0.5
              ],
              "size": [
                1,
                5,
                1
              ],
              "uv": [
                0,
                0
              ]
            }
          ]
        },
        {
          "name": "stem2",
          "parent": "stem",
          "pivot": [
            0.5,
            11.5,
            0
          ],
          "rotation": [
            0,
            0,
            -50
          ],
          "cubes": [
            {
              "origin": [
                -0.5,
                11.5,
                -0.5
              ],
              "size": [
                1,
                2,
                1
              ],
              "inflate": 0.01,
              "uv": [
                0,
                13
              ]
            }
          ]
        },
        {
          "name": "leaves",
          "parent": "torso",
          "pivot": [
            0,
            8,
            0
          ]
        },
        {
          "name": "leaf_front",
          "parent": "leaves",
          "pivot": [
            0,
            9.85,
            -0.5
          ],
          "rotation": [
            7.5,
            0,
            0
          ],
          "cubes": [
            {
              "origin": [
                -2,
                7.85,
                -4.5
              ],
              "size": [
                4,
                2,
                4
              ],
              "uv": [
                21,
                0
              ]
            }
          ]
        },
        {
          "name": "leaf_back",
          "parent": "leaves",
          "pivot": [
            0,
            9.85,
            0.5
          ],
          "rotation": [
            -7.5,
            0,
            0
          ],
          "cubes": [
            {
              "origin": [
                -2,
                7.85,
                0.5
              ],
              "size": [
                4,
                2,
                4
              ],
              "uv": [
                20,
                19
              ]
            }
          ]
        },
        {
          "name": "leaf_right",
          "parent": "leaves",
          "pivot": [
            0.5,
            10,
            0
          ],
          "rotation": [
            0,
            0,
            5
          ],
          "cubes": [
            {
              "origin": [
                0.5,
                8,
                -2
              ],
              "size": [
                6,
                2,
                4
              ],
              "inflate": 0.01,
              "uv": [
                0,
                20
              ]
            }
          ]
        },
        {
          "name": "leaf_left",
          "parent": "leaves",
          "pivot": [
            -0.5,
            10,
            0
          ],
          "rotation": [
            0,
            0,
            -5
          ],
          "cubes": [
            {
              "origin": [
                -6.5,
                8,
                -2
              ],
              "size": [
                6,
                2,
                4
              ],
              "inflate": 0.01,
              "uv": [
                18,
                13
              ]
            }
          ]
        },
        {
          "name": "right_foot",
          "parent": "body",
          "pivot": [
            -1,
            1,
            0
          ],
          "cubes": [
            {
              "origin": [
                -1.5,
                0,
                -0.5
              ],
              "size": [
                1,
                2,
                1
              ],
              "uv": [
                0,
                16
              ]
            }
          ]
        },
        {
          "name": "left_foot",
          "parent": "body",
          "pivot": [
            1,
            1,
            0
          ],
          "cubes": [
            {
              "origin": [
                0.5,
                0,
                -0.5
              ],
              "size": [
                1,
                2,
                1
              ],
              "uv": [
                18,
                13
              ]
            }
          ]
        }
      ]
    }
  ]
}