{
  "head": "head",
  "portraitScale": 1.4,
  "portraitTranslation": [
    -0.5,
    1,
    0
  ],
  "profileScale": 0.6,
  "profileTranslation": [
    0.15,
    0.9,
    0
  ],
  "rootBone": "arcanine",
  "animations": {
    "cry": "q.bedrock_stateful('arcanine_hisuian', 'cry')",
    "recoil": "q.bedrock_stateful('arcanine_hisuian', 'recoil')",
    "special": "q.bedrock_primary('arcanine_hisuian', 'special', q.curve('symmetrical_wide'))"
  },
  "poses": {
    "battle-idle": {
      "poseName": "battle-idle",
      "poseTypes": [
        "STAND"
      ],
      "isBattle": true,
      "animations": [
        "q.look('head')",
        "q.bedrock('arcanine_hisuian', 'battle_idle')"
      ],
      "quirks": [
        "q.bedrock_quirk('arcanine_hisuian', 'blink')"
      ]
    },
    "standing": {
      "poseName": "standing",
      "transformTicks": 10,
      "poseTypes": [
        "STAND",
        "NONE",
        "PORTRAIT",
        "PROFILE"
      ],
      "isBattle": false,
      "animations": [
        "q.look('head')",
        "q.bedrock('arcanine_hisuian', 'ground_idle')"
      ],
      "quirks": [
        "q.bedrock_quirk('arcanine_hisuian', 'blink')"
      ]
    },
    "walking": {
      "poseName": "walking",
      "transformTicks": 10,
      "poseTypes": [
        "WALK"
      ],
      "animations": [
        "q.look('head')",
        "q.bedrock('arcanine_hisuian', 'ground_walk')"
      ],
      "quirks": [
        "q.bedrock_quirk('arcanine_hisuian', 'blink')"
      ]
    }
  }
}