{
  "portraitScale": 1.91,
  "portraitTranslation": [
    -0.91,
    1.18,
    0
  ],
  "profileScale": 0.59,
  "profileTranslation": [
    -0.02,
    0.85,
    0
  ],
  "rootBone": "absol",
  "animations": {
    "cry": "q.bedrock_stateful('absol', 'cry')"
  },
  "poses": {
    "battle-standing": {
      "poseName": "battle-standing",
      "poseTypes": [
        "STAND"
      ],
      "isBattle": true,
      "animations": [
        "q.look('head')",
        "q.bedrock('absol', 'battle_idle')"
      ],
      "quirks": [
        "q.bedrock_quirk('absol', 'blink')"
      ]
    },
    "standing": {
      "poseTypes": [
        "STAND",
        "NONE",
        "FLOAT",
        "PORTRAIT",
        "PROFILE"
      ],
      "isBattle": false,
      "animations": [
        "q.look('head')",
        "q.bedrock('absol', 'ground_idle')"
      ],
      "quirks": [
        "q.bedrock_quirk('absol', 'blink')"
      ]
    },
    "walking": {
      "poseTypes": [
        "WALK",
        "SWIM"
      ],
      "animations": [
        "q.look('head')",
        "q.bedrock('absol', 'ground_walk')"
      ],
      "quirks": [
        "q.bedrock_quirk('absol', 'blink')"
      ]
    }
  }
}
