{
	"format_version": "1.12.0",
	"minecraft:geometry": [
		{
			"description": {
				"identifier": "geometry.moltres_galar",
				"texture_width": 128,
				"texture_height": 128,
				"visible_bounds_width": 9,
				"visible_bounds_height": 6,
				"visible_bounds_offset": [0, 2, 0]
			},
			"bones": [
				{
					"name": "moltres",
					"pivot": [0, 0, 0]
				},
				{
					"name": "body",
					"parent": "moltres",
					"pivot": [0, 26, 1],
					"cubes": [
						{"origin": [-5.5, 14, 2], "size": [11, 12, 11], "pivot": [0, 2, 2], "rotation": [15, 0, 0], "uv": [49, 42]}
					]
				},
				{
					"name": "tail",
					"parent": "body",
					"pivot": [0, 20, 8],
					"rotation": [5.76863, 29.8742, 2.88066],
					"cubes": [
						{"origin": [0, 14.59904, 6.27972], "size": [0, 11, 12], "uv": [0, 81]},
						{"origin": [-1, 19.6, 7.27972], "size": [2, 3, 7], "uv": [71, 54]},
						{"origin": [-1, 21.4, 19.27972], "size": [2, 3, 7], "uv": [71, 54]},
						{"origin": [-1, 15.59904, 18.27972], "size": [2, 3, 7], "inflate": 0.01, "pivot": [0, 0.59904, 0.27972], "rotation": [15, 0, 0], "uv": [71, 54]},
						{"origin": [-0.5, 27.4, 19.27972], "size": [1, 3, 7], "inflate": 0.01, "pivot": [0, 0.59904, 0.27972], "rotation": [-15, 0, 0], "uv": [71, 54]},
						{"origin": [-5.5, 19.59904, 6.52972], "size": [11, 0, 12], "uv": [44, 65]}
					]
				},
				{
					"name": "tail2",
					"parent": "tail",
					"pivot": [0, 19.59904, 18.27972],
					"cubes": [
						{"origin": [0, 14.59904, 18.27972], "size": [0, 11, 12], "uv": [0, 70]},
						{"origin": [-5.5, 19.59904, 18.52972], "size": [11, 0, 12], "uv": [22, 65]}
					]
				},
				{
					"name": "tail3",
					"parent": "tail2",
					"pivot": [0, 19.59904, 30.27972],
					"cubes": [
						{"origin": [0, 14.59904, 30.27972], "size": [0, 11, 12], "uv": [68, 77]},
						{"origin": [-5.5, 19.59904, 30.52972], "size": [11, 0, 12], "uv": [0, 60]}
					]
				},
				{
					"name": "tail4",
					"parent": "body",
					"pivot": [0, 20, 8],
					"rotation": [5.76863, -29.8742, -2.88066],
					"cubes": [
						{"origin": [0, 14.59904, 6.27972], "size": [0, 11, 12], "uv": [0, 81], "mirror": true},
						{"origin": [-1, 19.6, 7.27972], "size": [2, 3, 7], "uv": [71, 54], "mirror": true},
						{"origin": [-1, 21.4, 19.27972], "size": [2, 3, 7], "uv": [71, 54], "mirror": true},
						{"origin": [-1, 15.59904, 18.27972], "size": [2, 3, 7], "inflate": 0.01, "pivot": [0, 0.59904, 0.27972], "rotation": [15, 0, 0], "uv": [71, 54], "mirror": true},
						{"origin": [-0.5, 27.4, 19.27972], "size": [1, 3, 7], "inflate": 0.01, "pivot": [0, 0.59904, 0.27972], "rotation": [-15, 0, 0], "uv": [71, 54], "mirror": true},
						{"origin": [-5.5, 19.59904, 6.52972], "size": [11, 0, 12], "uv": [44, 65], "mirror": true}
					]
				},
				{
					"name": "tail5",
					"parent": "tail4",
					"pivot": [0, 19.59904, 18.27972],
					"cubes": [
						{"origin": [0, 14.59904, 18.27972], "size": [0, 11, 12], "uv": [0, 70], "mirror": true},
						{"origin": [-5.5, 19.59904, 18.52972], "size": [11, 0, 12], "uv": [22, 65], "mirror": true}
					]
				},
				{
					"name": "tail6",
					"parent": "tail5",
					"pivot": [0, 19.59904, 30.27972],
					"cubes": [
						{"origin": [0, 14.59904, 30.27972], "size": [0, 11, 12], "uv": [68, 77], "mirror": true},
						{"origin": [-5.5, 19.59904, 30.52972], "size": [11, 0, 12], "uv": [0, 60], "mirror": true}
					]
				},
				{
					"name": "upper_torso",
					"parent": "body",
					"pivot": [0, 26, 1],
					"rotation": [5, 0, 0],
					"cubes": [
						{"origin": [-4.5, 21.00417, 0.90446], "size": [9, 12, 9], "pivot": [0, 2.00417, -0.09554], "rotation": [10, 0, 0], "uv": [69, 68]}
					]
				},
				{
					"name": "locator_seat_1",
					"parent": "upper_torso",
					"pivot": [0, 34.7, 5.6],
					"locators": {
						"seat_1": {
							"offset": [0, 31.45, 4.6],
							"rotation": [-90, 0, 0]
						}
					}
				},
				{
					"name": "neck",
					"parent": "upper_torso",
					"pivot": [0, 31.00417, -0.09554],
					"cubes": [
						{"origin": [-2, 30.00417, -2.09554], "size": [4, 10, 4], "uv": [94, 16]}
					]
				},
				{
					"name": "head",
					"parent": "neck",
					"pivot": [0, 39.00417, -0.09554],
					"cubes": [
						{"origin": [-4, 39.00417, -6.09554], "size": [8, 7, 9], "uv": [37, 112]},
						{"origin": [0, 45.00417, 2.90446], "size": [0, 6, 6], "pivot": [0, 2.00417, 1.90446], "rotation": [15, 0, 0], "uv": [110, 85]}
					]
				},
				{
					"name": "eye_left",
					"parent": "head",
					"pivot": [0, 0.00417, -0.09554],
					"cubes": [
						{"origin": [1.75, 42.00417, -6.09554], "size": [1, 2, 0], "inflate": 0.005, "uv": [47, 95]},
						{"origin": [12.22, 41.50417, -6.09554], "size": [3, 1, 4], "inflate": 0.03, "pivot": [0, 0.00417, -0.09554], "rotation": [0, 0, -15], "uv": [49, 106]}
					]
				},
				{
					"name": "pupil_left",
					"parent": "eye_left",
					"pivot": [0, 0.00417, -0.09554],
					"cubes": [
						{"origin": [2.25, 43, -6.09554], "size": [1, 1, 2], "inflate": 0.02, "uv": [23, 82]},
						{"origin": [-3.25, 43, -6.09554], "size": [1, 1, 2], "inflate": 0.02, "uv": [23, 82], "mirror": true}
					]
				},
				{
					"name": "eye_right",
					"parent": "head",
					"pivot": [0, 0.00417, -0.09554],
					"cubes": [
						{"origin": [-15.22, 41.50417, -6.09554], "size": [3, 1, 4], "inflate": 0.03, "pivot": [0, 0.00417, -0.09554], "rotation": [0, 0, 15], "uv": [49, 106], "mirror": true},
						{"origin": [-2.75, 42.00417, -6.09554], "size": [1, 2, 0], "inflate": 0.005, "uv": [47, 95], "mirror": true}
					]
				},
				{
					"name": "pupil_right",
					"parent": "eye_right",
					"pivot": [0, 0.00417, -0.09554]
				},
				{
					"name": "beak",
					"parent": "head",
					"pivot": [0, 0.00417, -0.09554],
					"cubes": [
						{"origin": [-1.5, 40.00417, -12.09554], "size": [3, 3, 9], "uv": [84, 56]},
						{"origin": [-1, 40.50417, -16.09554], "size": [2, 2, 6], "uv": [113, 75]},
						{"origin": [0, 39.50417, -18.5], "size": [0, 3, 3], "uv": [6, 25]}
					]
				},
				{
					"name": "jaw",
					"parent": "beak",
					"pivot": [0, 40.00417, -6.09554],
					"cubes": [
						{"origin": [-1, 39.50417, -12.09554], "size": [2, 1, 8], "uv": [73, 119]}
					]
				},
				{
					"name": "bone6",
					"parent": "jaw",
					"pivot": [0, 40.00417, -12.09554],
					"cubes": [
						{"origin": [-0.5, 39.50417, -16.09554], "size": [1, 1, 4], "inflate": -0.01, "uv": [78, 123]}
					]
				},
				{
					"name": "head_fire",
					"parent": "head",
					"pivot": [0, 2.00417, 1.90446],
					"rotation": [5, 0, 0]
				},
				{
					"name": "head_fire2",
					"parent": "head_fire",
					"pivot": [0, 51.00417, 15.90446],
					"cubes": [
						{"origin": [0, 41.00417, 15.90446], "size": [0, 16, 15], "uv": [0, 92]}
					]
				},
				{
					"name": "bone",
					"parent": "head_fire",
					"pivot": [0, 46.00417, 2.90446],
					"cubes": [
						{"origin": [-2, 23.00417, 41.90446], "size": [4, 2, 5], "pivot": [0, 0.00417, 3.90446], "rotation": [60, 0, 0], "uv": [93, 94]}
					]
				},
				{
					"name": "bone2",
					"parent": "bone",
					"pivot": [0, 49.00417, 4.90446],
					"cubes": [
						{"origin": [-1.5, 33.00417, 38.90446], "size": [3, 2, 5], "pivot": [0, 0.00417, 3.90446], "rotation": [45, 0, 0], "uv": [93, 89]},
						{"origin": [0, 41.00417, 3.90446], "size": [0, 16, 12], "uv": [101, 98]}
					]
				},
				{
					"name": "bone3",
					"parent": "bone2",
					"pivot": [0, 52.00417, 7.90446],
					"cubes": [
						{"origin": [-2, 42.00417, 32.90446], "size": [4, 2, 5], "pivot": [0, 0.00417, 3.90446], "rotation": [30, 0, 0], "uv": [67, 57]}
					]
				},
				{
					"name": "bone4",
					"parent": "bone3",
					"pivot": [0, 54.00417, 11.90446],
					"cubes": [
						{"origin": [-1, 42.00417, 32.90446], "size": [2, 2, 5], "pivot": [0, 0.00417, -1.09554], "rotation": [25, 0, 0], "uv": [70, 58]}
					]
				},
				{
					"name": "bone5",
					"parent": "bone4",
					"pivot": [0, 55.00417, 15.90446],
					"cubes": [
						{"origin": [0, 43.00417, -41.09554], "size": [0, 6, 6], "pivot": [0, 2.00417, 1.90446], "rotation": [-60, 0, 0], "uv": [110, 85]},
						{"origin": [-0.5, 48.25, 29.90446], "size": [1, 2, 3], "pivot": [0, 0.00417, -0.09554], "rotation": [15, 0, 0], "uv": [71, 57]}
					]
				},
				{
					"name": "wing_right",
					"parent": "upper_torso",
					"pivot": [-4, 32.00417, 0.90446],
					"cubes": [
						{"origin": [-21, 32.00417, -2.09554], "size": [17, 0, 11], "uv": [49, 31], "mirror": true}
					]
				},
				{
					"name": "wing_right2",
					"parent": "wing_right",
					"pivot": [-21, 32.00417, -0.09554],
					"cubes": [
						{"origin": [-41, 32.00417, -2.09554], "size": [20, 0, 4], "uv": [78, 43], "mirror": true}
					]
				},
				{
					"name": "fire_right",
					"parent": "wing_right2",
					"pivot": [-29, 32.00417, 1.90446],
					"cubes": [
						{"origin": [-41, 32.00417, 1.90446], "size": [20, 0, 11], "uv": [47, 9], "mirror": true}
					]
				},
				{
					"name": "wing_right3",
					"parent": "wing_right2",
					"pivot": [-41, 32.00417, 0.90446],
					"cubes": [
						{"origin": [-52, 32.00417, -2.09554], "size": [11, 0, 5], "uv": [9, 50], "mirror": true}
					]
				},
				{
					"name": "bone7",
					"parent": "wing_right3",
					"pivot": [-52, 32, 0],
					"cubes": [
						{"origin": [-63, 32.00417, -2.09554], "size": [11, 0, 5], "uv": [9, 55], "mirror": true},
						{"origin": [-63, 32.00417, 2.90446], "size": [11, 0, 14], "uv": [11, 14], "mirror": true}
					]
				},
				{
					"name": "fire_right2",
					"parent": "wing_right3",
					"pivot": [-47, 32.00417, 2.90446],
					"cubes": [
						{"origin": [-52, 32.00417, 2.90446], "size": [11, 0, 14], "uv": [9, 0]}
					]
				},
				{
					"name": "wing_left",
					"parent": "upper_torso",
					"pivot": [4, 32.00417, 0.90446],
					"cubes": [
						{"origin": [4, 32.00417, -2.09554], "size": [17, 0, 11], "uv": [49, 31]}
					]
				},
				{
					"name": "wing_left2",
					"parent": "wing_left",
					"pivot": [21, 32.00417, -0.09554],
					"cubes": [
						{"origin": [21, 32.00417, -2.09554], "size": [20, 0, 4], "uv": [78, 43]}
					]
				},
				{
					"name": "fire_left",
					"parent": "wing_left2",
					"pivot": [29, 5.00417, 4.90446],
					"cubes": [
						{"origin": [21, 32.00417, 1.90446], "size": [20, 0, 11], "uv": [47, 9]}
					]
				},
				{
					"name": "wing_left3",
					"parent": "wing_left2",
					"pivot": [41, 32.00417, 0.90446],
					"cubes": [
						{"origin": [41, 32.00417, -2.09554], "size": [11, 0, 5], "uv": [11, 50]}
					]
				},
				{
					"name": "bone8",
					"parent": "wing_left3",
					"pivot": [52, 32, 0],
					"cubes": [
						{"origin": [52, 32.00417, -2.09554], "size": [11, 0, 5], "uv": [9, 55]},
						{"origin": [52, 32.00417, 2.90446], "size": [11, 0, 14], "uv": [11, 14]}
					]
				},
				{
					"name": "fire_left2",
					"parent": "wing_left3",
					"pivot": [52, 5.00417, 4.90446],
					"cubes": [
						{"origin": [41, 32.00417, 2.90446], "size": [11, 0, 14], "uv": [9, 0], "mirror": true}
					]
				},
				{
					"name": "leg_left",
					"parent": "body",
					"pivot": [3, 18, 4],
					"cubes": [
						{"origin": [2, 12, 2], "size": [6, 8, 6], "pivot": [-3, 0, 0], "rotation": [5, 0, 0], "uv": [24, 93]}
					]
				},
				{
					"name": "leg_left2",
					"parent": "leg_left",
					"pivot": [5, 12, 4],
					"cubes": [
						{"origin": [3, 9.5, 3], "size": [4, 3, 4], "pivot": [-3, 0, 0], "rotation": [5, 0, 0], "uv": [96, 68]}
					]
				},
				{
					"name": "leg_left3",
					"parent": "leg_left2",
					"pivot": [5, 10, 4],
					"cubes": [
						{"origin": [4, 2, 0], "size": [2, 10, 2], "pivot": [8, 0, -4], "rotation": [-15, 0, 0], "uv": [87, 103]}
					]
				},
				{
					"name": "foot_left",
					"parent": "leg_left3",
					"pivot": [5, 2, 2],
					"cubes": [
						{"origin": [2.5, 0, -1], "size": [5, 2, 5], "inflate": 0.01, "uv": [94, 30]}
					]
				},
				{
					"name": "toe_middle_left",
					"parent": "foot_left",
					"pivot": [5, 1, -1],
					"cubes": [
						{"origin": [4, 0, -5.5], "size": [2, 2, 5], "uv": [99, 54]}
					]
				},
				{
					"name": "claw_middle_left",
					"parent": "toe_middle_left",
					"pivot": [5, 1, -5],
					"cubes": [
						{"origin": [5, 0, -7.5], "size": [0, 2, 2], "uv": [2, 58]}
					]
				},
				{
					"name": "toe_back_left",
					"parent": "foot_left",
					"pivot": [5, 1, 4],
					"cubes": [
						{"origin": [4, 0, 3.5], "size": [2, 2, 5], "uv": [98, 0]}
					]
				},
				{
					"name": "claw_back_left",
					"parent": "toe_back_left",
					"pivot": [5, 1, 8],
					"cubes": [
						{"origin": [5, 0, 8.5], "size": [0, 2, 2], "uv": [50, 26], "mirror": true}
					]
				},
				{
					"name": "toe_outer_left",
					"parent": "foot_left",
					"pivot": [7, 1, -1],
					"rotation": [0, -20, 0],
					"cubes": [
						{"origin": [5.91363, 0, -5.1611], "size": [2, 2, 5], "uv": [98, 7]}
					]
				},
				{
					"name": "claw_outer_left",
					"parent": "toe_outer_left",
					"pivot": [6.91363, 1, -5.1611],
					"cubes": [
						{"origin": [6.91363, 0, -7.1611], "size": [0, 2, 2], "uv": [50, 26], "mirror": true}
					]
				},
				{
					"name": "toe_inner_left",
					"parent": "foot_left",
					"pivot": [3, 1, -1],
					"rotation": [0, 20, 0],
					"cubes": [
						{"origin": [2.08637, 0, -5.1611], "size": [2, 2, 5], "uv": [65, 100]}
					]
				},
				{
					"name": "claw_inner_left",
					"parent": "toe_inner_left",
					"pivot": [3.08637, 1, -5.1611],
					"cubes": [
						{"origin": [3.08637, 0, -7.1611], "size": [0, 2, 2], "uv": [36, 58]}
					]
				},
				{
					"name": "leg_right",
					"parent": "body",
					"pivot": [-2, 18, 4],
					"cubes": [
						{"origin": [-7, 12, 2], "size": [6, 8, 6], "pivot": [-12, 0, 0], "rotation": [5, 0, 0], "uv": [24, 93], "mirror": true}
					]
				},
				{
					"name": "leg_right2",
					"parent": "leg_right",
					"pivot": [-4, 12, 4],
					"cubes": [
						{"origin": [-6, 9.5, 3], "size": [4, 3, 4], "pivot": [-12, 0, 0], "rotation": [5, 0, 0], "uv": [0, 68]}
					]
				},
				{
					"name": "leg_right3",
					"parent": "leg_right2",
					"pivot": [-4, 10, 4],
					"cubes": [
						{"origin": [-5, 2, 0], "size": [2, 10, 2], "pivot": [-1, 0, -4], "rotation": [-15, 0, 0], "uv": [79, 100]}
					]
				},
				{
					"name": "foot_right",
					"parent": "leg_right3",
					"pivot": [-4, 2, 2],
					"cubes": [
						{"origin": [-6.5, 0, -1], "size": [5, 2, 5], "inflate": 0.01, "uv": [93, 47]}
					]
				},
				{
					"name": "toe_middle_right",
					"parent": "foot_right",
					"pivot": [-4, 1, -1],
					"cubes": [
						{"origin": [-5, 0, -5.5], "size": [2, 2, 5], "uv": [0, 21]}
					]
				},
				{
					"name": "claw_middle_right",
					"parent": "toe_middle_right",
					"pivot": [-4, 1, -5],
					"cubes": [
						{"origin": [-4, 0, -7.5], "size": [0, 2, 2], "uv": [44, 26]}
					]
				},
				{
					"name": "toe_back_right",
					"parent": "foot_right",
					"pivot": [-4, 1, 4],
					"cubes": [
						{"origin": [-5, 0, 3.5], "size": [2, 2, 5], "uv": [0, 14]}
					]
				},
				{
					"name": "claw_back_right",
					"parent": "toe_back_right",
					"pivot": [-4, 1, 8],
					"cubes": [
						{"origin": [-4, 0, 8.5], "size": [0, 2, 2], "uv": [50, 26]}
					]
				},
				{
					"name": "toe_inner_right",
					"parent": "foot_right",
					"pivot": [-2, 1, 0],
					"rotation": [0, -20, 0],
					"cubes": [
						{"origin": [-3.42839, 0, -5.10079], "size": [2, 2, 5], "uv": [0, 7]}
					]
				},
				{
					"name": "claw_inner_right",
					"parent": "toe_inner_right",
					"pivot": [-2.42839, 1, -5.10079],
					"cubes": [
						{"origin": [-2.42839, 0, -7.10079], "size": [0, 2, 2], "uv": [28, 26]}
					]
				},
				{
					"name": "toe_outer_right",
					"parent": "foot_right",
					"pivot": [-6, 1, -1],
					"rotation": [0, 20, 0],
					"cubes": [
						{"origin": [-6.91363, 0, -5.1611], "size": [2, 2, 5], "uv": [0, 0]}
					]
				},
				{
					"name": "claw_outer_right",
					"parent": "toe_outer_right",
					"pivot": [-5.91363, 1, -5.1611],
					"cubes": [
						{"origin": [-5.91363, 0, -7.1611], "size": [0, 2, 4], "uv": [18, 24]}
					]
				}
			]
		}
	]
}