{
  "head": "head",
  "portraitScale": 1.5,
  "portraitTranslation": [
    0,
    3,
    0
  ],
  "profileScale": 0.5,
  "profileTranslation": [
    0,
    1.3,
    0
  ],
  "animations": {
    "faint": "q.bedrock_primary('ironmoth', 'faint', q.curve('one'))",
    "cry": "q.bedrock_primary('ironmoth', 'cry', q.curve('symmetrical_wide'))"
  },
  "poses": {
    "standing": {
      "poseName": "standing",
      "transformTicks": 10,
      "poseTypes": [
        "STAND",
        "NONE",
        "PORTRAIT",
        "PROFILE"
      ],
      "animations": [
        "look",
        "bedrock(ironmoth, ground_idle)"
      ]
    },
    "walking": {
      "poseName": "walking",
      "transformTicks": 10,
      "poseTypes": [
        "WALK"
      ],
      "animations": [
        "bedrock(ironmoth, ground_walk)"
      ]
    },
    "hovering": {
      "poseName": "hovering",
      "transformTicks": 10,
      "poseTypes": [
        "HOVER"
      ],
      "animations": [
        "bedrock(ironmoth, ground_walk)"
      ]
    },
    "flying": {
      "poseName": "flying",
      "transformTicks": 10,
      "poseTypes": [
        "FLY"
      ],
      "animations": [
        "bedrock(ironmoth, ground_run)"
      ]
    }
  }
}
