{
  "format_version": "1.12.0",
  "minecraft:geometry": [
    {
      "description": {
        "identifier": "geometry.unknown",
        "texture_width": 128,
        "texture_height": 128,
        "visible_bounds_width": 4,
        "visible_bounds_height": 2.5,
        "visible_bounds_offset": [
          0,
          0.75,
          0
        ]
      },
      "bones": [
        {
          "name": "pawmi",
          "pivot": [
            0,
            0,
            0
          ]
        },
        {
          "name": "body",
          "parent": "pawmi",
          "pivot": [
            0,
            6.425,
            4.5
          ]
        },
        {
          "name": "torso",
          "parent": "body",
          "pivot": [
            0,
            6.425,
            4.5
          ],
          "rotation": [
            90,
            0,
            0
          ],
          "cubes": [
            {
              "origin": [
                -5,
                2.925,
                0.5
              ],
              "size": [
                10,
                8,
                8
              ],
              "uv": [
                0,
                0
              ]
            }
          ]
        },
        {
          "name": "torso_top",
          "parent": "torso",
          "pivot": [
            0,
            11.425,
            4.5
          ],
          "cubes": [
            {
              "origin": [
                -4.5,
                10.475,
                1
              ],
              "size": [
                9,
                2,
                7
              ],
              "uv": [
                0,
                32
              ]
            }
          ]
        },
        {
          "name": "head",
          "parent": "torso_top",
          "pivot": [
            0,
            12.53167,
            4.24833
          ],
          "rotation": [
            -90,
            0,
            0
          ],
          "cubes": [
            {
              "origin": [
                -4.5,
                9.77333,
                -3.155
              ],
              "size": [
                9,
                8,
                8
              ],
              "inflate": 0.01,
              "uv": [
                0,
                16
              ]
            },
            {
              "origin": [
                -2.5,
                10.02333,
                -3.175
              ],
              "size": [
                5,
                3,
                0
              ],
              "uv": [
                34,
                28
              ]
            },
            {
              "origin": [
                -0.5,
                11.79833,
                -3.425
              ],
              "size": [
                1,
                1,
                1
              ],
              "inflate": -0.225,
              "uv": [
                56,
                0
              ]
            }
          ]
        },
        {
          "name": "mouth_open",
          "parent": "head",
          "pivot": [
            -0.49,
            10.85833,
            -3.62
          ],
          "cubes": [
            {
              "origin": [
                -1,
                10.32333,
                -3.16
              ],
              "size": [
                2,
                1,
                0
              ],
              "inflate": 0.01,
              "uv": [
                56,
                6
              ]
            },
            {
              "origin": [
                -1.5,
                10.82333,
                -3.16
              ],
              "size": [
                3,
                1,
                0
              ],
              "uv": [
                46,
                54
              ]
            }
          ]
        },
        {
          "name": "mouth_closed",
          "parent": "head",
          "pivot": [
            -0.49,
            10.85833,
            -3.645
          ],
          "cubes": [
            {
              "origin": [
                -0.5,
                10.49833,
                -3.185
              ],
              "size": [
                1,
                1,
                0
              ],
              "inflate": 0.01,
              "uv": [
                41,
                31
              ]
            },
            {
              "origin": [
                -1.5,
                10.82333,
                -3.185
              ],
              "size": [
                3,
                1,
                0
              ],
              "uv": [
                34,
                31
              ]
            }
          ]
        },
        {
          "name": "eyes",
          "parent": "head",
          "pivot": [
            -0.49,
            14.15833,
            -4.72
          ]
        },
        {
          "name": "eye_right",
          "parent": "eyes",
          "pivot": [
            -2.175,
            12.84833,
            -3.0265
          ],
          "cubes": [
            {
              "origin": [
                -3,
                12.02333,
                -3.2
              ],
              "size": [
                2,
                2,
                0
              ],
              "uv": [
                50,
                12
              ]
            },
            {
              "origin": [
                -2.85,
                12.17333,
                -3.353
              ],
              "size": [
                1,
                1,
                1
              ],
              "inflate": -0.15,
              "uv": [
                56,
                10
              ]
            }
          ]
        },
        {
          "name": "eyelid_right",
          "parent": "eye_right",
          "pivot": [
            -3.49,
            12.65833,
            -4.59
          ],
          "cubes": [
            {
              "origin": [
                -3,
                12.02333,
                -3.1
              ],
              "size": [
                2,
                2,
                0
              ],
              "inflate": 0.01,
              "uv": [
                50,
                14
              ]
            }
          ]
        },
        {
          "name": "eye_left",
          "parent": "eyes",
          "pivot": [
            2.175,
            12.84833,
            -3.0265
          ],
          "cubes": [
            {
              "origin": [
                1,
                12.02333,
                -3.2
              ],
              "size": [
                2,
                2,
                0
              ],
              "uv": [
                46,
                55
              ]
            },
            {
              "origin": [
                1.85,
                12.17333,
                -3.353
              ],
              "size": [
                1,
                1,
                1
              ],
              "inflate": -0.15,
              "uv": [
                56,
                10
              ],
              "mirror": true
            }
          ]
        },
        {
          "name": "eyelid_left",
          "parent": "eye_left",
          "pivot": [
            2.51,
            12.65833,
            -4.59
          ],
          "cubes": [
            {
              "origin": [
                1,
                12.02333,
                -3.1
              ],
              "size": [
                2,
                2,
                0
              ],
              "inflate": 0.01,
              "uv": [
                52,
                54
              ]
            }
          ]
        },
        {
          "name": "ear_right",
          "parent": "head",
          "pivot": [
            -3.1648,
            17.19688,
            0.345
          ],
          "cubes": [
            {
              "origin": [
                -4.975,
                16.42333,
                -0.155
              ],
              "size": [
                4,
                6,
                1
              ],
              "pivot": [
                -1.625,
                16.92333,
                -0.08
              ],
              "rotation": [
                0,
                0,
                -35
              ],
              "uv": [
                14,
                54
              ]
            }
          ]
        },
        {
          "name": "earfur_2",
          "parent": "ear_right",
          "pivot": [
            -4.13716,
            16.97373,
            -1.895
          ],
          "cubes": [
            {
              "origin": [
                -4.57216,
                14.83873,
                -0.905
              ],
              "size": [
                2,
                4,
                1
              ],
              "pivot": [
                -3.57216,
                17.33873,
                -0.405
              ],
              "rotation": [
                12.5,
                0,
                -35
              ],
              "uv": [
                34,
                54
              ],
              "mirror": true
            }
          ]
        },
        {
          "name": "ear_left",
          "parent": "head",
          "pivot": [
            3.1648,
            17.19688,
            0.345
          ],
          "cubes": [
            {
              "origin": [
                0.975,
                16.42333,
                -0.155
              ],
              "size": [
                4,
                6,
                1
              ],
              "pivot": [
                1.625,
                16.92333,
                -0.08
              ],
              "rotation": [
                0,
                0,
                35
              ],
              "uv": [
                54,
                12
              ]
            }
          ]
        },
        {
          "name": "earfur_1",
          "parent": "ear_left",
          "pivot": [
            3.15716,
            16.97373,
            -1.895
          ],
          "cubes": [
            {
              "origin": [
                2.57216,
                14.83873,
                -0.905
              ],
              "size": [
                2,
                4,
                1
              ],
              "pivot": [
                3.57216,
                17.33873,
                -0.405
              ],
              "rotation": [
                12.5,
                0,
                35
              ],
              "uv": [
                34,
                54
              ]
            }
          ]
        },
        {
          "name": "head_front_fur",
          "parent": "head",
          "pivot": [
            -0.49,
            10.40833,
            -0.645
          ],
          "cubes": [
            {
              "origin": [
                -2.5,
                15.77333,
                -4.155
              ],
              "size": [
                5,
                4,
                4
              ],
              "uv": [
                52,
                28
              ]
            }
          ]
        },
        {
          "name": "head_front_fur2",
          "parent": "head_front_fur",
          "pivot": [
            0.5,
            18.77333,
            -2.155
          ],
          "cubes": [
            {
              "origin": [
                -1.5,
                16.77333,
                -2.155
              ],
              "size": [
                6,
                6,
                0
              ],
              "uv": [
                52,
                48
              ]
            }
          ]
        },
        {
          "name": "arm_right_rotate",
          "parent": "torso_top",
          "pivot": [
            -4.5,
            10.675,
            3.5
          ]
        },
        {
          "name": "arm_right",
          "parent": "arm_right_rotate",
          "pivot": [
            -4.5,
            9.675,
            3.5
          ],
          "cubes": [
            {
              "origin": [
                -10.5,
                8.175,
                2
              ],
              "size": [
                6,
                3,
                3
              ],
              "uv": [
                52,
                42
              ],
              "mirror": true
            }
          ]
        },
        {
          "name": "arm_3",
          "parent": "arm_right",
          "pivot": [
            -9,
            9.7,
            3.525
          ],
          "cubes": [
            {
              "origin": [
                -13.5,
                7.7,
                1.525
              ],
              "size": [
                5,
                4,
                4
              ],
              "uv": [
                34,
                46
              ],
              "mirror": true
            },
            {
              "origin": [
                -13.4,
                9.2,
                2.525
              ],
              "size": [
                1,
                1,
                1
              ],
              "uv": [
                56,
                4
              ],
              "mirror": true
            }
          ]
        },
        {
          "name": "finger_right_first2",
          "parent": "arm_3",
          "pivot": [
            -12.5,
            8.5,
            2.525
          ],
          "cubes": [
            {
              "origin": [
                -14.5,
                8.2,
                2.025
              ],
              "size": [
                2,
                1,
                1
              ],
              "uv": [
                44,
                30
              ],
              "mirror": true
            }
          ]
        },
        {
          "name": "finger_right_first",
          "parent": "arm_3",
          "pivot": [
            -12.5,
            10.875,
            2.525
          ],
          "cubes": [
            {
              "origin": [
                -14.5,
                10.175,
                2.025
              ],
              "size": [
                2,
                1,
                1
              ],
              "uv": [
                54,
                24
              ],
              "mirror": true
            }
          ]
        },
        {
          "name": "finger_right_middle",
          "parent": "arm_3",
          "pivot": [
            -12.5,
            9.7,
            3.025
          ],
          "cubes": [
            {
              "origin": [
                -14.5,
                9.2,
                2.525
              ],
              "size": [
                2,
                1,
                1
              ],
              "uv": [
                54,
                26
              ],
              "mirror": true
            }
          ]
        },
        {
          "name": "arm_left_rotate",
          "parent": "torso_top",
          "pivot": [
            4.5,
            10.675,
            3.5
          ]
        },
        {
          "name": "arm_left",
          "parent": "arm_left_rotate",
          "pivot": [
            4.5,
            9.675,
            3.5
          ],
          "cubes": [
            {
              "origin": [
                4.5,
                8.175,
                2
              ],
              "size": [
                6,
                3,
                3
              ],
              "uv": [
                52,
                42
              ]
            }
          ]
        },
        {
          "name": "arm_2",
          "parent": "arm_left",
          "pivot": [
            9,
            9.7,
            3.525
          ],
          "cubes": [
            {
              "origin": [
                8.5,
                7.7,
                1.525
              ],
              "size": [
                5,
                4,
                4
              ],
              "uv": [
                34,
                46
              ]
            },
            {
              "origin": [
                12.45,
                9.2,
                2.525
              ],
              "size": [
                1,
                1,
                1
              ],
              "uv": [
                56,
                4
              ]
            }
          ]
        },
        {
          "name": "finger_left_first2",
          "parent": "arm_2",
          "pivot": [
            12.5,
            8.5,
            2.525
          ],
          "cubes": [
            {
              "origin": [
                12.5,
                8.2,
                2.025
              ],
              "size": [
                2,
                1,
                1
              ],
              "uv": [
                44,
                30
              ]
            }
          ]
        },
        {
          "name": "finger_left_first",
          "parent": "arm_2",
          "pivot": [
            12.5,
            10.875,
            2.525
          ],
          "cubes": [
            {
              "origin": [
                12.5,
                10.175,
                2.025
              ],
              "size": [
                2,
                1,
                1
              ],
              "uv": [
                54,
                24
              ]
            }
          ]
        },
        {
          "name": "finger_left_middle",
          "parent": "arm_2",
          "pivot": [
            12.5,
            9.7,
            3.025
          ],
          "cubes": [
            {
              "origin": [
                12.5,
                9.2,
                2.525
              ],
              "size": [
                2,
                1,
                1
              ],
              "uv": [
                54,
                26
              ]
            }
          ]
        },
        {
          "name": "tail",
          "parent": "torso",
          "pivot": [
            0,
            3.925,
            7.5
          ],
          "rotation": [
            -77.5,
            0,
            0
          ],
          "cubes": [
            {
              "origin": [
                0,
                2.925,
                7
              ],
              "size": [
                0,
                3,
                8
              ],
              "uv": [
                0,
                41
              ]
            },
            {
              "origin": [
                0,
                5.915,
                10
              ],
              "size": [
                0,
                4,
                10
              ],
              "uv": [
                32,
                32
              ]
            }
          ]
        },
        {
          "name": "leg_right",
          "parent": "body",
          "pivot": [
            -4,
            5.425,
            4.525
          ],
          "rotation": [
            -12.5,
            0,
            0
          ],
          "cubes": [
            {
              "origin": [
                -6,
                1.675,
                1.525
              ],
              "size": [
                4,
                6,
                6
              ],
              "uv": [
                36,
                0
              ]
            }
          ]
        },
        {
          "name": "foot_right",
          "parent": "leg_right",
          "pivot": [
            -3.75,
            2.175,
            5.65
          ],
          "rotation": [
            12.5,
            0,
            0
          ],
          "cubes": [
            {
              "origin": [
                -4.75,
                1.175,
                4.15
              ],
              "size": [
                2,
                2,
                3
              ],
              "uv": [
                24,
                54
              ]
            },
            {
              "origin": [
                -5.25,
                0.175,
                3.4
              ],
              "size": [
                3,
                1,
                4
              ],
              "uv": [
                0,
                52
              ]
            }
          ]
        },
        {
          "name": "toes_right",
          "parent": "foot_right",
          "pivot": [
            -3.75,
            0.175,
            3.4
          ],
          "cubes": [
            {
              "origin": [
                -5.25,
                0.175,
                2.4
              ],
              "size": [
                3,
                1,
                1
              ],
              "uv": [
                36,
                14
              ]
            }
          ]
        },
        {
          "name": "leg_left",
          "parent": "body",
          "pivot": [
            4,
            5.425,
            4.525
          ],
          "rotation": [
            -12.5,
            0,
            0
          ],
          "cubes": [
            {
              "origin": [
                2,
                1.675,
                1.525
              ],
              "size": [
                4,
                6,
                6
              ],
              "uv": [
                34,
                16
              ]
            }
          ]
        },
        {
          "name": "foot_left",
          "parent": "leg_left",
          "pivot": [
            3.75,
            2.175,
            5.65
          ],
          "rotation": [
            12.5,
            0,
            0
          ],
          "cubes": [
            {
              "origin": [
                2.75,
                1.175,
                4.15
              ],
              "size": [
                2,
                2,
                3
              ],
              "uv": [
                54,
                19
              ]
            },
            {
              "origin": [
                2.25,
                0.175,
                3.4
              ],
              "size": [
                3,
                1,
                4
              ],
              "uv": [
                16,
                41
              ]
            }
          ]
        },
        {
          "name": "toes_left",
          "parent": "foot_left",
          "pivot": [
            3.75,
            0.175,
            3.4
          ],
          "cubes": [
            {
              "origin": [
                2.25,
                0.175,
                2.4
              ],
              "size": [
                3,
                1,
                1
              ],
              "uv": [
                36,
                12
              ]
            }
          ]
        }
      ]
    }
  ]
}