{
  "format_version": "1.12.0",
  "minecraft:geometry": [
    {
      "description": {
        "identifier": "geometry.unknown",
        "texture_width": 64,
        "texture_height": 64,
        "visible_bounds_width": 3,
        "visible_bounds_height": 2.5,
        "visible_bounds_offset": [
          0,
          0.75,
          0
        ]
      },
      "bones": [
        {
          "name": "spritzee",
          "pivot": [
            0,
            0,
            0
          ]
        },
        {
          "name": "torso",
          "parent": "spritzee",
          "pivot": [
            0,
            0,
            0
          ],
          "cubes": [
            {
              "origin": [
                -1,
                3.5,
                -2.75
              ],
              "size": [
                4,
                4,
                4
              ],
              "pivot": [
                0,
                5.5,
                0.25
              ],
              "rotation": [
                0,
                45,
                0
              ],
              "uv": [
                0,
                12
              ]
            },
            {
              "origin": [
                -3,
                2.5,
                -1.75
              ],
              "size": [
                6,
                6,
                6
              ],
              "uv": [
                0,
                0
              ]
            },
            {
              "origin": [
                -0.5,
                4,
                -4.75
              ],
              "size": [
                1,
                3,
                2
              ],
              "uv": [
                0,
                36
              ]
            },
            {
              "origin": [
                0,
                4,
                -5.75
              ],
              "size": [
                0,
                2,
                2
              ],
              "uv": [
                0,
                31
              ]
            }
          ]
        },
        {
          "name": "eyes",
          "parent": "torso",
          "pivot": [
            0,
            0,
            0
          ]
        },
        {
          "name": "eye_right",
          "parent": "eyes",
          "pivot": [
            1.4646,
            5.375,
            -2.54042
          ],
          "cubes": [
            {
              "origin": [
                1.00079,
                4,
                -3.372
              ],
              "size": [
                2,
                3,
                0
              ],
              "pivot": [
                0.62579,
                5.875,
                -3.38099
              ],
              "rotation": [
                0,
                -45,
                0
              ],
              "uv": [
                15,
                32
              ]
            },
            {
              "origin": [
                1.50079,
                4.75,
                -3.38099
              ],
              "size": [
                1,
                2,
                0
              ],
              "pivot": [
                0.62579,
                5.875,
                -3.38099
              ],
              "rotation": [
                0,
                -45,
                0
              ],
              "uv": [
                13,
                20
              ]
            },
            {
              "origin": [
                1.25079,
                5.75,
                -3.39099
              ],
              "size": [
                1,
                1,
                0
              ],
              "pivot": [
                0.62579,
                5.875,
                -3.38099
              ],
              "rotation": [
                0,
                -45,
                0
              ],
              "uv": [
                26,
                23
              ]
            },
            {
              "origin": [
                0.00079,
                3.5,
                -3.375
              ],
              "size": [
                3,
                1,
                0
              ],
              "pivot": [
                0.62579,
                5.875,
                -3.38099
              ],
              "rotation": [
                0,
                -45,
                0
              ],
              "uv": [
                10,
                18
              ]
            }
          ]
        },
        {
          "name": "lash_right",
          "parent": "eye_right",
          "pivot": [
            2.8097,
            6,
            -1.79429
          ],
          "cubes": [
            {
              "origin": [
                3,
                3.5,
                -1.751
              ],
              "size": [
                2,
                5,
                0
              ],
              "pivot": [
                3,
                6,
                -1.751
              ],
              "rotation": [
                0,
                -22.5,
                0
              ],
              "uv": [
                24,
                5
              ]
            }
          ]
        },
        {
          "name": "eyelid_right",
          "parent": "eye_right",
          "pivot": [
            1.45029,
            5.5,
            -2.40235
          ],
          "cubes": [
            {
              "origin": [
                0.9008,
                4,
                -3.272
              ],
              "size": [
                2,
                3,
                0
              ],
              "inflate": 0.01,
              "pivot": [
                0.62579,
                5.875,
                -3.38099
              ],
              "rotation": [
                0,
                -45,
                0
              ],
              "uv": [
                20,
                32
              ]
            }
          ]
        },
        {
          "name": "eye_left",
          "parent": "eyes",
          "pivot": [
            -1.4646,
            5.375,
            -2.54042
          ],
          "cubes": [
            {
              "origin": [
                -3.00079,
                4,
                -3.372
              ],
              "size": [
                2,
                3,
                0
              ],
              "pivot": [
                -0.62579,
                5.875,
                -3.38099
              ],
              "rotation": [
                0,
                45,
                0
              ],
              "uv": [
                34,
                5
              ]
            },
            {
              "origin": [
                -2.50079,
                4.75,
                -3.38099
              ],
              "size": [
                1,
                2,
                0
              ],
              "pivot": [
                -0.62579,
                5.875,
                -3.38099
              ],
              "rotation": [
                0,
                45,
                0
              ],
              "uv": [
                13,
                23
              ]
            },
            {
              "origin": [
                -2.25079,
                5.75,
                -3.39099
              ],
              "size": [
                1,
                1,
                0
              ],
              "pivot": [
                -0.62579,
                5.875,
                -3.38099
              ],
              "rotation": [
                0,
                45,
                0
              ],
              "uv": [
                25,
                32
              ]
            },
            {
              "origin": [
                -3.00079,
                3.5,
                -3.375
              ],
              "size": [
                3,
                1,
                0
              ],
              "pivot": [
                -0.62579,
                5.875,
                -3.38099
              ],
              "rotation": [
                0,
                45,
                0
              ],
              "uv": [
                0,
                18
              ]
            }
          ]
        },
        {
          "name": "lash_left",
          "parent": "eye_left",
          "pivot": [
            -2.8097,
            6,
            -1.79429
          ],
          "cubes": [
            {
              "origin": [
                -5,
                3.5,
                -1.751
              ],
              "size": [
                2,
                5,
                0
              ],
              "pivot": [
                -3,
                6,
                -1.751
              ],
              "rotation": [
                0,
                22.5,
                0
              ],
              "uv": [
                3,
                25
              ]
            }
          ]
        },
        {
          "name": "eyelid_left",
          "parent": "eye_left",
          "pivot": [
            -1.45029,
            5.5,
            -2.40235
          ],
          "cubes": [
            {
              "origin": [
                -2.9008,
                4,
                -3.272
              ],
              "size": [
                2,
                3,
                0
              ],
              "inflate": 0.01,
              "pivot": [
                -0.62579,
                5.875,
                -3.38099
              ],
              "rotation": [
                0,
                45,
                0
              ],
              "uv": [
                25,
                34
              ]
            }
          ]
        },
        {
          "name": "decor",
          "parent": "torso",
          "pivot": [
            0,
            0,
            0
          ]
        },
        {
          "name": "decor_right",
          "parent": "decor",
          "pivot": [
            3,
            6,
            1.75
          ],
          "cubes": [
            {
              "origin": [
                3,
                3.5,
                1.75
              ],
              "size": [
                4,
                5,
                0
              ],
              "uv": [
                26,
                17
              ]
            }
          ]
        },
        {
          "name": "decor_left",
          "parent": "decor",
          "pivot": [
            -3,
            6,
            1.75
          ],
          "cubes": [
            {
              "origin": [
                -7,
                3.5,
                1.75
              ],
              "size": [
                4,
                5,
                0
              ],
              "uv": [
                20,
                26
              ]
            }
          ]
        },
        {
          "name": "hair",
          "parent": "torso",
          "pivot": [
            0,
            8,
            0.75
          ],
          "cubes": [
            {
              "origin": [
                -1,
                7.5,
                -0.75
              ],
              "size": [
                2,
                2,
                3
              ],
              "uv": [
                17,
                12
              ]
            }
          ]
        },
        {
          "name": "hair_tuff",
          "parent": "hair",
          "pivot": [
            0,
            9.5,
            1.5
          ],
          "cubes": [
            {
              "origin": [
                0,
                8.5,
                0.25
              ],
              "size": [
                0,
                4,
                4
              ],
              "uv": [
                17,
                17
              ]
            }
          ]
        },
        {
          "name": "wings",
          "parent": "torso",
          "pivot": [
            0,
            0,
            0
          ]
        },
        {
          "name": "wing_left",
          "parent": "wings",
          "pivot": [
            2.5,
            4.75,
            -0.25
          ],
          "cubes": [
            {
              "origin": [
                3,
                3,
                -0.75
              ],
              "size": [
                2,
                3,
                1
              ],
              "uv": [
                29,
                29
              ]
            }
          ]
        },
        {
          "name": "forewing_left",
          "parent": "wing_left",
          "pivot": [
            4.5,
            5,
            -0.25
          ],
          "cubes": [
            {
              "origin": [
                3,
                2.5,
                -0.25
              ],
              "size": [
                4,
                5,
                0
              ],
              "uv": [
                11,
                26
              ]
            }
          ]
        },
        {
          "name": "wing_right",
          "parent": "wings",
          "pivot": [
            -2.5,
            4.75,
            -0.25
          ],
          "cubes": [
            {
              "origin": [
                -5,
                3,
                -0.75
              ],
              "size": [
                2,
                3,
                1
              ],
              "uv": [
                30,
                11
              ]
            }
          ]
        },
        {
          "name": "forewing_right",
          "parent": "wing_right",
          "pivot": [
            -4.5,
            5,
            -0.25
          ],
          "cubes": [
            {
              "origin": [
                -7,
                2.5,
                -0.25
              ],
              "size": [
                4,
                5,
                0
              ],
              "uv": [
                29,
                23
              ]
            }
          ]
        },
        {
          "name": "legs",
          "parent": "spritzee",
          "pivot": [
            0,
            3,
            1
          ]
        },
        {
          "name": "decor_back",
          "parent": "legs",
          "pivot": [
            0,
            3,
            1.251
          ],
          "cubes": [
            {
              "origin": [
                -3,
                1.25,
                1.251
              ],
              "size": [
                6,
                4,
                0
              ],
              "uv": [
                23,
                0
              ]
            }
          ]
        },
        {
          "name": "decor_front",
          "parent": "legs",
          "pivot": [
            0,
            3,
            0.249
          ],
          "cubes": [
            {
              "origin": [
                -3,
                1.25,
                0.249
              ],
              "size": [
                6,
                4,
                0
              ],
              "uv": [
                0,
                20
              ]
            }
          ]
        },
        {
          "name": "leg_right",
          "parent": "legs",
          "pivot": [
            0.5,
            3,
            0.75
          ],
          "cubes": [
            {
              "origin": [
                0,
                0,
                0.25
              ],
              "size": [
                1,
                3,
                1
              ],
              "uv": [
                5,
                31
              ]
            }
          ]
        },
        {
          "name": "leg_left",
          "parent": "legs",
          "pivot": [
            -0.5,
            3,
            0.75
          ],
          "cubes": [
            {
              "origin": [
                -1,
                0,
                0.25
              ],
              "size": [
                1,
                3,
                1
              ],
              "uv": [
                10,
                32
              ]
            }
          ]
        }
      ]
    }
  ]
}