{
  "portraitScale": 3.16,
  "portraitTranslation": [
    -0.36,
    -1.5,
    0
  ],
  "profileScale": 1,
  "profileTranslation": [
    0.08,
    0.3,
    0
  ],
  "rootBone": "carkol",
  "animations": {
    "cry": "q.bedrock_primary('carkol', 'cry', q.curve('symmetrical_wide'))",
    "special": "q.bedrock_primary('carkol', 'special', q.curve('symmetrical_wide'))",
    "status": "q.bedrock_primary('carkol', 'status', q.curve('symmetrical_wide'))"
  },
  "poses": {
    "battle-standing": {
      "transformTicks": 10,
      "poseTypes": [
        "STAND",
        "WALK"
      ],
      "isBattle": true,
      "animations": [
        "q.look('head')",
        "q.bedrock('carkol', 'ground_idle')"
      ]
    },
    "standing": {
      "transformTicks": 10,
      "poseTypes": [
        "STAND",
        "NONE",
        "PORTRAIT",
        "PROFILE"
      ],
      "isBattle": false,
      "animations": [
        "q.look('head')",
        "q.bedrock('carkol', 'ground_idle')"
      ]
    },
    "walking": {
      "transformTicks": 8,
      "poseTypes": [
        "WALK"
      ],
      "animations": [
        "q.look('head')",
        "q.bedrock('carkol', 'ground_walk')"
      ]
    },
    "hover": {
      "transformTicks": 5,
      "poseTypes": [
        "FLY",
        "HOVER",
        "FLOAT"
      ],
      "animations": [
        "q.look('head')",
        "q.bedrock('carkol', 'ground_idle')"
      ]
    },
    "float": {
      "transformTicks": 5,
      "poseTypes": [
        "FLOAT"
      ],
      "animations": [
        "q.look('head')",
        "q.bedrock('carkol', 'ground_walk')"
      ]
    },
    "swim": {
      "transformTicks": 8,
      "poseTypes": [
        "SWIM"
      ],
      "animations": [
        "q.look('head')",
        "q.bedrock('carkol', 'ground_walk')"
      ]
    }
  }
}