{
  "head": "head",
  "portraitScale": 2,
  "portraitTranslation": [
    0.,
    0.1,
    0
  ],
  "profileScale": 0.8,
  "profileTranslation": [
    0,
    0.6,
    -0.3
  ],
  "animations": {
    "cry": "q.bedrock_primary('brutebonnet', 'cry', q.curve('symmetrical_wide'))",
    "faint": "q.bedrock_stateful('brutebonnet', 'faint', q.curve('one'))"
  },
  "poses": {
    "standing": {
      "poseName": "standing",
      "transformTicks": 10,
      "poseTypes": [
        "STAND",
        "NONE",
        "PORTRAIT",
        "PROFILE"
      ],
      "animations": [
        "bedrock(brutebonnet, ground_idle)"
      ]
    }
  }
}