{
  "portraitScale": 2.5,
  "portraitTranslation": [
    -0.1,
    2.09,
    0
  ],
  "profileScale": 0.6,
  "profileTranslation": [
    0.01,
    0.89,
    0
  ],
  "animations": {
    "faint": "q.bedrock_primary('ironvaliant', 'faint', q.curve('one'))",
    "cry": "q.bedrock_stateful('ironvaliant', 'cry', q.curve('symmetrical_wide'))",
    "recoil": "q.bedrock_stateful('ironvaliant', 'recoil')",
    "physical": "q.bedrock_primary('ironvaliant', 'physical', q.curve('symmetrical_wide'))",
    "special": "q.bedrock_primary('ironvaliant', 'special', q.curve('symmetrical_wide'))",
    "status": "q.bedrock_primary('ironvaliant', 'status', q.curve('symmetrical_wide'))"
  },
  "poses": {
    "battle-standing": {
      "poseTypes": [
        "STAND"
      ],
      "isBattle": true,
      "animations": [
        "q.look('head')",
        "q.bedrock('ironvaliant', 'battle_idle')"
      ]
    },
    "standing": {
      "poseTypes": [
        "STAND",
        "NONE",
        "PORTRAIT",
        "PROFILE"
      ],
      "isBattle": false,
      "animations": [
        "q.look('head')",
        "q.bedrock('ironvaliant', 'ground_idle')"
      ]
    },
    "walking": {
      "poseTypes": [
        "WALK"
      ],
      "animations": [
        "q.look('head')",
        "q.bedrock('ironvaliant', 'ground_walk')"
      ]
    }
  }
}