{
  "format_version": "1.12.0",
  "minecraft:geometry": [
    {
      "description": {
        "identifier": "geometry.steenee",
        "texture_width": 64,
        "texture_height": 64,
        "visible_bounds_width": 4,
        "visible_bounds_height": 3.5,
        "visible_bounds_offset": [
          0,
          1.25,
          0
        ]
      },
      "bones": [
        {
          "name": "steenee",
          "pivot": [
            0,
            0,
            0
          ]
        },
        {
          "name": "body",
          "parent": "steenee",
          "pivot": [
            0,
            0,
            0
          ]
        },
        {
          "name": "torso_top",
          "parent": "body",
          "pivot": [
            0,
            11,
            0
          ],
          "cubes": [
            {
              "origin": [
                -1.5,
                10.5,
                -1.5
              ],
              "size": [
                3,
                4,
                3
              ],
              "uv": [
                22,
                36
              ]
            }
          ]
        },
        {
          "name": "head",
          "parent": "torso_top",
          "pivot": [
            0,
            14.25,
            0
          ],
          "cubes": [
            {
              "origin": [
                -4,
                14.25,
                -3
              ],
              "size": [
                8,
                6,
                6
              ],
              "uv": [
                0,
                24
              ]
            },
            {
              "origin": [
                -3.5,
                17.85,
                -3
              ],
              "size": [
                1,
                1,
                0
              ],
              "inflate": 0.01,
              "uv": [
                0,
                24
              ],
              "mirror": true
            },
            {
              "origin": [
                2.5,
                17.85,
                -3
              ],
              "size": [
                1,
                1,
                0
              ],
              "inflate": 0.01,
              "uv": [
                0,
                24
              ]
            }
          ]
        },
        {
          "name": "mouth",
          "parent": "head",
          "pivot": [
            0,
            15.5,
            -3.025
          ],
          "cubes": [
            {
              "origin": [
                -2,
                14.3,
                -3.01
              ],
              "size": [
                4,
                2,
                0
              ],
              "inflate": 0.01,
              "uv": [
                10,
                43
              ]
            }
          ]
        },
        {
          "name": "mouthopen",
          "parent": "head",
          "pivot": [
            0,
            15.5,
            -0.925
          ],
          "cubes": [
            {
              "origin": [
                -2,
                13.8,
                -0.925
              ],
              "size": [
                4,
                2.3,
                0
              ],
              "inflate": 0.01,
              "uv": [
                10,
                45
              ]
            }
          ]
        },
        {
          "name": "eye_right",
          "parent": "head",
          "pivot": [
            -2.08682,
            17.5076,
            -3.025
          ],
          "rotation": [
            0,
            0,
            15
          ],
          "cubes": [
            {
              "origin": [
                -3.08682,
                16.0076,
                -3.01
              ],
              "size": [
                2,
                3,
                0
              ],
              "inflate": 0.02,
              "uv": [
                0,
                25
              ],
              "mirror": true
            },
            {
              "origin": [
                -3.28682,
                15.8076,
                -3
              ],
              "size": [
                2.4,
                3.4,
                0
              ],
              "inflate": 0.02,
              "uv": [
                0,
                46
              ],
              "mirror": true
            },
            {
              "origin": [
                -1.98682,
                18.0076,
                -3.015
              ],
              "size": [
                1,
                1,
                0
              ],
              "inflate": 0.02,
              "uv": [
                3,
                24
              ],
              "mirror": true
            }
          ]
        },
        {
          "name": "eyelid_right",
          "parent": "eye_right",
          "pivot": [
            -2.08682,
            17.5076,
            -2.9
          ],
          "cubes": [
            {
              "origin": [
                -3.08682,
                16.0076,
                -2.9
              ],
              "size": [
                2,
                3,
                1
              ],
              "inflate": 0.03,
              "uv": [
                0,
                45
              ],
              "mirror": true
            }
          ]
        },
        {
          "name": "eye_left",
          "parent": "head",
          "pivot": [
            2.08682,
            17.5076,
            -3.025
          ],
          "rotation": [
            0,
            0,
            -15
          ],
          "cubes": [
            {
              "origin": [
                1.08682,
                16.0076,
                -3.01
              ],
              "size": [
                2,
                3,
                0
              ],
              "inflate": 0.02,
              "uv": [
                0,
                25
              ]
            },
            {
              "origin": [
                0.88682,
                15.8076,
                -3
              ],
              "size": [
                2.4,
                3.4,
                0
              ],
              "inflate": 0.02,
              "uv": [
                0,
                46
              ]
            },
            {
              "origin": [
                0.98682,
                18.0076,
                -3.015
              ],
              "size": [
                1,
                1,
                0
              ],
              "inflate": 0.02,
              "uv": [
                3,
                24
              ]
            }
          ]
        },
        {
          "name": "eyelid_left",
          "parent": "eye_left",
          "pivot": [
            2.08682,
            17.5076,
            -2.9
          ],
          "cubes": [
            {
              "origin": [
                1.08682,
                16.0076,
                -2.9
              ],
              "size": [
                2,
                3,
                1
              ],
              "inflate": 0.03,
              "uv": [
                0,
                45
              ]
            }
          ]
        },
        {
          "name": "leaves",
          "parent": "head",
          "pivot": [
            0,
            20.25,
            0
          ]
        },
        {
          "name": "leaf_front",
          "parent": "leaves",
          "pivot": [
            0,
            22.25,
            0
          ],
          "rotation": [
            10,
            0,
            0
          ],
          "cubes": [
            {
              "origin": [
                -3,
                20,
                -5
              ],
              "size": [
                6,
                2,
                5
              ],
              "inflate": 0.01,
              "uv": [
                0,
                36
              ]
            }
          ]
        },
        {
          "name": "leaf_back",
          "parent": "leaves",
          "pivot": [
            0,
            22.25,
            0
          ],
          "rotation": [
            -15,
            0,
            0
          ],
          "cubes": [
            {
              "origin": [
                -3,
                20,
                0
              ],
              "size": [
                6,
                2,
                5
              ],
              "uv": [
                24,
                0
              ]
            }
          ]
        },
        {
          "name": "leaf_right",
          "parent": "leaves",
          "pivot": [
            -3,
            22,
            0
          ],
          "cubes": [
            {
              "origin": [
                -10,
                20,
                -3
              ],
              "size": [
                8,
                3,
                7
              ],
              "inflate": 0.01,
              "uv": [
                25,
                17
              ]
            }
          ]
        },
        {
          "name": "leaf_right2",
          "parent": "leaf_right",
          "pivot": [
            -10,
            23,
            0
          ],
          "cubes": [
            {
              "origin": [
                -16,
                20,
                -3
              ],
              "size": [
                6,
                3,
                6
              ],
              "uv": [
                28,
                27
              ]
            }
          ]
        },
        {
          "name": "leaf_right3",
          "parent": "leaf_right2",
          "pivot": [
            -16,
            22.25,
            0.25
          ],
          "cubes": [
            {
              "origin": [
                -19,
                20.25,
                -1.25
              ],
              "size": [
                3,
                2,
                3
              ],
              "uv": [
                41,
                0
              ]
            }
          ]
        },
        {
          "name": "leaf_left",
          "parent": "leaves",
          "pivot": [
            3,
            22,
            0
          ],
          "cubes": [
            {
              "origin": [
                2,
                20,
                -3
              ],
              "size": [
                8,
                3,
                7
              ],
              "inflate": 0.01,
              "uv": [
                0,
                14
              ]
            }
          ]
        },
        {
          "name": "leaf_left2",
          "parent": "leaf_left",
          "pivot": [
            10,
            23,
            0
          ],
          "cubes": [
            {
              "origin": [
                10,
                20,
                -3
              ],
              "size": [
                6,
                3,
                6
              ],
              "uv": [
                26,
                8
              ]
            }
          ]
        },
        {
          "name": "leaf_left3",
          "parent": "leaf_left2",
          "pivot": [
            16,
            22.25,
            0.25
          ],
          "cubes": [
            {
              "origin": [
                16,
                20.25,
                -1.25
              ],
              "size": [
                3,
                2,
                3
              ],
              "uv": [
                34,
                36
              ]
            }
          ]
        },
        {
          "name": "stem",
          "parent": "head",
          "pivot": [
            0,
            21.75,
            0
          ],
          "rotation": [
            0,
            0,
            5
          ],
          "cubes": [
            {
              "origin": [
                -0.5,
                21.25,
                -0.5
              ],
              "size": [
                1,
                3,
                1
              ],
              "uv": [
                0,
                14
              ]
            }
          ]
        },
        {
          "name": "stem2",
          "parent": "stem",
          "pivot": [
            0.5,
            24.25,
            0
          ],
          "rotation": [
            0,
            0,
            -25
          ],
          "cubes": [
            {
              "origin": [
                -0.5,
                24.25,
                -0.5
              ],
              "size": [
                1,
                1,
                1
              ],
              "inflate": 0.01,
              "uv": [
                4,
                5
              ]
            }
          ]
        },
        {
          "name": "stem3",
          "parent": "stem2",
          "pivot": [
            0.5,
            25.25,
            0
          ],
          "rotation": [
            0,
            0,
            -45
          ],
          "cubes": [
            {
              "origin": [
                -0.5,
                25.25,
                -0.5
              ],
              "size": [
                1,
                2,
                1
              ],
              "uv": [
                0,
                5
              ]
            }
          ]
        },
        {
          "name": "arm_right",
          "parent": "torso_top",
          "pivot": [
            -1.5,
            13.5,
            0
          ],
          "cubes": [
            {
              "origin": [
                -5.5,
                13,
                -0.5
              ],
              "size": [
                4,
                1,
                1
              ],
              "uv": [
                0,
                43
              ]
            }
          ]
        },
        {
          "name": "arm_right2",
          "parent": "arm_right",
          "pivot": [
            -5.5,
            13.5,
            0
          ],
          "cubes": [
            {
              "origin": [
                -8.5,
                13,
                -1
              ],
              "size": [
                3,
                1,
                2
              ],
              "uv": [
                32,
                41
              ]
            }
          ]
        },
        {
          "name": "arm_left1",
          "parent": "torso_top",
          "pivot": [
            1.5,
            13.5,
            0
          ],
          "cubes": [
            {
              "origin": [
                1.5,
                13,
                -0.5
              ],
              "size": [
                4,
                1,
                1
              ],
              "uv": [
                40,
                41
              ]
            }
          ]
        },
        {
          "name": "arm_left2",
          "parent": "arm_left1",
          "pivot": [
            5.5,
            13.5,
            0
          ],
          "cubes": [
            {
              "origin": [
                5.5,
                13,
                -1
              ],
              "size": [
                3,
                1,
                2
              ],
              "uv": [
                24,
                27
              ]
            }
          ]
        },
        {
          "name": "torso_bottom",
          "parent": "body",
          "pivot": [
            0,
            11,
            0
          ],
          "cubes": [
            {
              "origin": [
                -4,
                5,
                -4
              ],
              "size": [
                8,
                6,
                8
              ],
              "uv": [
                0,
                0
              ]
            },
            {
              "origin": [
                -2.5,
                4.5,
                -2.5
              ],
              "size": [
                5,
                6,
                5
              ],
              "uv": [
                8,
                47
              ]
            },
            {
              "origin": [
                4,
                5.7,
                -3
              ],
              "size": [
                1,
                5,
                6
              ],
              "uv": [
                0,
                53
              ]
            },
            {
              "origin": [
                -3,
                5.7,
                -5
              ],
              "size": [
                6,
                5,
                1
              ],
              "uv": [
                14,
                58
              ]
            },
            {
              "origin": [
                -5,
                5.7,
                -3
              ],
              "size": [
                1,
                5,
                6
              ],
              "uv": [
                0,
                53
              ]
            },
            {
              "origin": [
                -3,
                5.7,
                4
              ],
              "size": [
                6,
                5,
                1
              ],
              "uv": [
                14,
                58
              ]
            }
          ]
        },
        {
          "name": "leg_left",
          "parent": "body",
          "pivot": [
            1,
            5,
            -0.5
          ],
          "cubes": [
            {
              "origin": [
                0,
                0,
                0
              ],
              "size": [
                2,
                5,
                0
              ],
              "uv": [
                0,
                0
              ]
            },
            {
              "origin": [
                0,
                0,
                -0.5
              ],
              "size": [
                1,
                5,
                1
              ],
              "uv": [
                28,
                52
              ]
            }
          ]
        },
        {
          "name": "leg_right",
          "parent": "body",
          "pivot": [
            -1,
            5,
            -0.5
          ],
          "cubes": [
            {
              "origin": [
                -2,
                0,
                0
              ],
              "size": [
                2,
                5,
                0
              ],
              "uv": [
                4,
                0
              ]
            },
            {
              "origin": [
                -1,
                0,
                -0.5
              ],
              "size": [
                1,
                5,
                1
              ],
              "uv": [
                32,
                52
              ]
            }
          ]
        }
      ]
    }
  ]
}