{
  "portraitScale": 1,
  "portraitTranslation": [
    0,
    1.7,
    0
  ],
  "profileScale": 0.5,
  "profileTranslation": [
    0,
    1.0,
    0
  ],
  "faint": "bedrock(cresselia, faint)",
  "poses": {
    "standing": {
      "poseName": "standing",
      "transformTicks": 10,
      "poseTypes": [
        "STAND",
        "NONE",
        "PORTRAIT",
        "PROFILE"
      ],
      "animations": [
        "bedrock(cresselia, ground_idle)"
      ]
    },
    "walking": {
      "poseName": "walking",
      "transformTicks": 10,
      "poseTypes": [
        "WALK"
      ],
      "animations": [
        "bedrock(cresselia, ground_walk)"
      ]
    }
  }
}