{
  "portraitScale": 0.83,
  "portraitTranslation": [
    0.079,
    0.971,
    0
  ],
  "profileScale": 0.4,
  "profileTranslation": [
    0.02,
    1.13,
    0
  ],
  "animations": {
    "cry": "q.bedrock_stateful('tympole', 'cry')",
    "faint": "q.bedrock_primary('tympole', 'sleep', q.curve('one'))",
    "recoil": "q.bedrock_stateful('tympole', 'pose2')",
    "physical": "q.bedrock_primary('tympole', 'cry')",
    "special": "q.bedrock_primary('tympole', 'cry')",
    "status": "q.bedrock_primary('tympole', 'status', q.curve('symmetrical_wide'))"
  },
  "poses": {
    "battle-standing": {
      "poseTypes": [
        "STAND",
        "WALK"
      ],
      "isBattle": true,
      "animations": [
        "q.look('head')",
        "q.bedrock('tympole', 'water_idle')"
      ],
      "quirks": [
        "q.bedrock_quirk('tympole', 'blink')"
      ]
    },
    "standing": {
      "poseTypes": [
        "STAND",
        "NONE",
        "PORTRAIT",
        "PROFILE"
      ],
      "isBattle": false,
      "animations": [
        "q.look('head')",
        "q.bedrock('tympole', 'ground_idle')"
      ],
      "quirks": [
        "q.bedrock_quirk('tympole', 'blink')"
      ]
    },
    "walking": {
      "poseTypes": [
        "WALK"
      ],
      "animations": [
        "q.look('head')",
        "q.bedrock('tympole', 'ground_walk')"
      ]
    },
    "float": {
      "poseTypes": [
        "FLOAT"
      ],
      "animations": [
        "q.look('head')",
        "q.bedrock('tympole', 'water_idle')"
      ],
      "quirks": [
        "q.bedrock_quirk('tympole', 'blink')"
      ]
    },
    "swim": {
      "poseTypes": [
        "SWIM"
      ],
      "animations": [
        "q.look('head')",
        "q.bedrock('tympole', 'water_swim')"
      ],
      "quirks": [
        "q.bedrock_quirk('tympole', 'blink')"
      ]
    },
    "sleeping": {
      "poseTypes": [
        "SLEEP"
      ],
      "animations": [
        "q.bedrock('tympole', 'sleep')"
      ]
    }
  }
}
