{
  "format_version": "1.12.0",
  "minecraft:geometry": [
    {
      "description": {
        "identifier": "geometry.yveltal",
        "texture_width": 512,
        "texture_height": 512,
        "visible_bounds_width": 83,
        "visible_bounds_height": 19,
        "visible_bounds_offset": [
          0,
          6.5,
          0
        ]
      },
      "bones": [
        {
          "name": "yveltal",
          "pivot": [
            0,
            0,
            0
          ]
        },
        {
          "name": "body",
          "parent": "yveltal",
          "pivot": [
            1,
            30,
            33
          ]
        },
        {
          "name": "torso",
          "parent": "body",
          "pivot": [
            1,
            24.75,
            33
          ],
          "rotation": [
            -30,
            0,
            0
          ]
        },
        {
          "name": "bone7",
          "parent": "torso",
          "pivot": [
            0,
            33.75,
            31.5
          ],
          "cubes": [
            {
              "origin": [
                -10,
                20.75,
                16.5
              ],
              "size": [
                20,
                15,
                15
              ],
              "uv": [
                0,
                246
              ]
            }
          ]
        },
        {
          "name": "bone16",
          "parent": "bone7",
          "pivot": [
            0,
            34.75,
            18.25
          ],
          "cubes": [
            {
              "origin": [
                -13,
                17.75,
                -4.5
              ],
              "size": [
                26,
                19,
                23
              ],
              "uv": [
                0,
                134
              ]
            },
            {
              "origin": [
                14,
                16.75,
                -5.5
              ],
              "size": [
                0,
                21,
                11
              ],
              "uv": [
                344,
                480
              ]
            },
            {
              "origin": [
                -14,
                16.75,
                -5.5
              ],
              "size": [
                0,
                21,
                11
              ],
              "uv": [
                344,
                480
              ],
              "mirror": true
            },
            {
              "origin": [
                -14,
                16.75,
                -5.5
              ],
              "size": [
                28,
                0,
                11
              ],
              "uv": [
                11,
                482
              ]
            },
            {
              "origin": [
                -14,
                37.75,
                -5.5
              ],
              "size": [
                28,
                0,
                11
              ],
              "uv": [
                251,
                501
              ]
            },
            {
              "origin": [
                -14,
                16.75,
                -5.5
              ],
              "size": [
                28,
                21,
                0
              ],
              "uv": [
                366,
                491
              ]
            },
            {
              "origin": [
                -11,
                18.75,
                -10.5
              ],
              "size": [
                22,
                16,
                6
              ],
              "uv": [
                246,
                49
              ]
            },
            {
              "origin": [
                -12,
                17.75,
                -11.5
              ],
              "size": [
                24,
                0,
                7
              ],
              "uv": [
                401,
                0
              ]
            },
            {
              "origin": [
                -12,
                17.75,
                -11.5
              ],
              "size": [
                24,
                17,
                0
              ],
              "uv": [
                360,
                6
              ]
            },
            {
              "origin": [
                -12,
                17.75,
                -11.5
              ],
              "size": [
                0,
                17,
                7
              ],
              "uv": [
                408,
                0
              ]
            },
            {
              "origin": [
                12,
                17.75,
                -11.5
              ],
              "size": [
                0,
                17,
                7
              ],
              "uv": [
                408,
                0
              ]
            },
            {
              "origin": [
                -12,
                34.75,
                -11.5
              ],
              "size": [
                24,
                0,
                7
              ],
              "uv": [
                457,
                0
              ]
            }
          ]
        },
        {
          "name": "bone21",
          "parent": "bone16",
          "pivot": [
            2,
            32.75,
            -7.5
          ],
          "cubes": [
            {
              "origin": [
                -12,
                30.75,
                -14.5
              ],
              "size": [
                24,
                19,
                21
              ],
              "inflate": 0.02,
              "uv": [
                0,
                176
              ]
            },
            {
              "origin": [
                5,
                30.75,
                -3.5
              ],
              "size": [
                11,
                27,
                0
              ],
              "uv": [
                256,
                294
              ]
            },
            {
              "origin": [
                -16,
                30.75,
                -3.5
              ],
              "size": [
                11,
                27,
                0
              ],
              "uv": [
                256,
                294
              ],
              "mirror": true
            },
            {
              "origin": [
                0,
                30.75,
                -18.5
              ],
              "size": [
                0,
                24,
                23
              ],
              "uv": [
                250,
                2
              ]
            }
          ]
        },
        {
          "name": "bone22",
          "parent": "bone21",
          "pivot": [
            2,
            47.75,
            -7.5
          ],
          "cubes": [
            {
              "origin": [
                -10.5,
                46.75,
                -10.5
              ],
              "size": [
                21,
                14,
                16
              ],
              "uv": [
                230,
                234
              ]
            }
          ]
        },
        {
          "name": "bone23",
          "parent": "bone22",
          "pivot": [
            2,
            57.75,
            -1.5
          ],
          "cubes": [
            {
              "origin": [
                -8.5,
                56.75,
                -5.5
              ],
              "size": [
                17,
                16,
                13
              ],
              "uv": [
                134,
                258
              ]
            },
            {
              "origin": [
                0.5,
                58.75,
                -0.5
              ],
              "size": [
                11,
                16,
                0
              ],
              "uv": [
                304,
                244
              ]
            },
            {
              "origin": [
                -11.5,
                58.75,
                -0.5
              ],
              "size": [
                11,
                16,
                0
              ],
              "uv": [
                304,
                244
              ],
              "mirror": true
            }
          ]
        },
        {
          "name": "bone24",
          "parent": "bone23",
          "pivot": [
            0,
            67.75,
            0.5
          ],
          "cubes": [
            {
              "origin": [
                -5,
                67.75,
                -3.5
              ],
              "size": [
                10,
                16,
                8
              ],
              "uv": [
                194,
                258
              ]
            }
          ]
        },
        {
          "name": "bone84",
          "parent": "bone24",
          "pivot": [
            0,
            80.75,
            1.5
          ],
          "cubes": [
            {
              "origin": [
                0,
                80.75,
                -2.5
              ],
              "size": [
                0,
                12,
                8
              ],
              "uv": [
                93,
                221
              ]
            }
          ]
        },
        {
          "name": "bone6",
          "parent": "bone16",
          "pivot": [
            0,
            28.75,
            -7.5
          ],
          "rotation": [
            2.5,
            0,
            0
          ],
          "cubes": [
            {
              "origin": [
                -7,
                20.75,
                -25.5
              ],
              "size": [
                14,
                13,
                20
              ],
              "uv": [
                236,
                99
              ]
            }
          ]
        },
        {
          "name": "locator_seat_1",
          "parent": "bone6",
          "pivot": [
            0,
            34.75,
            -11
          ],
          "locators": {
            "seat_1": [
              0,
              34.75,
              -11
            ]
          }
        },
        {
          "name": "head",
          "parent": "bone6",
          "pivot": [
            0,
            28.5,
            -23.75
          ],
          "rotation": [
            25,
            0,
            0
          ],
          "cubes": [
            {
              "origin": [
                -6.5,
                21.078,
                -30.71188
              ],
              "size": [
                13,
                4,
                8
              ],
              "inflate": -0.01,
              "uv": [
                156,
                225
              ]
            },
            {
              "origin": [
                -6.5,
                25.078,
                -32.71188
              ],
              "size": [
                13,
                8,
                10
              ],
              "inflate": -0.01,
              "uv": [
                144,
                71
              ]
            }
          ]
        },
        {
          "name": "bone79",
          "parent": "head",
          "pivot": [
            5.5,
            30.078,
            -17.71188
          ],
          "rotation": [
            0.43564,
            4.99053,
            29.99996
          ],
          "cubes": [
            {
              "origin": [
                5.51485,
                28.61646,
                -45.53995
              ],
              "size": [
                0,
                17,
                38
              ],
              "uv": [
                437,
                457
              ]
            }
          ]
        },
        {
          "name": "bone78",
          "parent": "head",
          "pivot": [
            -5.25,
            30.078,
            -18.71188
          ],
          "rotation": [
            0.43564,
            -4.99053,
            -29.99996
          ],
          "cubes": [
            {
              "origin": [
                -5.26485,
                28.61646,
                -45.53995
              ],
              "size": [
                0,
                17,
                38
              ],
              "uv": [
                437,
                457
              ],
              "mirror": true
            }
          ]
        },
        {
          "name": "bone2",
          "parent": "head",
          "pivot": [
            1.5,
            31.078,
            -33.71188
          ],
          "rotation": [
            12.5,
            0,
            0
          ],
          "cubes": [
            {
              "origin": [
                -5.5,
                25.078,
                -39.71188
              ],
              "size": [
                11,
                7,
                8
              ],
              "inflate": -0.01,
              "uv": [
                0,
                276
              ]
            }
          ]
        },
        {
          "name": "eye_left",
          "parent": "bone2",
          "pivot": [
            1.525,
            24.353,
            -37.21188
          ],
          "cubes": [
            {
              "origin": [
                5.5,
                27.353,
                -38.46188
              ],
              "size": [
                0,
                3,
                5
              ],
              "uv": [
                0,
                -3
              ]
            },
            {
              "origin": [
                5.575,
                29.503,
                -39.21188
              ],
              "size": [
                0,
                1,
                4
              ],
              "uv": [
                1,
                1
              ]
            },
            {
              "origin": [
                5.525,
                27.253,
                -34.71188
              ],
              "size": [
                0,
                1,
                2
              ],
              "uv": [
                1,
                9
              ]
            },
            {
              "origin": [
                5.525,
                27.153,
                -38.51188
              ],
              "size": [
                0,
                1,
                1
              ],
              "uv": [
                0,
                8
              ]
            }
          ]
        },
        {
          "name": "bone34",
          "parent": "eye_left",
          "pivot": [
            3.55,
            28.853,
            -35.96188
          ],
          "cubes": [
            {
              "origin": [
                2.55,
                27.353,
                -38.46188
              ],
              "size": [
                2,
                3,
                5
              ],
              "uv": [
                0,
                20
              ],
              "mirror": true
            }
          ]
        },
        {
          "name": "bone81",
          "parent": "eye_left",
          "pivot": [
            5.55,
            29.403,
            -35.96188
          ],
          "cubes": [
            {
              "origin": [
                5.525,
                28.653,
                -37.21188
              ],
              "size": [
                0,
                1,
                1
              ],
              "uv": [
                0,
                13
              ]
            }
          ]
        },
        {
          "name": "eye_right",
          "parent": "bone2",
          "pivot": [
            -1.5,
            24.353,
            -37.21188
          ],
          "cubes": [
            {
              "origin": [
                -5.5,
                27.353,
                -38.46188
              ],
              "size": [
                0,
                3,
                5
              ],
              "uv": [
                0,
                -3
              ],
              "mirror": true
            },
            {
              "origin": [
                -5.55,
                29.503,
                -39.21188
              ],
              "size": [
                0,
                1,
                4
              ],
              "uv": [
                1,
                1
              ],
              "mirror": true
            },
            {
              "origin": [
                -5.525,
                27.253,
                -34.71188
              ],
              "size": [
                0,
                1,
                2
              ],
              "uv": [
                1,
                9
              ],
              "mirror": true
            },
            {
              "origin": [
                -5.525,
                27.153,
                -38.51188
              ],
              "size": [
                0,
                1,
                1
              ],
              "uv": [
                0,
                8
              ],
              "mirror": true
            }
          ]
        },
        {
          "name": "bone15",
          "parent": "eye_right",
          "pivot": [
            -4.5,
            28.353,
            -37.46188
          ],
          "cubes": [
            {
              "origin": [
                -4.55,
                27.353,
                -38.46188
              ],
              "size": [
                2,
                3,
                5
              ],
              "uv": [
                0,
                20
              ]
            }
          ]
        },
        {
          "name": "bone83",
          "parent": "eye_right",
          "pivot": [
            -5.525,
            29.403,
            -35.96188
          ],
          "cubes": [
            {
              "origin": [
                -5.525,
                28.653,
                -37.21188
              ],
              "size": [
                0,
                1,
                1
              ],
              "uv": [
                0,
                13
              ],
              "mirror": true
            }
          ]
        },
        {
          "name": "bone4",
          "parent": "bone2",
          "pivot": [
            1.5,
            25.078,
            -39.71188
          ],
          "cubes": [
            {
              "origin": [
                -3.5,
                25.078,
                -43.71188
              ],
              "size": [
                7,
                5,
                4
              ],
              "inflate": -0.01,
              "uv": [
                246,
                321
              ]
            }
          ]
        },
        {
          "name": "bone3",
          "parent": "bone4",
          "pivot": [
            1.5,
            25.178,
            -42.71188
          ],
          "rotation": [
            -10,
            0,
            0
          ],
          "cubes": [
            {
              "origin": [
                -1.5,
                25.003,
                -47.16188
              ],
              "size": [
                3,
                3,
                4
              ],
              "inflate": -0.01,
              "uv": [
                64,
                294
              ]
            }
          ]
        },
        {
          "name": "jaw",
          "parent": "head",
          "pivot": [
            0,
            24.078,
            -29.71188
          ],
          "cubes": [
            {
              "origin": [
                -6.5,
                21.078,
                -32.71188
              ],
              "size": [
                13,
                2,
                4
              ],
              "uv": [
                298,
                200
              ]
            },
            {
              "origin": [
                -5.5,
                21.078,
                -38.71188
              ],
              "size": [
                11,
                2,
                6
              ],
              "uv": [
                302,
                57
              ]
            },
            {
              "origin": [
                5.5,
                23.078,
                -38.71188
              ],
              "size": [
                0,
                3,
                6
              ],
              "uv": [
                78,
                216
              ]
            },
            {
              "origin": [
                6.5,
                23.078,
                -32.71188
              ],
              "size": [
                0,
                4,
                4
              ],
              "uv": [
                90,
                176
              ]
            },
            {
              "origin": [
                -6.5,
                23.078,
                -32.71188
              ],
              "size": [
                0,
                4,
                4
              ],
              "uv": [
                90,
                184
              ]
            },
            {
              "origin": [
                5.5,
                23.078,
                -32.71188
              ],
              "size": [
                1,
                3,
                0
              ],
              "uv": [
                156,
                89
              ]
            },
            {
              "origin": [
                -6.5,
                23.078,
                -32.71188
              ],
              "size": [
                1,
                3,
                0
              ],
              "uv": [
                158,
                89
              ]
            },
            {
              "origin": [
                3.5,
                23.078,
                -38.71188
              ],
              "size": [
                2,
                2,
                0
              ],
              "uv": [
                144,
                90
              ]
            },
            {
              "origin": [
                -5.5,
                23.078,
                -38.71188
              ],
              "size": [
                2,
                2,
                0
              ],
              "uv": [
                148,
                90
              ]
            },
            {
              "origin": [
                3.5,
                23.078,
                -42.71188
              ],
              "size": [
                0,
                1,
                4
              ],
              "uv": [
                90,
                192
              ]
            },
            {
              "origin": [
                1.5,
                23.078,
                -42.71188
              ],
              "size": [
                2,
                1,
                0
              ],
              "uv": [
                150,
                89
              ]
            },
            {
              "origin": [
                -3.5,
                23.078,
                -42.71188
              ],
              "size": [
                2,
                1,
                0
              ],
              "uv": [
                152,
                90
              ]
            },
            {
              "origin": [
                -5.5,
                23.078,
                -38.71188
              ],
              "size": [
                0,
                3,
                6
              ],
              "uv": [
                78,
                225
              ]
            },
            {
              "origin": [
                -3.5,
                23.078,
                -42.71188
              ],
              "size": [
                0,
                1,
                4
              ],
              "uv": [
                90,
                197
              ]
            },
            {
              "origin": [
                -3.5,
                21.078,
                -42.71188
              ],
              "size": [
                7,
                2,
                4
              ],
              "uv": [
                38,
                276
              ]
            },
            {
              "origin": [
                -4,
                23.078,
                -37.71188
              ],
              "size": [
                8,
                1,
                10
              ],
              "uv": [
                36,
                0
              ]
            },
            {
              "origin": [
                -3,
                23.078,
                -39.71188
              ],
              "size": [
                6,
                1,
                2
              ],
              "uv": [
                46,
                11
              ]
            }
          ]
        },
        {
          "name": "bone5",
          "parent": "jaw",
          "pivot": [
            0,
            21.078,
            -41.71188
          ],
          "cubes": [
            {
              "origin": [
                -1.5,
                22.078,
                -45.71188
              ],
              "size": [
                3,
                1,
                3
              ],
              "uv": [
                78,
                234
              ]
            },
            {
              "origin": [
                -1.5,
                23.078,
                -45.71188
              ],
              "size": [
                3,
                1,
                0
              ],
              "uv": [
                144,
                89
              ]
            },
            {
              "origin": [
                1.5,
                23.078,
                -45.71188
              ],
              "size": [
                0,
                1,
                3
              ],
              "uv": [
                90,
                202
              ]
            },
            {
              "origin": [
                -1.5,
                23.078,
                -45.71188
              ],
              "size": [
                0,
                1,
                3
              ],
              "uv": [
                108,
                283
              ]
            }
          ]
        },
        {
          "name": "wing_right",
          "parent": "bone16",
          "pivot": [
            -10,
            28.25,
            13.5
          ],
          "cubes": [
            {
              "origin": [
                -33,
                23.25,
                -8.5
              ],
              "size": [
                27,
                9,
                33
              ],
              "uv": [
                385,
                62
              ],
              "mirror": true
            },
            {
              "origin": [
                -32,
                27.32644,
                24.75897
              ],
              "size": [
                10,
                0,
                9
              ],
              "uv": [
                149,
                287
              ]
            }
          ]
        },
        {
          "name": "bone17",
          "parent": "wing_right",
          "pivot": [
            -32,
            28.25,
            21.5
          ],
          "cubes": [
            {
              "origin": [
                -56,
                24.25,
                -4.5
              ],
              "size": [
                24,
                7,
                28
              ],
              "uv": [
                144,
                0
              ],
              "mirror": true
            },
            {
              "origin": [
                -43,
                27.25144,
                23.50897
              ],
              "size": [
                10,
                0,
                10
              ],
              "uv": [
                148,
                287
              ]
            },
            {
              "origin": [
                -53.5,
                27.25144,
                23.50897
              ],
              "size": [
                10,
                0,
                10
              ],
              "uv": [
                148,
                287
              ]
            }
          ]
        },
        {
          "name": "bone18",
          "parent": "bone17",
          "pivot": [
            -55,
            29.25,
            7.75
          ],
          "cubes": [
            {
              "origin": [
                -92,
                20.5,
                -10.25
              ],
              "size": [
                39,
                13,
                33
              ],
              "uv": [
                0,
                46
              ],
              "mirror": true
            }
          ]
        },
        {
          "name": "bone19",
          "parent": "bone18",
          "pivot": [
            -89,
            29.75,
            7.75
          ],
          "cubes": [
            {
              "origin": [
                -112,
                23.5,
                -8.25
              ],
              "size": [
                22,
                9,
                28
              ],
              "uv": [
                198,
                169
              ],
              "mirror": true
            }
          ]
        },
        {
          "name": "bone20",
          "parent": "bone19",
          "pivot": [
            -103.5,
            29,
            -4.75
          ],
          "rotation": [
            0,
            30,
            0
          ],
          "cubes": [
            {
              "origin": [
                -105.5,
                26,
                -15.75
              ],
              "size": [
                4,
                6,
                11
              ],
              "uv": [
                302,
                132
              ],
              "mirror": true
            },
            {
              "origin": [
                -104.5,
                26.5,
                -22.75
              ],
              "size": [
                2,
                5,
                7
              ],
              "uv": [
                322,
                222
              ],
              "mirror": true
            }
          ]
        },
        {
          "name": "bone25",
          "parent": "bone19",
          "pivot": [
            -103.5,
            29,
            16.25
          ],
          "rotation": [
            0,
            -30,
            0
          ],
          "cubes": [
            {
              "origin": [
                -105.5,
                26,
                16.25
              ],
              "size": [
                4,
                6,
                11
              ],
              "uv": [
                302,
                149
              ],
              "mirror": true
            },
            {
              "origin": [
                -104.5,
                26.5,
                27.25
              ],
              "size": [
                2,
                5,
                7
              ],
              "uv": [
                22,
                323
              ],
              "mirror": true
            }
          ]
        },
        {
          "name": "bone10",
          "parent": "bone19",
          "pivot": [
            -112,
            32.5,
            6.25
          ],
          "rotation": [
            0,
            0,
            -5
          ],
          "cubes": [
            {
              "origin": [
                -125,
                25.75,
                3.75
              ],
              "size": [
                13,
                7,
                5
              ],
              "uv": [
                298,
                36
              ],
              "mirror": true
            }
          ]
        },
        {
          "name": "bone26",
          "parent": "bone10",
          "pivot": [
            -125,
            26.25,
            6.25
          ],
          "rotation": [
            0,
            0,
            17.5
          ],
          "cubes": [
            {
              "origin": [
                -137,
                26.25,
                4.25
              ],
              "size": [
                12,
                6,
                4
              ],
              "uv": [
                304,
                234
              ],
              "mirror": true
            }
          ]
        },
        {
          "name": "bone27",
          "parent": "bone26",
          "pivot": [
            -136,
            31.25,
            6.25
          ],
          "rotation": [
            0,
            0,
            20
          ],
          "cubes": [
            {
              "origin": [
                -140,
                15.25,
                6.25
              ],
              "size": [
                7,
                16,
                0
              ],
              "uv": [
                300,
                324
              ],
              "mirror": true
            }
          ]
        },
        {
          "name": "bone28",
          "parent": "bone19",
          "pivot": [
            -112,
            32.5,
            0.25
          ],
          "rotation": [
            0,
            -17.5,
            -5
          ],
          "cubes": [
            {
              "origin": [
                -125,
                25.75,
                -4.25
              ],
              "size": [
                13,
                7,
                5
              ],
              "uv": [
                298,
                36
              ],
              "mirror": true
            }
          ]
        },
        {
          "name": "bone29",
          "parent": "bone28",
          "pivot": [
            -125,
            26.25,
            -1.75
          ],
          "rotation": [
            0,
            0,
            17.5
          ],
          "cubes": [
            {
              "origin": [
                -137,
                26.25,
                -3.75
              ],
              "size": [
                12,
                6,
                4
              ],
              "uv": [
                304,
                234
              ],
              "mirror": true
            }
          ]
        },
        {
          "name": "bone30",
          "parent": "bone29",
          "pivot": [
            -136,
            31.25,
            -1.75
          ],
          "rotation": [
            0,
            0,
            20
          ],
          "cubes": [
            {
              "origin": [
                -140,
                15.25,
                -1.75
              ],
              "size": [
                7,
                16,
                0
              ],
              "uv": [
                300,
                324
              ],
              "mirror": true
            }
          ]
        },
        {
          "name": "bone31",
          "parent": "bone19",
          "pivot": [
            -112,
            32.5,
            12.25
          ],
          "rotation": [
            0,
            17.5,
            -5
          ],
          "cubes": [
            {
              "origin": [
                -125,
                25.75,
                11.75
              ],
              "size": [
                13,
                7,
                5
              ],
              "uv": [
                298,
                36
              ],
              "mirror": true
            }
          ]
        },
        {
          "name": "bone32",
          "parent": "bone31",
          "pivot": [
            -125,
            26.25,
            14.25
          ],
          "rotation": [
            0,
            0,
            17.5
          ],
          "cubes": [
            {
              "origin": [
                -137,
                26.25,
                12.25
              ],
              "size": [
                12,
                6,
                4
              ],
              "uv": [
                304,
                234
              ],
              "mirror": true
            }
          ]
        },
        {
          "name": "bone33",
          "parent": "bone32",
          "pivot": [
            -136,
            31.25,
            14.25
          ],
          "rotation": [
            0,
            0,
            20
          ],
          "cubes": [
            {
              "origin": [
                -140,
                15.25,
                14.25
              ],
              "size": [
                7,
                16,
                0
              ],
              "uv": [
                300,
                324
              ],
              "mirror": true
            }
          ]
        },
        {
          "name": "wing_left",
          "parent": "bone16",
          "pivot": [
            10,
            28.5,
            13.5
          ],
          "cubes": [
            {
              "origin": [
                6,
                23.5,
                -8.5
              ],
              "size": [
                27,
                9,
                33
              ],
              "uv": [
                385,
                62
              ]
            },
            {
              "origin": [
                22,
                27.51843,
                24.48936
              ],
              "size": [
                10,
                0,
                9
              ],
              "uv": [
                149,
                287
              ]
            }
          ]
        },
        {
          "name": "bone35",
          "parent": "wing_left",
          "pivot": [
            32,
            28.5,
            21.5
          ],
          "cubes": [
            {
              "origin": [
                32,
                24.5,
                -4.5
              ],
              "size": [
                24,
                7,
                28
              ],
              "uv": [
                144,
                0
              ]
            },
            {
              "origin": [
                33,
                27.51843,
                23.48936
              ],
              "size": [
                10,
                0,
                10
              ],
              "uv": [
                148,
                287
              ]
            },
            {
              "origin": [
                43.5,
                27.51843,
                23.48936
              ],
              "size": [
                10,
                0,
                10
              ],
              "uv": [
                148,
                287
              ]
            }
          ]
        },
        {
          "name": "bone36",
          "parent": "bone35",
          "pivot": [
            55,
            29.5,
            7.75
          ],
          "cubes": [
            {
              "origin": [
                53,
                20.75,
                -10.25
              ],
              "size": [
                39,
                13,
                33
              ],
              "uv": [
                0,
                46
              ]
            }
          ]
        },
        {
          "name": "bone37",
          "parent": "bone36",
          "pivot": [
            89,
            30,
            7.75
          ],
          "cubes": [
            {
              "origin": [
                90,
                23.75,
                -8.25
              ],
              "size": [
                22,
                9,
                28
              ],
              "uv": [
                198,
                169
              ]
            }
          ]
        },
        {
          "name": "bone38",
          "parent": "bone37",
          "pivot": [
            103.5,
            29.25,
            -4.75
          ],
          "rotation": [
            0,
            -30,
            0
          ],
          "cubes": [
            {
              "origin": [
                101.5,
                26.25,
                -15.75
              ],
              "size": [
                4,
                6,
                11
              ],
              "uv": [
                302,
                132
              ]
            },
            {
              "origin": [
                102.5,
                26.75,
                -22.75
              ],
              "size": [
                2,
                5,
                7
              ],
              "uv": [
                322,
                222
              ]
            }
          ]
        },
        {
          "name": "bone39",
          "parent": "bone37",
          "pivot": [
            103.5,
            29.25,
            16.25
          ],
          "rotation": [
            0,
            30,
            0
          ],
          "cubes": [
            {
              "origin": [
                101.5,
                26.25,
                16.25
              ],
              "size": [
                4,
                6,
                11
              ],
              "uv": [
                302,
                149
              ]
            },
            {
              "origin": [
                102.5,
                26.75,
                27.25
              ],
              "size": [
                2,
                5,
                7
              ],
              "uv": [
                22,
                323
              ]
            }
          ]
        },
        {
          "name": "bone40",
          "parent": "bone37",
          "pivot": [
            112,
            32.75,
            6.25
          ],
          "rotation": [
            0,
            0,
            5
          ],
          "cubes": [
            {
              "origin": [
                112,
                26,
                3.75
              ],
              "size": [
                13,
                7,
                5
              ],
              "uv": [
                298,
                36
              ]
            }
          ]
        },
        {
          "name": "bone41",
          "parent": "bone40",
          "pivot": [
            125,
            26.5,
            6.25
          ],
          "rotation": [
            0,
            0,
            -17.5
          ],
          "cubes": [
            {
              "origin": [
                125,
                26.5,
                4.25
              ],
              "size": [
                12,
                6,
                4
              ],
              "uv": [
                304,
                234
              ]
            }
          ]
        },
        {
          "name": "bone42",
          "parent": "bone41",
          "pivot": [
            136,
            31.5,
            6.25
          ],
          "rotation": [
            0,
            0,
            -20
          ],
          "cubes": [
            {
              "origin": [
                133,
                15.5,
                6.25
              ],
              "size": [
                7,
                16,
                0
              ],
              "uv": [
                300,
                324
              ]
            }
          ]
        },
        {
          "name": "bone43",
          "parent": "bone37",
          "pivot": [
            112,
            32.75,
            0.25
          ],
          "rotation": [
            0,
            17.5,
            5
          ],
          "cubes": [
            {
              "origin": [
                112,
                26,
                -4.25
              ],
              "size": [
                13,
                7,
                5
              ],
              "uv": [
                298,
                36
              ]
            }
          ]
        },
        {
          "name": "bone44",
          "parent": "bone43",
          "pivot": [
            125,
            26.5,
            -1.75
          ],
          "rotation": [
            0,
            0,
            -17.5
          ],
          "cubes": [
            {
              "origin": [
                125,
                26.5,
                -3.75
              ],
              "size": [
                12,
                6,
                4
              ],
              "uv": [
                304,
                234
              ]
            }
          ]
        },
        {
          "name": "bone45",
          "parent": "bone44",
          "pivot": [
            136,
            31.5,
            -1.75
          ],
          "rotation": [
            0,
            0,
            -20
          ],
          "cubes": [
            {
              "origin": [
                133,
                15.5,
                -1.75
              ],
              "size": [
                7,
                16,
                0
              ],
              "uv": [
                300,
                324
              ]
            }
          ]
        },
        {
          "name": "bone46",
          "parent": "bone37",
          "pivot": [
            112,
            32.75,
            12.25
          ],
          "rotation": [
            0,
            -17.5,
            5
          ],
          "cubes": [
            {
              "origin": [
                112,
                26,
                11.75
              ],
              "size": [
                13,
                7,
                5
              ],
              "uv": [
                298,
                36
              ]
            }
          ]
        },
        {
          "name": "bone47",
          "parent": "bone46",
          "pivot": [
            125,
            26.5,
            14.25
          ],
          "rotation": [
            0,
            0,
            -17.5
          ],
          "cubes": [
            {
              "origin": [
                125,
                26.5,
                12.25
              ],
              "size": [
                12,
                6,
                4
              ],
              "uv": [
                304,
                234
              ]
            }
          ]
        },
        {
          "name": "bone48",
          "parent": "bone47",
          "pivot": [
            136,
            31.5,
            14.25
          ],
          "rotation": [
            0,
            0,
            -20
          ],
          "cubes": [
            {
              "origin": [
                133,
                15.5,
                14.25
              ],
              "size": [
                7,
                16,
                0
              ],
              "uv": [
                300,
                324
              ]
            }
          ]
        },
        {
          "name": "bone8",
          "parent": "torso",
          "pivot": [
            1,
            30.75,
            30.25
          ],
          "cubes": [
            {
              "origin": [
                -9,
                22.75,
                29.25
              ],
              "size": [
                18,
                11,
                14
              ],
              "uv": [
                70,
                258
              ]
            }
          ]
        },
        {
          "name": "bone9",
          "parent": "bone8",
          "pivot": [
            0.5,
            29.75,
            41.25
          ],
          "cubes": [
            {
              "origin": [
                -8,
                25.5,
                41.25
              ],
              "size": [
                16,
                7,
                21
              ],
              "uv": [
                236,
                71
              ]
            }
          ]
        },
        {
          "name": "bone11",
          "parent": "bone9",
          "pivot": [
            0.5,
            32,
            59.25
          ],
          "cubes": [
            {
              "origin": [
                -9.5,
                24,
                58.25
              ],
              "size": [
                19,
                10,
                20
              ],
              "uv": [
                0,
                216
              ]
            }
          ]
        },
        {
          "name": "bone12",
          "parent": "bone11",
          "pivot": [
            0,
            33,
            77.25
          ],
          "cubes": [
            {
              "origin": [
                -13.5,
                22.75,
                75.25
              ],
              "size": [
                27,
                12,
                24
              ],
              "uv": [
                144,
                35
              ]
            }
          ]
        },
        {
          "name": "bone13",
          "parent": "bone12",
          "pivot": [
            -0.5,
            33.25,
            98.25
          ],
          "cubes": [
            {
              "origin": [
                -15.5,
                22.25,
                96.25
              ],
              "size": [
                31,
                13,
                19
              ],
              "uv": [
                202,
                134
              ]
            }
          ]
        },
        {
          "name": "bone14",
          "parent": "bone13",
          "pivot": [
            -0.5,
            29.25,
            114.25
          ],
          "cubes": [
            {
              "origin": [
                -13.5,
                24.25,
                112.25
              ],
              "size": [
                27,
                9,
                19
              ],
              "uv": [
                230,
                206
              ]
            }
          ]
        },
        {
          "name": "claw_tail",
          "parent": "bone14",
          "pivot": [
            0,
            33,
            131.25
          ],
          "rotation": [
            -10,
            0,
            0
          ],
          "cubes": [
            {
              "origin": [
                -2.5,
                26.25,
                131.25
              ],
              "size": [
                5,
                7,
                13
              ],
              "uv": [
                266,
                264
              ]
            }
          ]
        },
        {
          "name": "bone50",
          "parent": "claw_tail",
          "pivot": [
            0,
            26.75,
            144.25
          ],
          "rotation": [
            17.5,
            0,
            0
          ],
          "cubes": [
            {
              "origin": [
                -2,
                26.75,
                144.25
              ],
              "size": [
                4,
                6,
                12
              ],
              "uv": [
                32,
                294
              ]
            }
          ]
        },
        {
          "name": "i",
          "parent": "bone50",
          "pivot": [
            0,
            29.75,
            153.75
          ],
          "rotation": [
            20,
            0,
            0
          ],
          "cubes": [
            {
              "origin": [
                0,
                15.75,
                152.25
              ],
              "size": [
                0,
                16,
                7
              ],
              "uv": [
                96,
                309
              ]
            }
          ]
        },
        {
          "name": "claw_tail2",
          "parent": "bone14",
          "pivot": [
            -5.25,
            33,
            131.25
          ],
          "rotation": [
            -10.34527,
            -14.76689,
            2.66399
          ],
          "cubes": [
            {
              "origin": [
                -10.25,
                26.25,
                131.25
              ],
              "size": [
                5,
                7,
                13
              ],
              "uv": [
                266,
                264
              ]
            }
          ]
        },
        {
          "name": "bone56",
          "parent": "claw_tail2",
          "pivot": [
            -7.75,
            26.75,
            144.25
          ],
          "rotation": [
            17.5,
            0,
            0
          ],
          "cubes": [
            {
              "origin": [
                -9.75,
                26.75,
                144.25
              ],
              "size": [
                4,
                6,
                12
              ],
              "uv": [
                32,
                294
              ]
            }
          ]
        },
        {
          "name": "i2",
          "parent": "bone56",
          "pivot": [
            -7.75,
            29.75,
            153.75
          ],
          "rotation": [
            20,
            0,
            0
          ],
          "cubes": [
            {
              "origin": [
                -7.75,
                15.75,
                152.25
              ],
              "size": [
                0,
                16,
                7
              ],
              "uv": [
                96,
                309
              ]
            }
          ]
        },
        {
          "name": "claw_tail3",
          "parent": "bone14",
          "pivot": [
            5.25,
            33,
            131.25
          ],
          "rotation": [
            -10.34527,
            14.76689,
            -2.66399
          ],
          "cubes": [
            {
              "origin": [
                5.25,
                26.25,
                131.25
              ],
              "size": [
                5,
                7,
                13
              ],
              "uv": [
                266,
                264
              ]
            }
          ]
        },
        {
          "name": "bone57",
          "parent": "claw_tail3",
          "pivot": [
            7.75,
            26.75,
            144.25
          ],
          "rotation": [
            17.5,
            0,
            0
          ],
          "cubes": [
            {
              "origin": [
                5.75,
                26.75,
                144.25
              ],
              "size": [
                4,
                6,
                12
              ],
              "uv": [
                32,
                294
              ]
            }
          ]
        },
        {
          "name": "i3",
          "parent": "bone57",
          "pivot": [
            7.75,
            29.75,
            153.75
          ],
          "rotation": [
            20,
            0,
            0
          ],
          "cubes": [
            {
              "origin": [
                7.75,
                15.75,
                152.25
              ],
              "size": [
                0,
                16,
                7
              ],
              "uv": [
                96,
                309
              ]
            }
          ]
        },
        {
          "name": "claw",
          "parent": "bone14",
          "pivot": [
            10.5,
            29.5,
            122.25
          ],
          "rotation": [
            0,
            52.5,
            0
          ],
          "cubes": [
            {
              "origin": [
                8.5,
                26.5,
                122.25
              ],
              "size": [
                4,
                6,
                11
              ],
              "uv": [
                302,
                149
              ]
            },
            {
              "origin": [
                9.5,
                27,
                133.25
              ],
              "size": [
                2,
                5,
                7
              ],
              "uv": [
                22,
                323
              ]
            }
          ]
        },
        {
          "name": "claw2",
          "parent": "bone14",
          "pivot": [
            -10,
            29.5,
            122.25
          ],
          "rotation": [
            0,
            -52.5,
            0
          ],
          "cubes": [
            {
              "origin": [
                -12,
                26.5,
                122.25
              ],
              "size": [
                4,
                6,
                11
              ],
              "uv": [
                302,
                149
              ],
              "mirror": true
            },
            {
              "origin": [
                -11,
                27,
                133.25
              ],
              "size": [
                2,
                5,
                7
              ],
              "uv": [
                22,
                323
              ],
              "mirror": true
            }
          ]
        },
        {
          "name": "bone49",
          "parent": "body",
          "pivot": [
            8,
            30.75,
            33
          ],
          "rotation": [
            -7.5,
            0,
            -30
          ],
          "cubes": [
            {
              "origin": [
                5,
                20.75,
                28
              ],
              "size": [
                6,
                12,
                9
              ],
              "uv": [
                194,
                282
              ]
            }
          ]
        },
        {
          "name": "bone51",
          "parent": "bone49",
          "pivot": [
            8,
            20.75,
            29.25
          ],
          "rotation": [
            60,
            0,
            0
          ],
          "cubes": [
            {
              "origin": [
                5.5,
                10.75,
                28.75
              ],
              "size": [
                5,
                11,
                5
              ],
              "uv": [
                124,
                309
              ]
            }
          ]
        },
        {
          "name": "bone52",
          "parent": "bone51",
          "pivot": [
            8,
            10.75,
            33.75
          ],
          "rotation": [
            -67.5,
            0,
            0
          ],
          "cubes": [
            {
              "origin": [
                6,
                -1.25,
                28.75
              ],
              "size": [
                4,
                12,
                5
              ],
              "uv": [
                310,
                65
              ]
            }
          ]
        },
        {
          "name": "bone53",
          "parent": "bone52",
          "pivot": [
            7.5,
            -0.25,
            31
          ],
          "cubes": [
            {
              "origin": [
                5.5,
                -4.25,
                28
              ],
              "size": [
                5,
                4,
                6
              ],
              "uv": [
                164,
                320
              ]
            }
          ]
        },
        {
          "name": "bone54",
          "parent": "bone53",
          "pivot": [
            6.25,
            -3.125,
            29.5
          ],
          "rotation": [
            0,
            12.5,
            0
          ],
          "cubes": [
            {
              "origin": [
                4.5,
                -4.125,
                23
              ],
              "size": [
                3,
                3,
                8
              ],
              "uv": [
                22,
                312
              ]
            }
          ]
        },
        {
          "name": "bone55",
          "parent": "bone54",
          "pivot": [
            6.25,
            -2.125,
            23
          ],
          "cubes": [
            {
              "origin": [
                5,
                -3.625,
                20
              ],
              "size": [
                2,
                2,
                3
              ],
              "uv": [
                226,
                71
              ]
            }
          ]
        },
        {
          "name": "bone58",
          "parent": "bone55",
          "pivot": [
            6.25,
            -2.125,
            21
          ],
          "rotation": [
            -17.5,
            0,
            0
          ],
          "cubes": [
            {
              "origin": [
                6,
                -5.625,
                18
              ],
              "size": [
                0,
                4,
                3
              ],
              "uv": [
                188,
                287
              ]
            }
          ]
        },
        {
          "name": "bone59",
          "parent": "bone53",
          "pivot": [
            10.25,
            -3.125,
            29.5
          ],
          "rotation": [
            0,
            -12.5,
            0
          ],
          "cubes": [
            {
              "origin": [
                8.5,
                -4.125,
                23
              ],
              "size": [
                3,
                3,
                8
              ],
              "uv": [
                22,
                312
              ]
            }
          ]
        },
        {
          "name": "bone60",
          "parent": "bone59",
          "pivot": [
            10.25,
            -2.125,
            23
          ],
          "cubes": [
            {
              "origin": [
                9,
                -3.625,
                20
              ],
              "size": [
                2,
                2,
                3
              ],
              "uv": [
                226,
                76
              ]
            }
          ]
        },
        {
          "name": "bone61",
          "parent": "bone60",
          "pivot": [
            10.25,
            -2.125,
            21
          ],
          "rotation": [
            -17.5,
            0,
            0
          ],
          "cubes": [
            {
              "origin": [
                10,
                -5.625,
                18
              ],
              "size": [
                0,
                4,
                3
              ],
              "uv": [
                188,
                294
              ]
            }
          ]
        },
        {
          "name": "bone62",
          "parent": "bone53",
          "pivot": [
            8,
            -2.625,
            33.75
          ],
          "cubes": [
            {
              "origin": [
                6.5,
                -4.125,
                33
              ],
              "size": [
                3,
                3,
                8
              ],
              "uv": [
                224,
                312
              ]
            }
          ]
        },
        {
          "name": "bone63",
          "parent": "bone62",
          "pivot": [
            7.75,
            -1.875,
            41
          ],
          "cubes": [
            {
              "origin": [
                7,
                -3.625,
                41
              ],
              "size": [
                2,
                2,
                3
              ],
              "uv": [
                226,
                81
              ]
            }
          ]
        },
        {
          "name": "bone64",
          "parent": "bone63",
          "pivot": [
            8,
            -2.625,
            43.5
          ],
          "rotation": [
            20,
            0,
            0
          ],
          "cubes": [
            {
              "origin": [
                8,
                -5.625,
                43
              ],
              "size": [
                0,
                4,
                3
              ],
              "uv": [
                164,
                309
              ]
            }
          ]
        },
        {
          "name": "bone65",
          "parent": "body",
          "pivot": [
            -8,
            30.75,
            33
          ],
          "rotation": [
            -7.5,
            0,
            30
          ],
          "cubes": [
            {
              "origin": [
                -11,
                20.75,
                28
              ],
              "size": [
                6,
                12,
                9
              ],
              "uv": [
                194,
                282
              ],
              "mirror": true
            }
          ]
        },
        {
          "name": "bone66",
          "parent": "bone65",
          "pivot": [
            -8,
            20.75,
            29.25
          ],
          "rotation": [
            60,
            0,
            0
          ],
          "cubes": [
            {
              "origin": [
                -10.5,
                10.75,
                28.75
              ],
              "size": [
                5,
                11,
                5
              ],
              "uv": [
                124,
                309
              ],
              "mirror": true
            }
          ]
        },
        {
          "name": "bone67",
          "parent": "bone66",
          "pivot": [
            -8,
            10.75,
            33.75
          ],
          "rotation": [
            -67.5,
            0,
            0
          ],
          "cubes": [
            {
              "origin": [
                -10,
                -1.25,
                28.75
              ],
              "size": [
                4,
                12,
                5
              ],
              "uv": [
                310,
                65
              ],
              "mirror": true
            }
          ]
        },
        {
          "name": "bone68",
          "parent": "bone67",
          "pivot": [
            -7.5,
            -0.25,
            31
          ],
          "cubes": [
            {
              "origin": [
                -10.5,
                -4.25,
                28
              ],
              "size": [
                5,
                4,
                6
              ],
              "uv": [
                186,
                320
              ]
            }
          ]
        },
        {
          "name": "bone69",
          "parent": "bone68",
          "pivot": [
            -6.25,
            -3.125,
            29.5
          ],
          "rotation": [
            0,
            -12.5,
            0
          ],
          "cubes": [
            {
              "origin": [
                -7.5,
                -4.125,
                23
              ],
              "size": [
                3,
                3,
                8
              ],
              "uv": [
                44,
                314
              ],
              "mirror": true
            }
          ]
        },
        {
          "name": "bone70",
          "parent": "bone69",
          "pivot": [
            -6.25,
            -2.125,
            23
          ],
          "cubes": [
            {
              "origin": [
                -7,
                -3.625,
                20
              ],
              "size": [
                2,
                2,
                3
              ],
              "uv": [
                226,
                86
              ]
            }
          ]
        },
        {
          "name": "bone71",
          "parent": "bone70",
          "pivot": [
            -6.25,
            -2.125,
            21
          ],
          "rotation": [
            -17.5,
            0,
            0
          ],
          "cubes": [
            {
              "origin": [
                -6,
                -5.625,
                18
              ],
              "size": [
                0,
                4,
                3
              ],
              "uv": [
                170,
                309
              ]
            }
          ]
        },
        {
          "name": "bone72",
          "parent": "bone68",
          "pivot": [
            -10.25,
            -3.125,
            29.5
          ],
          "rotation": [
            0,
            12.5,
            0
          ],
          "cubes": [
            {
              "origin": [
                -11.5,
                -4.125,
                23
              ],
              "size": [
                3,
                3,
                8
              ],
              "uv": [
                44,
                314
              ]
            }
          ]
        },
        {
          "name": "bone73",
          "parent": "bone72",
          "pivot": [
            -10.25,
            -2.125,
            23
          ],
          "cubes": [
            {
              "origin": [
                -11,
                -3.625,
                20
              ],
              "size": [
                2,
                2,
                3
              ],
              "uv": [
                78,
                238
              ]
            }
          ]
        },
        {
          "name": "bone74",
          "parent": "bone73",
          "pivot": [
            -10.25,
            -2.125,
            21
          ],
          "rotation": [
            -17.5,
            0,
            0
          ],
          "cubes": [
            {
              "origin": [
                -10,
                -5.625,
                18
              ],
              "size": [
                0,
                4,
                3
              ],
              "uv": [
                246,
                312
              ]
            }
          ]
        },
        {
          "name": "bone75",
          "parent": "bone68",
          "pivot": [
            -8,
            -2.625,
            33.75
          ],
          "cubes": [
            {
              "origin": [
                -9.5,
                -4.125,
                33
              ],
              "size": [
                3,
                3,
                8
              ],
              "uv": [
                66,
                314
              ]
            }
          ]
        },
        {
          "name": "bone76",
          "parent": "bone75",
          "pivot": [
            -7.75,
            -1.875,
            41
          ],
          "cubes": [
            {
              "origin": [
                -9,
                -3.625,
                41
              ],
              "size": [
                2,
                2,
                3
              ],
              "uv": [
                60,
                276
              ]
            }
          ]
        },
        {
          "name": "bone77",
          "parent": "bone76",
          "pivot": [
            -8,
            -2.625,
            43.5
          ],
          "rotation": [
            20,
            0,
            0
          ],
          "cubes": [
            {
              "origin": [
                -8,
                -5.625,
                43
              ],
              "size": [
                0,
                4,
                3
              ],
              "uv": [
                88,
                314
              ]
            }
          ]
        }
      ]
    }
  ]
}