{
  "head": "head",
  "portraitScale": 2.8,
  "portraitTranslation": [
    -0.6,
    -1.9,
    0
  ],
  "profileScale": 0.85,
  "profileTranslation": [
    0,
    0.5,
    0
  ],
  "animations": {
    "faint": "q.bedrock_primary('stunky', 'faint', q.curve('one'))",
    "cry": "q.bedrock_stateful('stunky', 'cry')"
  },
  "poses": {
    "standing": {
      "poseTypes": [
        "STAND",
        "NONE",
        "PORTRAIT",
        "PROFILE"
      ],
      "animations": [
        "look",
        "bedrock(stunky, ground_idle)"
      ]
    },
    "walking": {
      "poseTypes": [
        "WALK"
      ],
      "animations": [
        "bedrock(stunky, ground_walk)"
      ]
    },
    "sleeping": {
      "poseTypes": [
        "SLEEP"
      ],
      "animations": [
        "bedrock(stunky, sleep)"
      ]
    }
  }
}
  