{
  "head": "head",
  "portraitScale": 1.6,
  "portraitTranslation": [
    0,
    0.1,
    0
  ],
  "profileScale": 1.2,
  "profileTranslation": [
    0,
    0.25,
    0
  ],
  "faint": "bedrock(carbink, faint, true)",
  "cry": "bedrock(carbink, cry)",
  "poses": {
    "standing": {
      "poseName": "standing",
      "transformTicks": 10,
      "poseTypes": [
        "STAND",
        "NONE",
        "PORTRAIT",
        "PROFILE"
      ],
      "animations": [
        "look",
        "bedrock(carbink, air_idle)"
      ],
      "quirks": [
        {
          "name": "blink",
          "minSecondsBetweenOccurrences": 5,
          "maxSecondsBetweenOccurrences": 12,
          "animations": [
            "bedrock(carbink, blink)"
          ]
        }
      ]
    },
    "walking": {
      "poseName": "walking",
      "transformTicks": 10,
      "poseTypes": [
        "WALK"
      ],
      "animations": [
        "bedrock(carbink, air_walk)"
      ],
      "quirks": [
        {
          "name": "blink",
          "animations": [
            "bedrock(carbink, blink)"
          ]
        }
      ]
    },
    "battle-idle": {
      "poseName": "battle-idle",
      "transformTicks": 10,
      "poseTypes": [
        "STAND"
      ],
      "animations": [
        "bedrock(carbink, air_idle)"
      ],
      "quirks": [
        {
          "name": "blink",
          "animations": [
            "bedrock(carbink, blink)"
          ]
        }
      ]
    },
    "flying": {
      "poseName": "flying",
      "transformTicks": 10,
      "poseTypes": [
        "FLY"
      ],
      "animations": [
        "bedrock(carbink, air_walk)"
      ],
      "quirks": [
        {
          "name": "blink",
          "animations": [
            "bedrock(carbink, blink)"
          ]
        }
      ]
    },
    "sleeping": {
      "poseName": "sleeping",
      "transformTicks": 10,
      "poseTypes": [
        "SLEEP"
      ],
      "animations": [
        "bedrock(carbink, sleep)"
      ]
    },
    "hovering": {
      "poseName": "hovering",
      "transformTicks": 10,
      "poseTypes": [
        "HOVER"
      ],
      "animations": [
        "bedrock(carbink, air_idle)"
      ],
      "quirks": [
        {
          "name": "blink",
          "animations": [
            "bedrock(carbink, blink)"
          ]
        }
      ]
    }
  }
}