{
  "portraitScale": 1.75,
  "portraitTranslation": [
    -0.1,
    -1.1,
    0
  ],
  "profileScale": 1,
  "profileTranslation": [
    0,
    0.2,
    0
  ],
  "rootBone": "cascoon",
  "animations": {
    "cry": "q.bedrock_stateful('cascoon', 'cry')",
    "recoil": "q.bedrock_stateful('cascoon', 'recoil')",
    "physical": "q.bedrock_primary('cascoon', 'physical', q.curve('symmetrical_wide'))",
    "special": "q.bedrock_primary('cascoon', 'physical', q.curve('symmetrical_wide'))",
    "status": "q.bedrock_primary('cascoon', 'physical', q.curve('symmetrical_wide'))"
  },
  "poses": {
    "standing": {
      "poseName": "standing",
      "transformTicks": 10,
      "poseTypes": [
        "STAND",
        "NONE",
        "PORTRAIT",
        "PROFILE"
      ],
      "animations": [
        "q.bedrock('cascoon', 'ground_idle')"
      ]
    },
    "walking": {
      "poseName": "walking",
      "transformTicks": 10,
      "poseTypes": [
        "WALK"
      ],
      "animations": [
        "q.bedrock('cascoon', 'ground_idle')"
      ]
    },
    "sleeping": {
      "poseName": "sleeping",
      "transformTicks": 10,
      "poseTypes": [
        "SLEEP"
      ],
      "animations": [
        "q.bedrock('cascoon', 'sleep')"
      ]
    }
  }
}