{
  "head": "head",
  "portraitScale": 0.3,
  "portraitTranslation": [
    -0.5,
    4.5,
    0
  ],
  "profileScale": 0.09,
  "profileTranslation": [
    0,
    1.625,
    0
  ],
  "faint": "bedrock(guzzlord, faint)",
  "poses": {
    "standing": {
      "poseName": "standing",
      "transformTicks": 10,
      "poseTypes": [
        "STAND",
        "NONE",
        "PORTRAIT",
        "PROFILE"
      ],
      "animations": [
        "look",
        "bedrock(guzzlord, ground_idle)"
      ]
    },
    "walking": {
      "poseName": "walking",
      "transformTicks": 10,
      "poseTypes": [
        "WALK"
      ],
      "animations": [
        "bedrock(guzzlord, ground_walk)"
      ]
    }
  }
}