{
  "format_version": "1.12.0",
  "minecraft:geometry": [
    {
      "description": {
        "identifier": "geometry.orbeetle",
        "texture_width": 128,
        "texture_height": 128,
        "visible_bounds_width": 4,
        "visible_bounds_height": 3.5,
        "visible_bounds_offset": [
          0,
          1.25,
          0
        ]
      },
      "bones": [
        {
          "name": "orbeetle",
          "pivot": [
            0,
            0,
            0
          ]
        },
        {
          "name": "root",
          "parent": "orbeetle",
          "pivot": [
            0,
            0,
            0
          ]
        },
        {
          "name": "body",
          "parent": "root",
          "pivot": [
            0,
            26.5,
            5
          ],
          "cubes": [
            {
              "origin": [
                -3.5,
                22,
                -3
              ],
              "size": [
                7,
                6,
                4
              ],
              "inflate": 0.101,
              "uv": [
                0,
                27
              ]
            },
            {
              "origin": [
                -1.5,
                22,
                6
              ],
              "size": [
                3,
                2,
                7
              ],
              "inflate": 0.09,
              "uv": [
                48,
                27
              ]
            },
            {
              "origin": [
                -2.5,
                22,
                1
              ],
              "size": [
                5,
                2,
                5
              ],
              "inflate": 0.1,
              "uv": [
                28,
                28
              ]
            },
            {
              "origin": [
                -8.5,
                23,
                -2
              ],
              "size": [
                17,
                10,
                17
              ],
              "inflate": -0.3,
              "uv": [
                0,
                0
              ]
            },
            {
              "origin": [
                -0.5,
                32.7,
                -2
              ],
              "size": [
                1,
                1,
                17
              ],
              "inflate": -0.01,
              "uv": [
                9,
                27
              ]
            }
          ]
        },
        {
          "name": "leftarm",
          "parent": "body",
          "pivot": [
            2.83333,
            22.41667,
            0.5
          ],
          "cubes": [
            {
              "origin": [
                1.5,
                22,
                0
              ],
              "size": [
                6,
                1,
                1
              ],
              "inflate": -0.01,
              "uv": [
                52,
                37
              ]
            }
          ]
        },
        {
          "name": "lefthand",
          "parent": "leftarm",
          "pivot": [
            6.5,
            22.5,
            0.5
          ],
          "cubes": [
            {
              "origin": [
                6.5,
                22,
                -1
              ],
              "size": [
                5,
                1,
                3
              ],
              "uv": [
                52,
                40
              ]
            },
            {
              "origin": [
                6.5,
                23,
                -1
              ],
              "size": [
                0,
                2,
                3
              ],
              "pivot": [
                6.5,
                23,
                0.5
              ],
              "rotation": [
                0,
                0,
                -35
              ],
              "uv": [
                49,
                37
              ]
            }
          ]
        },
        {
          "name": "leftpalm",
          "parent": "lefthand",
          "pivot": [
            11.51667,
            22.5,
            0.5
          ],
          "cubes": [
            {
              "origin": [
                11.5,
                22.5,
                -1
              ],
              "size": [
                3,
                0,
                3
              ],
              "uv": [
                59,
                45
              ]
            }
          ]
        },
        {
          "name": "leftclawf",
          "parent": "leftpalm",
          "pivot": [
            14.5,
            22.5,
            -0.5
          ],
          "cubes": [
            {
              "origin": [
                14.5,
                22.5,
                -1
              ],
              "size": [
                2,
                0,
                1
              ],
              "uv": [
                63,
                49
              ]
            }
          ]
        },
        {
          "name": "leftclawb",
          "parent": "leftpalm",
          "pivot": [
            14.5,
            22.5,
            1.5
          ],
          "cubes": [
            {
              "origin": [
                14.5,
                22.5,
                1
              ],
              "size": [
                2,
                0,
                1
              ],
              "uv": [
                63,
                51
              ]
            }
          ]
        },
        {
          "name": "rightarm",
          "parent": "body",
          "pivot": [
            -3.08333,
            22.41667,
            0.5
          ],
          "cubes": [
            {
              "origin": [
                -7.5,
                22,
                0
              ],
              "size": [
                6,
                1,
                1
              ],
              "inflate": -0.01,
              "uv": [
                37,
                37
              ]
            }
          ]
        },
        {
          "name": "righthand",
          "parent": "rightarm",
          "pivot": [
            -6.5,
            22.5,
            0.5
          ],
          "cubes": [
            {
              "origin": [
                -11.5,
                22,
                -1
              ],
              "size": [
                5,
                1,
                3
              ],
              "uv": [
                35,
                40
              ]
            },
            {
              "origin": [
                -6.5,
                23,
                -1
              ],
              "size": [
                0,
                2,
                3
              ],
              "pivot": [
                -6.5,
                23,
                0.5
              ],
              "rotation": [
                0,
                0,
                35
              ],
              "uv": [
                32,
                37
              ]
            }
          ]
        },
        {
          "name": "rightpalm",
          "parent": "righthand",
          "pivot": [
            -11.5,
            22.5,
            0.5
          ],
          "cubes": [
            {
              "origin": [
                -14.5,
                22.5,
                -1
              ],
              "size": [
                3,
                0,
                3
              ],
              "uv": [
                49,
                45
              ]
            }
          ]
        },
        {
          "name": "rightclawf",
          "parent": "rightpalm",
          "pivot": [
            -14.5,
            22.5,
            -0.5
          ],
          "cubes": [
            {
              "origin": [
                -16.5,
                22.5,
                -1
              ],
              "size": [
                2,
                0,
                1
              ],
              "uv": [
                53,
                49
              ]
            }
          ]
        },
        {
          "name": "rightclawb",
          "parent": "rightpalm",
          "pivot": [
            -14.5,
            22.5,
            1.5
          ],
          "cubes": [
            {
              "origin": [
                -16.5,
                22.5,
                1
              ],
              "size": [
                2,
                0,
                1
              ],
              "uv": [
                53,
                51
              ]
            }
          ]
        },
        {
          "name": "head",
          "parent": "body",
          "pivot": [
            -2.5,
            26.25,
            -5
          ],
          "cubes": [
            {
              "origin": [
                -2.5,
                22,
                -5
              ],
              "size": [
                5,
                5,
                2
              ],
              "uv": [
                0,
                0
              ]
            },
            {
              "origin": [
                -0.5,
                23.5,
                -5.25
              ],
              "size": [
                1,
                4,
                3
              ],
              "uv": [
                12,
                37
              ]
            },
            {
              "origin": [
                -0.75,
                23,
                -5
              ],
              "size": [
                1,
                1,
                0
              ],
              "inflate": 0.009,
              "pivot": [
                -0.5,
                23.5,
                -5
              ],
              "rotation": [
                0,
                0,
                45
              ],
              "uv": [
                15,
                0
              ]
            },
            {
              "origin": [
                -0.25,
                23,
                -5
              ],
              "size": [
                1,
                1,
                0
              ],
              "inflate": 0.009,
              "pivot": [
                0.5,
                23.5,
                -5
              ],
              "rotation": [
                0,
                0,
                -45
              ],
              "uv": [
                12,
                0
              ]
            }
          ]
        },
        {
          "name": "lefteye",
          "parent": "head",
          "pivot": [
            0.10423,
            24.87764,
            -5
          ],
          "rotation": [
            0,
            0,
            -7.5
          ],
          "cubes": [
            {
              "origin": [
                0.25,
                25.25,
                -5
              ],
              "size": [
                6,
                4,
                0
              ],
              "inflate": 0.02,
              "pivot": [
                2.5,
                26,
                -5
              ],
              "rotation": [
                0,
                0,
                -10
              ],
              "uv": [
                0,
                13
              ]
            }
          ]
        },
        {
          "name": "lefteye1",
          "parent": "lefteye",
          "pivot": [
            2.5,
            26,
            -5
          ],
          "cubes": [
            {
              "origin": [
                0.86141,
                24.49353,
                -5
              ],
              "size": [
                1,
                1,
                0
              ],
              "inflate": 0.014,
              "pivot": [
                1.31141,
                25.24353,
                -5
              ],
              "rotation": [
                0,
                0,
                -5
              ],
              "uv": [
                13,
                9
              ]
            },
            {
              "origin": [
                0.25,
                24.35,
                -5
              ],
              "size": [
                2,
                1,
                0
              ],
              "inflate": 0.013,
              "pivot": [
                2.5,
                26,
                -5
              ],
              "rotation": [
                0,
                0,
                -5
              ],
              "uv": [
                13,
                10
              ]
            },
            {
              "origin": [
                -0.25,
                23.85,
                -5
              ],
              "size": [
                3,
                2,
                0
              ],
              "inflate": 0.012,
              "pivot": [
                2.5,
                26,
                -5
              ],
              "rotation": [
                0,
                0,
                -5
              ],
              "uv": [
                11,
                7
              ]
            }
          ]
        },
        {
          "name": "righteye",
          "parent": "head",
          "pivot": [
            -0.02097,
            24.87401,
            -5
          ],
          "rotation": [
            0,
            0,
            7.5
          ],
          "cubes": [
            {
              "origin": [
                -6.25,
                25.25,
                -5
              ],
              "size": [
                6,
                4,
                0
              ],
              "inflate": 0.02,
              "pivot": [
                -2.5,
                26,
                -5
              ],
              "rotation": [
                0,
                0,
                10
              ],
              "uv": [
                0,
                9
              ]
            }
          ]
        },
        {
          "name": "mixelrighteye",
          "parent": "righteye",
          "pivot": [
            -2.5,
            26,
            -5
          ],
          "cubes": [
            {
              "origin": [
                -1.85,
                24.6,
                -5
              ],
              "size": [
                1,
                1,
                0
              ],
              "inflate": 0.014,
              "pivot": [
                -2.5,
                26,
                -5
              ],
              "rotation": [
                0,
                0,
                5
              ],
              "uv": [
                0,
                7
              ]
            },
            {
              "origin": [
                -2.25,
                24.35,
                -5
              ],
              "size": [
                2,
                1,
                0
              ],
              "inflate": 0.013,
              "pivot": [
                -2.5,
                26,
                -5
              ],
              "rotation": [
                0,
                0,
                5
              ],
              "uv": [
                0,
                8
              ],
              "mirror": true
            },
            {
              "origin": [
                -3,
                23.85,
                -5
              ],
              "size": [
                3,
                2,
                0
              ],
              "inflate": 0.01,
              "pivot": [
                -2.5,
                26,
                -5
              ],
              "rotation": [
                0,
                0,
                5
              ],
              "uv": [
                4,
                7
              ],
              "mirror": true
            }
          ]
        },
        {
          "name": "rightshell",
          "parent": "body",
          "pivot": [
            -0.25,
            23.125,
            -2
          ],
          "cubes": [
            {
              "origin": [
                -8.25,
                23,
                -2
              ],
              "size": [
                8,
                11,
                0
              ],
              "uv": [
                68,
                39
              ]
            },
            {
              "origin": [
                -8.25,
                23,
                -2
              ],
              "size": [
                0,
                11,
                17
              ],
              "uv": [
                51,
                -17
              ]
            },
            {
              "origin": [
                -8.25,
                34,
                -2
              ],
              "size": [
                8,
                0,
                17
              ],
              "uv": [
                51,
                22
              ]
            },
            {
              "origin": [
                -8.25,
                23,
                15
              ],
              "size": [
                8,
                11,
                0
              ],
              "uv": [
                68,
                11
              ]
            }
          ]
        },
        {
          "name": "leftshell",
          "parent": "body",
          "pivot": [
            0.25,
            23.125,
            -2
          ],
          "cubes": [
            {
              "origin": [
                0.25,
                23,
                -2
              ],
              "size": [
                8,
                11,
                0
              ],
              "uv": [
                84,
                39
              ]
            },
            {
              "origin": [
                8.25,
                23,
                -2
              ],
              "size": [
                0,
                11,
                17
              ],
              "uv": [
                85,
                -17
              ]
            },
            {
              "origin": [
                0.25,
                34,
                -2
              ],
              "size": [
                8,
                0,
                17
              ],
              "uv": [
                67,
                22
              ]
            },
            {
              "origin": [
                0.25,
                23,
                15
              ],
              "size": [
                8,
                11,
                0
              ],
              "uv": [
                84,
                11
              ]
            }
          ]
        },
        {
          "name": "torso",
          "parent": "body",
          "pivot": [
            0,
            23.5,
            0.5
          ],
          "cubes": [
            {
              "origin": [
                -1.5,
                20,
                -1
              ],
              "size": [
                3,
                3,
                3
              ],
              "inflate": 0.001,
              "uv": [
                0,
                37
              ]
            }
          ]
        },
        {
          "name": "abdomen",
          "parent": "torso",
          "pivot": [
            0,
            20.5,
            0.5
          ],
          "cubes": [
            {
              "origin": [
                -1.5,
                17,
                -1
              ],
              "size": [
                3,
                4,
                3
              ],
              "uv": [
                0,
                43
              ]
            }
          ]
        },
        {
          "name": "waist",
          "parent": "abdomen",
          "pivot": [
            0,
            16.5,
            0.5
          ],
          "rotation": [
            17.5,
            0,
            0
          ],
          "cubes": [
            {
              "origin": [
                -2.5,
                15,
                -2
              ],
              "size": [
                5,
                3,
                5
              ],
              "pivot": [
                0,
                16.5,
                0.5
              ],
              "rotation": [
                0,
                -45,
                0
              ],
              "uv": [
                0,
                50
              ]
            }
          ]
        },
        {
          "name": "legleft",
          "parent": "waist",
          "pivot": [
            2,
            16.5,
            -0.5
          ],
          "cubes": [
            {
              "origin": [
                1.39429,
                16,
                -5.73008
              ],
              "size": [
                1,
                1,
                6
              ],
              "uv": [
                34,
                45
              ]
            }
          ]
        },
        {
          "name": "leftknee",
          "parent": "legleft",
          "pivot": [
            1.89429,
            16.49679,
            -4.80613
          ],
          "cubes": [
            {
              "origin": [
                0.39429,
                15,
                -7.73008
              ],
              "size": [
                3,
                3,
                3
              ],
              "uv": [
                35,
                52
              ]
            },
            {
              "origin": [
                0.39429,
                18,
                -4.73008
              ],
              "size": [
                3,
                0,
                3
              ],
              "pivot": [
                1.89429,
                18,
                -4.73008
              ],
              "rotation": [
                82.5,
                0,
                0
              ],
              "uv": [
                28,
                52
              ]
            },
            {
              "origin": [
                1.39429,
                15,
                -10.73008
              ],
              "size": [
                1,
                2,
                3
              ],
              "uv": [
                60,
                53
              ]
            },
            {
              "origin": [
                1.89429,
                15,
                -13.73008
              ],
              "size": [
                0,
                2,
                3
              ],
              "uv": [
                76,
                53
              ]
            }
          ]
        },
        {
          "name": "legright",
          "parent": "waist",
          "pivot": [
            -2,
            16.5,
            -0.5
          ],
          "cubes": [
            {
              "origin": [
                -2.60571,
                16,
                -5.73008
              ],
              "size": [
                1,
                1,
                6
              ],
              "uv": [
                20,
                45
              ]
            }
          ]
        },
        {
          "name": "rightknee",
          "parent": "legright",
          "pivot": [
            -2.10571,
            16.49679,
            -4.80613
          ],
          "cubes": [
            {
              "origin": [
                -3.60571,
                15,
                -7.73008
              ],
              "size": [
                3,
                3,
                3
              ],
              "uv": [
                21,
                52
              ]
            },
            {
              "origin": [
                -3.60571,
                18,
                -4.73008
              ],
              "size": [
                3,
                0,
                3
              ],
              "pivot": [
                -2.10571,
                18,
                -4.73008
              ],
              "rotation": [
                82.5,
                0,
                0
              ],
              "uv": [
                14,
                52
              ]
            },
            {
              "origin": [
                -2.60571,
                15,
                -10.73008
              ],
              "size": [
                1,
                2,
                3
              ],
              "uv": [
                51,
                53
              ]
            },
            {
              "origin": [
                -2.10571,
                15,
                -13.73008
              ],
              "size": [
                0,
                2,
                3
              ],
              "uv": [
                69,
                53
              ]
            }
          ]
        }
      ]
    }
  ]
}