{
  "portraitScale": 2.2,
  "portraitTranslation": [
    -1.39,
    1.08,
    0.0
  ],
  "profileScale": 0.65,
  "profileTranslation": [
    0,
    0.85,
    0.0
  ],
  "animations": {
    "faint": "q.bedrock_primary('raikou', 'faint', q.curve('one'))",
    "cry": "q.bedrock_stateful('raikou', 'cry', q.curve('symmetrical_wide'))",
    "recoil": "q.bedrock_stateful('raikou', 'recoil')",
    "physical": "q.bedrock_primary('raikou', 'physical', q.curve('symmetrical_wide'))",
    "special": "q.bedrock_primary('raikou', 'special', q.curve('symmetrical_wide'))",
    "status": "q.bedrock_primary('raikou', 'status', q.curve('symmetrical_wide'))"
  },
  "poses": {
    "battle-standing": {
      "poseTypes": [
        "STAND"
      ],
      "isBattle": true,
      "animations": [
        "q.look('head')",
        "q.bedrock('raikou', 'battle_idle')"
      ],
      "quirks": [
        "q.bedrock_quirk('raikou', 'blink')"
      ]
    },
    "standing": {
      "poseTypes": [
        "STAND",
        "NONE",
        "PORTRAIT",
        "FLOAT",
        "PROFILE"
      ],
      "isBattle": false,
      "animations": [
        "q.look('head')",
        "q.bedrock('raikou', 'ground_idle')"
      ],
      "quirks": [
        "q.bedrock_quirk('raikou', 'blink')"
      ]
    },
    "walking": {
      "poseTypes": [
        "WALK",
        "SWIM"
      ],
      "animations": [
        "q.look('head')",
        "q.bedrock('raikou', 'ground_walk')"
      ],
      "quirks": [
        "q.bedrock_quirk('raikou', 'blink')"
      ]
    },
    "sleep": {
      "poseTypes": [
        "SLEEP"
      ],
      "animations": [
        "q.bedrock('raikou', 'sleep')"
      ],
      "quirks": [
        "q.bedrock_quirk('raikou', 'sleep_quirk')",
        "q.bedrock_quirk('raikou', 'sleep_quirk2')"
      ]
    }
  }
}