{
  "head": "head",
  "portraitScale": 1.0,
  "portraitTranslation": [
    0,
    2.5,
    0
  ],
  "profileScale": 0.4,
  "profileTranslation": [
    0,
    1.3,
    0
  ],
  "poses": {
    "standing": {
      "poseName": "standing",
      "transformTicks": 10,
      "poseTypes": [
        "STAND",
        "NONE",
        "PORTRAIT",
        "PROFILE"
      ],
      "animations": [
        "look",
        "bedrock(sandyshocks, ground_idle)"
      ]
    },
    "walking": {
      "poseName": "walking",
      "transformTicks": 10,
      "poseTypes": [
        "WALK"
      ],
      "animations": [
        "look",
        "bedrock(sandyshocks, ground_walk)"
      ]
    }
  }
}