{
  "portraitScale": 1.75,
  "portraitTranslation": [
    -0.25,
    1.2,
    0
  ],
  "profileScale": 0.8,
  "profileTranslation": [
    0,
    0.6,
    0
  ],
  "rootBone": "oranguru",
  "animations": {
    "cry": "q.bedrock_stateful('oranguru', 'cry')",
    "recoil": "q.bedrock_stateful('oranguru', 'recoil')"
  },
  "poses": {
    "battle-idle": {
      "poseName": "battle-idle",
      "poseTypes": [
        "STAND"
      ],
      "isBattle": true,
      "animations": [
        "q.look('head')",
        "q.bedrock('oranguru', 'battle_idle')"
      ],
      "quirks": [
        "q.bedrock_quirk('oranguru', 'blink')",
        "q.bedrock_quirk('oranguru', 'quirk1', 20, 60, 1)"
      ]
    },
    "standing": {
      "poseName": "standing",
      "transformTicks": 10,
      "poseTypes": [
        "STAND",
        "NONE",
        "PORTRAIT",
        "PROFILE"
      ],
      "isBattle": false,
      "animations": [
        "q.bedrock('oranguru', 'ground_idle')"
      ],
      "quirks": [
        "q.bedrock_quirk('oranguru', 'blink')",
        "q.bedrock_quirk('oranguru', 'quirk1', 20, 60, 1)"
      ]
    },
    "walking": {
      "poseName": "walking",
      "transformTicks": 10,
      "poseTypes": [
        "WALK"
      ],
      "animations": [
        "q.bedrock('oranguru', 'ground_walk')"
      ],
      "quirks": [
        "q.bedrock_quirk('oranguru', 'blink')"
      ]
    }
  }
}