{
  "format_version": "1.12.0",
  "minecraft:geometry": [
    {
      "description": {
        "identifier": "geometry.donphan_male",
        "texture_width": 512,
        "texture_height": 512,
        "visible_bounds_width": 11,
        "visible_bounds_height": 6,
        "visible_bounds_offset": [
          0,
          2,
          0
        ]
      },
      "bones": [
        {
          "name": "GreatTusk",
          "pivot": [
            0,
            0,
            0
          ]
        },
        {
          "name": "body",
          "parent": "GreatTusk",
          "pivot": [
            0,
            0,
            0
          ]
        },
        {
          "name": "torso",
          "parent": "body",
          "pivot": [
            0,
            14,
            0
          ]
        },
        {
          "name": "torso_back",
          "parent": "torso",
          "pivot": [
            0,
            40,
            6
          ],
          "cubes": [
            {
              "origin": [
                -18,
                9,
                6
              ],
              "size": [
                36,
                30,
                20
              ],
              "uv": [
                0,
                60
              ]
            }
          ]
        },
        {
          "name": "torso_front",
          "parent": "torso",
          "pivot": [
            0,
            24,
            -9
          ],
          "cubes": [
            {
              "origin": [
                -18,
                8.99,
                -24.01
              ],
              "size": [
                36,
                30,
                30
              ],
              "inflate": 0.01,
              "uv": [
                0,
                0
              ]
            },
            {
              "origin": [
                -18.01,
                17.99,
                -8.76
              ],
              "size": [
                0,
                17,
                16
              ],
              "inflate": 0.01,
              "pivot": [
                -18.01,
                24.49,
                -2.01
              ],
              "rotation": [
                45,
                0,
                0
              ],
              "uv": [
                226,
                238
              ]
            },
            {
              "origin": [
                18.01,
                17.99,
                -8.76
              ],
              "size": [
                0,
                17,
                16
              ],
              "inflate": 0.01,
              "pivot": [
                18.01,
                24.49,
                -2.01
              ],
              "rotation": [
                45,
                0,
                0
              ],
              "uv": [
                60,
                232
              ]
            }
          ]
        },
        {
          "name": "head",
          "parent": "torso_front",
          "pivot": [
            0,
            30.5,
            -23.5
          ],
          "cubes": [
            {
              "origin": [
                -12,
                24,
                -41
              ],
              "size": [
                24,
                14,
                20
              ],
              "uv": [
                96,
                122
              ]
            },
            {
              "origin": [
                -12,
                16,
                -35
              ],
              "size": [
                24,
                8,
                14
              ],
              "inflate": 0.01,
              "uv": [
                128,
                206
              ]
            },
            {
              "origin": [
                -12,
                19,
                -41
              ],
              "size": [
                24,
                5,
                6
              ],
              "inflate": 0.01,
              "uv": [
                180,
                0
              ]
            }
          ]
        },
        {
          "name": "tusk_left",
          "parent": "head",
          "pivot": [
            11,
            24,
            -30
          ],
          "rotation": [
            17.701,
            15.10501,
            35.88614
          ],
          "cubes": [
            {
              "origin": [
                9.94,
                19.2262,
                -34.7738
              ],
              "size": [
                7,
                10,
                10
              ],
              "inflate": 0.01,
              "uv": [
                259,
                112
              ]
            }
          ]
        },
        {
          "name": "tusk_left2",
          "parent": "tusk_left",
          "pivot": [
            20.23,
            28.56,
            -35.9975
          ],
          "rotation": [
            1.16524,
            24.97457,
            2.75806
          ],
          "cubes": [
            {
              "origin": [
                12.96,
                20.4162,
                -35.3813
              ],
              "size": [
                12,
                7,
                7
              ],
              "inflate": 0.01,
              "uv": [
                262,
                0
              ]
            }
          ]
        },
        {
          "name": "tusk_left3",
          "parent": "tusk_left2",
          "pivot": [
            26.42591,
            27.24782,
            -33.06728
          ],
          "rotation": [
            -3.31914,
            14.63639,
            -42.92638
          ],
          "cubes": [
            {
              "origin": [
                20.92591,
                24.24782,
                -36.06728
              ],
              "size": [
                12,
                6,
                6
              ],
              "inflate": 0.01,
              "uv": [
                106,
                270
              ]
            }
          ]
        },
        {
          "name": "tusk_left4",
          "parent": "tusk_left3",
          "pivot": [
            39.93091,
            24.91662,
            -35.98098
          ],
          "rotation": [
            2.22153,
            6.92625,
            -30.51445
          ],
          "cubes": [
            {
              "origin": [
                32.98091,
                28.34282,
                -35.92478
              ],
              "size": [
                13,
                5,
                5
              ],
              "inflate": 0.01,
              "uv": [
                23,
                272
              ]
            }
          ]
        },
        {
          "name": "tusk_left5",
          "parent": "tusk_left4",
          "pivot": [
            53.02091,
            25.21412,
            -36.27848
          ],
          "rotation": [
            -4.52341,
            9.30644,
            -47.67138
          ],
          "cubes": [
            {
              "origin": [
                50.82091,
                33.33032,
                -37.31728
              ],
              "size": [
                13,
                5,
                5
              ],
              "inflate": 0.01,
              "uv": [
                214,
                271
              ]
            }
          ]
        },
        {
          "name": "tusk_left6",
          "parent": "tusk_left5",
          "pivot": [
            64.92091,
            25.21412,
            -36.27848
          ],
          "rotation": [
            -1.75404,
            11.27253,
            -36.53224
          ],
          "cubes": [
            {
              "origin": [
                67.88841,
                33.12782,
                -36.12728
              ],
              "size": [
                10,
                5,
                4
              ],
              "inflate": 0.01,
              "uv": [
                266,
                276
              ]
            }
          ]
        },
        {
          "name": "tusk_left7",
          "parent": "tusk_left6",
          "pivot": [
            74.44091,
            25.51162,
            -35.98098
          ],
          "rotation": [
            2.71994,
            19.82169,
            -22.02468
          ],
          "cubes": [
            {
              "origin": [
                78.77651,
                31.67722,
                -33.32788
              ],
              "size": [
                7,
                5,
                3
              ],
              "uv": [
                170,
                252
              ]
            }
          ]
        },
        {
          "name": "tusk_left8",
          "parent": "tusk_left7",
          "pivot": [
            83.06841,
            25.80912,
            -35.98098
          ],
          "rotation": [
            0,
            22.5,
            -42.5
          ],
          "cubes": [
            {
              "origin": [
                86.65401,
                28.91472,
                -30.48288
              ],
              "size": [
                7,
                3,
                2
              ],
              "uv": [
                150,
                30
              ]
            }
          ]
        },
        {
          "name": "tusk_left9",
          "parent": "tusk_left7",
          "pivot": [
            89.8667,
            39.8073,
            -35.18906
          ],
          "rotation": [
            -11.70092,
            19.3546,
            -74.50206
          ],
          "cubes": [
            {
              "origin": [
                86.1167,
                39.5573,
                -35.43906
              ],
              "size": [
                6,
                2,
                1
              ],
              "pivot": [
                89.3667,
                40.3073,
                -34.93906
              ],
              "rotation": [
                0,
                0,
                -12.5
              ],
              "uv": [
                14,
                26
              ]
            }
          ]
        },
        {
          "name": "tusk_right",
          "parent": "head",
          "pivot": [
            -11,
            24,
            -30
          ],
          "rotation": [
            17.701,
            -15.10501,
            -35.88614
          ],
          "cubes": [
            {
              "origin": [
                -16.94,
                19.2262,
                -34.7738
              ],
              "size": [
                7,
                10,
                10
              ],
              "inflate": 0.01,
              "uv": [
                258,
                244
              ]
            }
          ]
        },
        {
          "name": "tusk_right2",
          "parent": "tusk_right",
          "pivot": [
            -20.23,
            28.56,
            -35.9975
          ],
          "rotation": [
            1.16524,
            -24.97457,
            -2.75806
          ],
          "cubes": [
            {
              "origin": [
                -24.96,
                20.4162,
                -35.3813
              ],
              "size": [
                12,
                7,
                7
              ],
              "inflate": 0.01,
              "uv": [
                254,
                62
              ]
            }
          ]
        },
        {
          "name": "tusk_right3",
          "parent": "tusk_right2",
          "pivot": [
            -26.42591,
            27.24782,
            -33.06728
          ],
          "rotation": [
            -3.31914,
            -14.63639,
            42.92638
          ],
          "cubes": [
            {
              "origin": [
                -32.92591,
                24.24782,
                -36.06728
              ],
              "size": [
                12,
                6,
                6
              ],
              "inflate": 0.01,
              "uv": [
                258,
                264
              ]
            }
          ]
        },
        {
          "name": "tusk_right4",
          "parent": "tusk_right3",
          "pivot": [
            -39.93091,
            24.91662,
            -35.98098
          ],
          "rotation": [
            2.22153,
            -6.92625,
            30.51445
          ],
          "cubes": [
            {
              "origin": [
                -45.98091,
                28.34282,
                -35.92478
              ],
              "size": [
                13,
                5,
                5
              ],
              "inflate": 0.01,
              "uv": [
                271,
                168
              ]
            }
          ]
        },
        {
          "name": "tusk_right5",
          "parent": "tusk_right4",
          "pivot": [
            -53.02091,
            25.21412,
            -36.27848
          ],
          "rotation": [
            -4.52341,
            -9.30644,
            47.67138
          ],
          "cubes": [
            {
              "origin": [
                -63.82091,
                33.33032,
                -37.31728
              ],
              "size": [
                13,
                5,
                5
              ],
              "inflate": 0.01,
              "uv": [
                270,
                201
              ]
            }
          ]
        },
        {
          "name": "tusk_right6",
          "parent": "tusk_right5",
          "pivot": [
            -64.92091,
            25.21412,
            -36.27848
          ],
          "rotation": [
            -1.75404,
            -11.27253,
            36.53224
          ],
          "cubes": [
            {
              "origin": [
                -77.88841,
                33.12782,
                -36.12728
              ],
              "size": [
                10,
                5,
                4
              ],
              "inflate": 0.01,
              "uv": [
                272,
                178
              ]
            }
          ]
        },
        {
          "name": "tusk_right7",
          "parent": "tusk_right6",
          "pivot": [
            -74.44091,
            25.51162,
            -35.98098
          ],
          "rotation": [
            2.71994,
            -19.82169,
            22.02468
          ],
          "cubes": [
            {
              "origin": [
                -85.77651,
                31.67722,
                -33.32788
              ],
              "size": [
                7,
                5,
                3
              ],
              "uv": [
                30,
                240
              ]
            }
          ]
        },
        {
          "name": "tusk_right8",
          "parent": "tusk_right7",
          "pivot": [
            -83.06841,
            25.80912,
            -35.98098
          ],
          "rotation": [
            0,
            -22.5,
            42.5
          ],
          "cubes": [
            {
              "origin": [
                -93.65401,
                28.91472,
                -30.48288
              ],
              "size": [
                7,
                3,
                2
              ],
              "uv": [
                132,
                30
              ]
            }
          ]
        },
        {
          "name": "tusk_right9",
          "parent": "tusk_right7",
          "pivot": [
            -89.8667,
            39.8073,
            -35.18906
          ],
          "rotation": [
            -11.70092,
            -19.3546,
            74.50206
          ],
          "cubes": [
            {
              "origin": [
                -92.1167,
                39.5573,
                -35.43906
              ],
              "size": [
                6,
                2,
                1
              ],
              "pivot": [
                -89.3667,
                40.3073,
                -34.93906
              ],
              "rotation": [
                0,
                0,
                12.5
              ],
              "uv": [
                0,
                26
              ]
            }
          ]
        },
        {
          "name": "jaw",
          "parent": "head",
          "pivot": [
            -1,
            24,
            -35
          ],
          "cubes": [
            {
              "origin": [
                -12,
                16,
                -41
              ],
              "size": [
                24,
                8,
                6
              ],
              "uv": [
                112,
                72
              ]
            }
          ]
        },
        {
          "name": "eye_right",
          "parent": "head",
          "pivot": [
            -10.02,
            31.25,
            -37.02
          ],
          "cubes": [
            {
              "origin": [
                -12,
                28.24,
                -41
              ],
              "size": [
                4,
                6,
                8
              ],
              "inflate": 0.01,
              "uv": [
                242,
                273
              ]
            }
          ]
        },
        {
          "name": "eyelid_right",
          "parent": "eye_right",
          "pivot": [
            -9.82,
            31.25,
            -36.82
          ],
          "cubes": [
            {
              "origin": [
                -11.91,
                28.23,
                -40.91
              ],
              "size": [
                4,
                6,
                8
              ],
              "inflate": 0.01,
              "uv": [
                59,
                272
              ]
            }
          ]
        },
        {
          "name": "eye_left",
          "parent": "head",
          "pivot": [
            10.02,
            31.25,
            -37.02
          ],
          "cubes": [
            {
              "origin": [
                8,
                28.24,
                -41
              ],
              "size": [
                4,
                6,
                8
              ],
              "inflate": 0.01,
              "uv": [
                166,
                272
              ],
              "mirror": true
            }
          ]
        },
        {
          "name": "eyelid_left",
          "parent": "eye_left",
          "pivot": [
            9.82,
            31.25,
            -36.82
          ],
          "cubes": [
            {
              "origin": [
                7.91,
                28.23,
                -40.91
              ],
              "size": [
                4,
                6,
                8
              ],
              "inflate": 0.01,
              "uv": [
                142,
                272
              ]
            }
          ]
        },
        {
          "name": "front_plate",
          "parent": "torso_front",
          "pivot": [
            0,
            50,
            2
          ],
          "rotation": [
            2.5,
            0,
            0
          ],
          "cubes": [
            {
              "origin": [
                -14,
                39,
                -22
              ],
              "size": [
                28,
                12,
                24
              ],
              "uv": [
                88,
                86
              ]
            }
          ]
        },
        {
          "name": "tread",
          "parent": "front_plate",
          "pivot": [
            0,
            40,
            4
          ],
          "rotation": [
            -10,
            0,
            0
          ],
          "cubes": [
            {
              "origin": [
                -16,
                36,
                -3
              ],
              "size": [
                32,
                16,
                14
              ],
              "uv": [
                102,
                0
              ]
            },
            {
              "origin": [
                11,
                48,
                -2
              ],
              "size": [
                0,
                10,
                14
              ],
              "uv": [
                186,
                253
              ]
            },
            {
              "origin": [
                -11,
                48,
                -2
              ],
              "size": [
                0,
                10,
                14
              ],
              "uv": [
                0,
                252
              ]
            },
            {
              "origin": [
                0,
                48,
                -3
              ],
              "size": [
                0,
                11,
                15
              ],
              "uv": [
                72,
                107
              ]
            }
          ]
        },
        {
          "name": "tread4",
          "parent": "front_plate",
          "pivot": [
            0,
            49,
            -22
          ],
          "rotation": [
            7.5,
            0,
            0
          ],
          "cubes": [
            {
              "origin": [
                -15,
                40.99,
                -29.01
              ],
              "size": [
                30,
                12,
                14
              ],
              "inflate": 0.01,
              "uv": [
                0,
                146
              ]
            },
            {
              "origin": [
                -11,
                49.99,
                -28.01
              ],
              "size": [
                0,
                8,
                14
              ],
              "inflate": 0.01,
              "uv": [
                30,
                218
              ]
            },
            {
              "origin": [
                11,
                49.99,
                -28.01
              ],
              "size": [
                0,
                8,
                14
              ],
              "inflate": 0.01,
              "uv": [
                128,
                184
              ]
            },
            {
              "origin": [
                0,
                49.99,
                -29.01
              ],
              "size": [
                0,
                9,
                15
              ],
              "inflate": 0.01,
              "uv": [
                92,
                207
              ]
            }
          ]
        },
        {
          "name": "head_plate",
          "parent": "front_plate",
          "pivot": [
            0,
            50,
            -22
          ],
          "rotation": [
            15,
            0,
            0
          ],
          "cubes": [
            {
              "origin": [
                -13,
                38,
                -46
              ],
              "size": [
                26,
                12,
                24
              ],
              "uv": [
                108,
                36
              ]
            }
          ]
        },
        {
          "name": "tread5",
          "parent": "head_plate",
          "pivot": [
            0,
            48.5,
            -44
          ],
          "cubes": [
            {
              "origin": [
                -11,
                45.5,
                -51
              ],
              "size": [
                22,
                6,
                14
              ],
              "uv": [
                0,
                212
              ]
            },
            {
              "origin": [
                9,
                50.5,
                -50
              ],
              "size": [
                0,
                7,
                14
              ],
              "uv": [
                78,
                256
              ]
            },
            {
              "origin": [
                -9,
                50.5,
                -50
              ],
              "size": [
                0,
                7,
                14
              ],
              "uv": [
                254,
                140
              ]
            },
            {
              "origin": [
                0,
                50.5,
                -51
              ],
              "size": [
                0,
                8,
                15
              ],
              "uv": [
                92,
                216
              ]
            }
          ]
        },
        {
          "name": "trunk",
          "parent": "head_plate",
          "pivot": [
            0,
            50,
            -46
          ],
          "cubes": [
            {
              "origin": [
                -10,
                40,
                -64
              ],
              "size": [
                20,
                10,
                18
              ],
              "uv": [
                166,
                138
              ]
            },
            {
              "origin": [
                -8,
                50,
                -65
              ],
              "size": [
                0,
                7,
                8
              ],
              "uv": [
                72,
                102
              ]
            },
            {
              "origin": [
                0,
                50,
                -66
              ],
              "size": [
                0,
                7,
                10
              ],
              "uv": [
                0,
                117
              ]
            },
            {
              "origin": [
                8,
                50,
                -65
              ],
              "size": [
                0,
                7,
                8
              ],
              "uv": [
                92,
                52
              ]
            }
          ]
        },
        {
          "name": "tread6",
          "parent": "trunk",
          "pivot": [
            0,
            49,
            -62
          ],
          "cubes": [
            {
              "origin": [
                -9,
                46,
                -66
              ],
              "size": [
                18,
                6,
                8
              ],
              "uv": [
                254,
                48
              ]
            }
          ]
        },
        {
          "name": "trunk2",
          "parent": "trunk",
          "pivot": [
            0,
            49,
            -64
          ],
          "cubes": [
            {
              "origin": [
                -7.99,
                40.99,
                -82.01
              ],
              "size": [
                16,
                8,
                18
              ],
              "inflate": 0.01,
              "uv": [
                202,
                188
              ]
            },
            {
              "origin": [
                0,
                45.99,
                -79.01
              ],
              "size": [
                0,
                10,
                9
              ],
              "uv": [
                220,
                103
              ]
            }
          ]
        },
        {
          "name": "trunk3",
          "parent": "trunk2",
          "pivot": [
            0,
            48,
            -82
          ],
          "cubes": [
            {
              "origin": [
                -8,
                42,
                -94
              ],
              "size": [
                16,
                6,
                12
              ],
              "uv": [
                110,
                228
              ]
            }
          ]
        },
        {
          "name": "tread8",
          "parent": "trunk3",
          "pivot": [
            0,
            47.5,
            -87
          ],
          "cubes": [
            {
              "origin": [
                -9,
                44.5,
                -91
              ],
              "size": [
                18,
                6,
                8
              ],
              "uv": [
                220,
                173
              ]
            }
          ]
        },
        {
          "name": "tread7",
          "parent": "trunk2",
          "pivot": [
            0,
            48.5,
            -75
          ],
          "cubes": [
            {
              "origin": [
                -9,
                45.5,
                -79
              ],
              "size": [
                18,
                6,
                8
              ],
              "uv": [
                252,
                187
              ]
            }
          ]
        },
        {
          "name": "ear_left",
          "parent": "head_plate",
          "pivot": [
            13,
            42,
            -27
          ],
          "cubes": [
            {
              "origin": [
                11,
                42,
                -35
              ],
              "size": [
                18,
                0,
                16
              ],
              "uv": [
                200,
                214
              ]
            }
          ]
        },
        {
          "name": "ear_left2",
          "parent": "ear_left",
          "pivot": [
            29,
            42,
            -27
          ],
          "cubes": [
            {
              "origin": [
                29,
                42,
                -33
              ],
              "size": [
                14,
                0,
                16
              ],
              "uv": [
                192,
                54
              ]
            }
          ]
        },
        {
          "name": "ear_right",
          "parent": "head_plate",
          "pivot": [
            -13,
            42,
            -27
          ],
          "cubes": [
            {
              "origin": [
                -29,
                42,
                -35
              ],
              "size": [
                18,
                0,
                16
              ],
              "uv": [
                96,
                182
              ]
            }
          ]
        },
        {
          "name": "ear_right2",
          "parent": "ear_right",
          "pivot": [
            -29,
            42,
            -27
          ],
          "cubes": [
            {
              "origin": [
                -43,
                42,
                -33
              ],
              "size": [
                14,
                0,
                16
              ],
              "uv": [
                32,
                172
              ]
            }
          ]
        },
        {
          "name": "back_plate",
          "parent": "front_plate",
          "pivot": [
            0,
            50,
            2
          ],
          "rotation": [
            -15,
            0,
            0
          ],
          "cubes": [
            {
              "origin": [
                -12,
                38,
                2
              ],
              "size": [
                24,
                12,
                24
              ],
              "uv": [
                0,
                110
              ]
            }
          ]
        },
        {
          "name": "tread2",
          "parent": "back_plate",
          "pivot": [
            0,
            40.5,
            24.5
          ],
          "rotation": [
            -27.5,
            0,
            0
          ],
          "cubes": [
            {
              "origin": [
                -14,
                38,
                17.5
              ],
              "size": [
                28,
                12,
                14
              ],
              "uv": [
                88,
                156
              ]
            },
            {
              "origin": [
                7,
                46,
                18.5
              ],
              "size": [
                0,
                10,
                14
              ],
              "uv": [
                0,
                242
              ]
            },
            {
              "origin": [
                -7,
                46,
                18.5
              ],
              "size": [
                0,
                10,
                14
              ],
              "uv": [
                122,
                238
              ]
            },
            {
              "origin": [
                0,
                46,
                17.5
              ],
              "size": [
                0,
                11,
                15
              ],
              "uv": [
                0,
                0
              ]
            }
          ]
        },
        {
          "name": "tail",
          "parent": "back_plate",
          "pivot": [
            0,
            48,
            26
          ],
          "rotation": [
            -37.5,
            0,
            0
          ],
          "cubes": [
            {
              "origin": [
                -8,
                36,
                26
              ],
              "size": [
                16,
                12,
                20
              ],
              "uv": [
                168,
                72
              ]
            },
            {
              "origin": [
                -7,
                33,
                26
              ],
              "size": [
                14,
                7,
                21
              ],
              "uv": [
                171,
                104
              ]
            }
          ]
        },
        {
          "name": "tread3",
          "parent": "tail",
          "pivot": [
            0,
            46,
            46
          ],
          "cubes": [
            {
              "origin": [
                -6,
                44.5,
                41
              ],
              "size": [
                12,
                6,
                10
              ],
              "uv": [
                254,
                138
              ]
            },
            {
              "origin": [
                0,
                46.5,
                41
              ],
              "size": [
                0,
                9,
                11
              ],
              "uv": [
                0,
                99
              ]
            }
          ]
        },
        {
          "name": "tail2",
          "parent": "tail",
          "pivot": [
            0,
            45,
            44
          ],
          "cubes": [
            {
              "origin": [
                -5,
                39,
                40
              ],
              "size": [
                10,
                8,
                18
              ],
              "uv": [
                54,
                222
              ]
            },
            {
              "origin": [
                -4,
                32,
                44
              ],
              "size": [
                8,
                8,
                15
              ],
              "uv": [
                250,
                215
              ]
            }
          ]
        },
        {
          "name": "tail3",
          "parent": "tail2",
          "pivot": [
            0.5,
            45,
            57
          ],
          "cubes": [
            {
              "origin": [
                -4.5,
                40,
                53
              ],
              "size": [
                9,
                6,
                16
              ],
              "uv": [
                225,
                116
              ]
            },
            {
              "origin": [
                0,
                45,
                59
              ],
              "size": [
                0,
                6,
                11
              ],
              "uv": [
                92,
                61
              ]
            },
            {
              "origin": [
                -3.5,
                33,
                57
              ],
              "size": [
                7,
                8,
                13
              ],
              "uv": [
                254,
                83
              ]
            }
          ]
        },
        {
          "name": "tail4",
          "parent": "tail3",
          "pivot": [
            0.5,
            45,
            69
          ],
          "cubes": [
            {
              "origin": [
                -3.5,
                40.75,
                65
              ],
              "size": [
                7,
                4,
                16
              ],
              "uv": [
                140,
                252
              ]
            },
            {
              "origin": [
                0,
                44.75,
                74
              ],
              "size": [
                0,
                4,
                5
              ],
              "uv": [
                19,
                0
              ]
            },
            {
              "origin": [
                -2.5,
                35.5,
                69
              ],
              "size": [
                5,
                6,
                9
              ],
              "uv": [
                0,
                0
              ]
            },
            {
              "origin": [
                -2.5,
                37.5,
                78
              ],
              "size": [
                5,
                4,
                6
              ],
              "uv": [
                77,
                150
              ]
            }
          ]
        },
        {
          "name": "leg_front_left",
          "parent": "body",
          "pivot": [
            10.5,
            20,
            -14
          ],
          "cubes": [
            {
              "origin": [
                3.5,
                0,
                -23
              ],
              "size": [
                16,
                24,
                16
              ],
              "uv": [
                184,
                14
              ]
            },
            {
              "origin": [
                8.48,
                3.73,
                -25.02
              ],
              "size": [
                6,
                7,
                22
              ],
              "inflate": 0.01,
              "uv": [
                220,
                83
              ]
            },
            {
              "origin": [
                20.48,
                3.98,
                -20.02
              ],
              "size": [
                0,
                8,
                10
              ],
              "pivot": [
                20.48,
                6.98,
                -20.02
              ],
              "rotation": [
                52.83761,
                9.05478,
                4.26175
              ],
              "uv": [
                204,
                163
              ]
            },
            {
              "origin": [
                20.48,
                3.98,
                -15.02
              ],
              "size": [
                0,
                8,
                10
              ],
              "pivot": [
                20.48,
                6.98,
                -15.02
              ],
              "rotation": [
                35.91629,
                13.35049,
                6.37821
              ],
              "uv": [
                164,
                122
              ]
            },
            {
              "origin": [
                14.52,
                3.98,
                -24.02
              ],
              "size": [
                6,
                6,
                18
              ],
              "inflate": 0.01,
              "uv": [
                178,
                243
              ]
            },
            {
              "origin": [
                2.52,
                3.98,
                -24.02
              ],
              "size": [
                6,
                6,
                18
              ],
              "inflate": 0.01,
              "uv": [
                148,
                228
              ]
            }
          ]
        },
        {
          "name": "toe_front_left",
          "parent": "leg_front_left",
          "pivot": [
            11.5,
            4,
            -23
          ],
          "cubes": [
            {
              "origin": [
                11.5,
                0,
                -27
              ],
              "size": [
                0,
                4,
                4
              ],
              "uv": [
                0,
                142
              ]
            }
          ]
        },
        {
          "name": "toe_front_left2",
          "parent": "leg_front_left",
          "pivot": [
            6.5,
            4,
            -23
          ],
          "cubes": [
            {
              "origin": [
                6.5,
                0,
                -27
              ],
              "size": [
                0,
                4,
                4
              ],
              "uv": [
                102,
                122
              ]
            }
          ]
        },
        {
          "name": "toe_front_left3",
          "parent": "leg_front_left",
          "pivot": [
            16.5,
            4,
            -23
          ],
          "cubes": [
            {
              "origin": [
                16.5,
                0,
                -27
              ],
              "size": [
                0,
                4,
                4
              ],
              "uv": [
                102,
                118
              ]
            }
          ]
        },
        {
          "name": "leg_back_left",
          "parent": "body",
          "pivot": [
            10.5,
            20,
            17.75
          ],
          "cubes": [
            {
              "origin": [
                3.5,
                0,
                8.75
              ],
              "size": [
                16,
                24,
                16
              ],
              "uv": [
                0,
                172
              ]
            },
            {
              "origin": [
                14.51,
                3.99,
                7.74
              ],
              "size": [
                6,
                6,
                18
              ],
              "inflate": 0.01,
              "uv": [
                92,
                246
              ]
            },
            {
              "origin": [
                2.51,
                3.99,
                7.74
              ],
              "size": [
                6,
                6,
                18
              ],
              "inflate": 0.01,
              "uv": [
                220,
                230
              ]
            },
            {
              "origin": [
                20.48,
                3.98,
                13.73
              ],
              "size": [
                0,
                8,
                10
              ],
              "pivot": [
                20.48,
                6.98,
                13.73
              ],
              "rotation": [
                52.83761,
                9.05478,
                4.26175
              ],
              "uv": [
                0,
                109
              ]
            },
            {
              "origin": [
                20.48,
                3.98,
                13.73
              ],
              "size": [
                0,
                8,
                10
              ],
              "pivot": [
                20.48,
                6.98,
                13.73
              ],
              "rotation": [
                52.83761,
                9.05478,
                4.26175
              ],
              "uv": [
                0,
                109
              ]
            },
            {
              "origin": [
                20.48,
                3.98,
                18.73
              ],
              "size": [
                0,
                8,
                10
              ],
              "pivot": [
                20.48,
                6.98,
                18.73
              ],
              "rotation": [
                35.91629,
                13.35049,
                6.37821
              ],
              "uv": [
                96,
                123
              ]
            },
            {
              "origin": [
                8.49,
                3.74,
                6.74
              ],
              "size": [
                6,
                7,
                22
              ],
              "inflate": 0.01,
              "uv": [
                182,
                214
              ]
            }
          ]
        },
        {
          "name": "toe_front_left4",
          "parent": "leg_back_left",
          "pivot": [
            11.5,
            4,
            8.75
          ],
          "cubes": [
            {
              "origin": [
                11.5,
                0,
                4.75
              ],
              "size": [
                0,
                4,
                4
              ],
              "uv": [
                102,
                0
              ]
            }
          ]
        },
        {
          "name": "toe_front_left5",
          "parent": "leg_back_left",
          "pivot": [
            6.5,
            4,
            8.75
          ],
          "cubes": [
            {
              "origin": [
                6.5,
                0,
                4.75
              ],
              "size": [
                0,
                4,
                4
              ],
              "uv": [
                100,
                63
              ]
            }
          ]
        },
        {
          "name": "toe_front_left6",
          "parent": "leg_back_left",
          "pivot": [
            16.5,
            4,
            8.75
          ],
          "cubes": [
            {
              "origin": [
                16.5,
                0,
                4.75
              ],
              "size": [
                0,
                4,
                4
              ],
              "uv": [
                92,
                63
              ]
            }
          ]
        },
        {
          "name": "leg_back_right",
          "parent": "body",
          "pivot": [
            -10.5,
            20,
            17.75
          ],
          "cubes": [
            {
              "origin": [
                -19.5,
                0,
                8.75
              ],
              "size": [
                16,
                24,
                16
              ],
              "uv": [
                156,
                166
              ]
            },
            {
              "origin": [
                -8.49,
                3.99,
                7.74
              ],
              "size": [
                6,
                6,
                18
              ],
              "inflate": 0.01,
              "uv": [
                30,
                248
              ]
            },
            {
              "origin": [
                -8.49,
                3.99,
                7.74
              ],
              "size": [
                6,
                6,
                18
              ],
              "inflate": 0.01,
              "uv": [
                30,
                248
              ]
            },
            {
              "origin": [
                -20.49,
                3.99,
                7.74
              ],
              "size": [
                6,
                6,
                18
              ],
              "inflate": 0.01,
              "uv": [
                232,
                0
              ]
            },
            {
              "origin": [
                -14.49,
                3.74,
                6.74
              ],
              "size": [
                6,
                7,
                22
              ],
              "inflate": 0.01,
              "uv": [
                220,
                54
              ]
            },
            {
              "origin": [
                -20.48,
                3.98,
                18.73
              ],
              "size": [
                0,
                8,
                10
              ],
              "pivot": [
                -20.48,
                6.98,
                18.73
              ],
              "rotation": [
                35.91629,
                -13.35049,
                -6.37821
              ],
              "uv": [
                0,
                58
              ]
            },
            {
              "origin": [
                -20.48,
                3.98,
                13.73
              ],
              "size": [
                0,
                8,
                10
              ],
              "pivot": [
                -20.48,
                6.98,
                13.73
              ],
              "rotation": [
                52.83761,
                -9.05478,
                -4.26175
              ],
              "uv": [
                0,
                50
              ]
            }
          ]
        },
        {
          "name": "toe_front_right4",
          "parent": "leg_back_right",
          "pivot": [
            -11.5,
            4,
            8.75
          ],
          "cubes": [
            {
              "origin": [
                -11.5,
                0,
                4.75
              ],
              "size": [
                0,
                4,
                4
              ],
              "uv": [
                8,
                72
              ]
            }
          ]
        },
        {
          "name": "toe_front_right5",
          "parent": "leg_back_right",
          "pivot": [
            -6.5,
            4,
            8.75
          ],
          "cubes": [
            {
              "origin": [
                -6.5,
                0,
                4.75
              ],
              "size": [
                0,
                4,
                4
              ],
              "uv": [
                0,
                72
              ]
            }
          ]
        },
        {
          "name": "toe_front_right6",
          "parent": "leg_back_right",
          "pivot": [
            -16.5,
            4,
            8.75
          ],
          "cubes": [
            {
              "origin": [
                -16.5,
                0,
                4.75
              ],
              "size": [
                0,
                4,
                4
              ],
              "uv": [
                0,
                0
              ]
            }
          ]
        },
        {
          "name": "leg_front_right",
          "parent": "body",
          "pivot": [
            -10.5,
            20,
            -14
          ],
          "cubes": [
            {
              "origin": [
                -19.5,
                0,
                -23
              ],
              "size": [
                16,
                24,
                16
              ],
              "uv": [
                64,
                182
              ]
            },
            {
              "origin": [
                -8.48,
                3.98,
                -24.02
              ],
              "size": [
                6,
                6,
                18
              ],
              "inflate": 0.01,
              "uv": [
                248,
                24
              ]
            },
            {
              "origin": [
                -14.48,
                3.73,
                -25.02
              ],
              "size": [
                6,
                7,
                22
              ],
              "inflate": 0.01,
              "uv": [
                220,
                144
              ]
            },
            {
              "origin": [
                -20.52,
                3.98,
                -24.02
              ],
              "size": [
                6,
                6,
                18
              ],
              "inflate": 0.01,
              "uv": [
                0,
                232
              ],
              "mirror": true
            },
            {
              "origin": [
                -20.48,
                3.98,
                -20.02
              ],
              "size": [
                0,
                8,
                10
              ],
              "pivot": [
                -20.48,
                6.98,
                -20.02
              ],
              "rotation": [
                55.33761,
                -9.05478,
                -4.26175
              ],
              "uv": [
                220,
                73
              ]
            },
            {
              "origin": [
                -20.48,
                3.98,
                -15.02
              ],
              "size": [
                0,
                8,
                10
              ],
              "pivot": [
                -20.48,
                6.98,
                -15.02
              ],
              "rotation": [
                35.91629,
                -13.35049,
                -6.37821
              ],
              "uv": [
                178,
                218
              ]
            }
          ]
        },
        {
          "name": "toe_front_right",
          "parent": "leg_front_right",
          "pivot": [
            -11.5,
            4,
            -23
          ],
          "cubes": [
            {
              "origin": [
                -11.5,
                0,
                -27
              ],
              "size": [
                0,
                4,
                4
              ],
              "uv": [
                80,
                113
              ]
            }
          ]
        },
        {
          "name": "toe_front_right2",
          "parent": "leg_front_right",
          "pivot": [
            -6.5,
            4,
            -23
          ],
          "cubes": [
            {
              "origin": [
                -6.5,
                0,
                -27
              ],
              "size": [
                0,
                4,
                4
              ],
              "uv": [
                72,
                113
              ]
            }
          ]
        },
        {
          "name": "toe_front_right3",
          "parent": "leg_front_right",
          "pivot": [
            -16.5,
            4,
            -23
          ],
          "cubes": [
            {
              "origin": [
                -16.5,
                0,
                -27
              ],
              "size": [
                0,
                4,
                4
              ],
              "uv": [
                102,
                4
              ]
            }
          ]
        }
      ]
    }
  ]
}