{
  "portraitScale": 2,
  "portraitTranslation": [
    0,
    0.27,
    0
  ],
  "profileScale": 0.7,
  "profileTranslation": [
    0,
    0.7,
    0
  ],
  "animations": {
    "cry": "q.bedrock_stateful('pawniard', 'cry')",
    "recoil": "q.bedrock_stateful('pawniard', 'recoil')",
    "faint": "q.bedrock_primary('pawniard', 'faint', q.curve('one'))",
    "physical": "q.bedrock_primary('pawniard', 'physical_attack', q.curve('symmetrical_wide'))",
    "special": "q.bedrock_primary('pawniard', 'special', q.curve('symmetrical_wide'))",
    "status": "q.bedrock_primary('pawniard', 'special', q.curve('symmetrical_wide'))"
  },
  "poses": {
    "battle-standing": {
      "transformTicks": 10,
      "poseTypes": [
        "STAND",
        "WALK"
      ],
      "isBattle": true,
      "animations": [
        "q.look('head')",
        "q.bedrock('pawniard', 'battle_idle')"
      ]
    },
    "standing": {
      "transformTicks": 10,
      "poseTypes": [
        "STAND",
        "NONE",
        "PORTRAIT",
        "PROFILE"
      ],
      "isBattle": false,
      "animations": [
        "q.look('head')",
        "q.bedrock('pawniard', 'ground_idle')"
      ]
    },
    "walking": {
      "transformTicks": 8,
      "poseTypes": [
        "WALK"
      ],
      "animations": [
        "q.look('head')",
        "q.bedrock('pawniard', 'ground_walk')"
      ]
    },
    "hover": {
      "transformTicks": 5,
      "poseTypes": [
        "FLY",
        "HOVER",
        "FLOAT"
      ],
      "animations": [
        "q.look('head')",
        "q.bedrock('pawniard', 'ground_walk')"
      ]
    },
    "float": {
      "transformTicks": 5,
      "poseTypes": [
        "FLOAT"
      ],
      "animations": [
        "q.look('head')",
        "q.bedrock('pawniard', 'ground_walk')"
      ]
    },
    "swim": {
      "transformTicks": 8,
      "poseTypes": [
        "SWIM"
      ],
      "animations": [
        "q.look('head')",
        "q.bedrock('pawniard', 'ground_walk')"
      ]
    }
  }
}