{
  "head": "head",
  "portraitScale": 1.25,
  "portraitTranslation": [
    0,
    0.5,
    0
  ],
  "profileScale": 0.8,
  "profileTranslation": [
    0,
    0.4,
    0
  ],
  "animations": {
    "cry": "q.bedrock_stateful('greavard', 'cry')",
    "faint": "q.bedrock_primary('greavard', 'faint', q.curve('one'))"
  },
  "poses": {
    "standing": {
      "poseName": "standing",
      "transformTicks": 10,
      "poseTypes": [
        "STAND",
        "NONE",
        "PORTRAIT",
        "PROFILE"
      ],
      "animations": [
        "look",
        "bedrock(greavard, ground_idle)"
      ]
    },
    "walking": {
      "poseName": "walking",
      "transformTicks": 10,
      "poseTypes": [
        "WALK"
      ],
      "animations": [
        "bedrock(greavard, ground_walk)"
      ]
    },
    "sleeping": {
      "poseName": "sleeping",
      "transformTicks": 10,
      "poseTypes": [
        "SLEEP"
      ],
      "animations": [
        "bedrock(greavard, sleep)"
      ]
    },
    "floating": {
      "poseName": "floating",
      "transformTicks": 10,
      "poseTypes": [
        "FLOAT"
      ],
      "animations": [
        "bedrock(greavard, ground_idle)"
      ]
    },
    "swimming": {
      "poseName": "swimming",
      "transformTicks": 10,
      "poseTypes": [
        "SWIM"
      ],
      "animations": [
        "bedrock(greavard, ground_walk)"
      ]
    }
  }
}