{
  "head": "head",
  "portraitScale": 0.8,
  "portraitTranslation": [
    0,
    0.7,
    0
  ],
  "profileScale": 0.8,
  "profileTranslation": [
    0,
    0.7,
    0
  ],
  "poses": {
    "standing": {
      "poseName": "standing",
      "transformTicks": 10,
      "poseTypes": [
        "STAND",
        "NONE",
        "PORTRAIT",
        "PROFILE"
      ],
      "animations": [
        "look",
        "bedrock(phione, ground_idle)"
      ]
    },
    "walking": {
      "poseName": "walking",
      "transformTicks": 10,
      "poseTypes": [
        "WALK"
      ],
      "animations": [
        "bedrock(phione, ground_walk)"
      ]
    },
    "swimming": {
      "poseName": "swimming",
      "transformTicks": 10,
      "poseTypes": [
        "SWIM"
      ],
      "animations": [
        "bedrock(phione, ground_walk)"
      ]
    }
  }
}