{
  "format_version": "1.12.0",
  "minecraft:geometry": [
    {
      "description": {
        "identifier": "geometry.lokix",
        "texture_width": 64,
        "texture_height": 64,
        "visible_bounds_width": 3,
        "visible_bounds_height": 3.5,
        "visible_bounds_offset": [
          0,
          1.25,
          0
        ]
      },
      "bones": [
        {
          "name": "lokix",
          "pivot": [
            0,
            0,
            0
          ]
        },
        {
          "name": "body",
          "parent": "lokix",
          "pivot": [
            0,
            0,
            0
          ]
        },
        {
          "name": "torso",
          "parent": "body",
          "pivot": [
            0,
            0,
            0
          ],
          "cubes": [
            {
              "origin": [
                -2,
                3,
                -2
              ],
              "size": [
                4,
                3,
                4
              ],
              "uv": [
                39,
                38
              ]
            },
            {
              "origin": [
                -3.5,
                6,
                -3.5
              ],
              "size": [
                7,
                9,
                7
              ],
              "uv": [
                0,
                15
              ]
            },
            {
              "origin": [
                -3,
                15,
                -3
              ],
              "size": [
                6,
                1,
                6
              ],
              "uv": [
                21,
                15
              ]
            },
            {
              "origin": [
                -4.5,
                16,
                -4.5
              ],
              "size": [
                9,
                6,
                9
              ],
              "pivot": [
                0,
                18.5,
                0
              ],
              "rotation": [
                0,
                45,
                0
              ],
              "uv": [
                0,
                0
              ]
            }
          ]
        },
        {
          "name": "arm_right",
          "parent": "torso",
          "pivot": [
            -6,
            18.5,
            0
          ],
          "rotation": [
            0,
            0,
            -45
          ],
          "cubes": [
            {
              "origin": [
                -9,
                17,
                -1.5
              ],
              "size": [
                6,
                3,
                3
              ],
              "uv": [
                39,
                14
              ]
            },
            {
              "origin": [
                -12,
                17.5,
                -1
              ],
              "size": [
                3,
                2,
                2
              ],
              "uv": [
                46,
                34
              ]
            }
          ]
        },
        {
          "name": "arm_right2",
          "parent": "arm_right",
          "pivot": [
            -11,
            18.5,
            0
          ],
          "rotation": [
            0,
            0,
            -22.5
          ],
          "cubes": [
            {
              "origin": [
                -18,
                16.5,
                -2
              ],
              "size": [
                7,
                4,
                4
              ],
              "uv": [
                0,
                31
              ]
            },
            {
              "origin": [
                -16,
                20.5,
                0
              ],
              "size": [
                3,
                2,
                0
              ],
              "uv": [
                15,
                39
              ]
            },
            {
              "origin": [
                -20,
                17.5,
                1
              ],
              "size": [
                2,
                2,
                0
              ],
              "pivot": [
                -18,
                19.5,
                1
              ],
              "rotation": [
                0,
                0,
                -22.5
              ],
              "uv": [
                18,
                31
              ]
            },
            {
              "origin": [
                -20,
                17.5,
                -1
              ],
              "size": [
                2,
                2,
                0
              ],
              "pivot": [
                -18,
                19.5,
                1
              ],
              "rotation": [
                0,
                0,
                -22.5
              ],
              "uv": [
                18,
                33
              ]
            }
          ]
        },
        {
          "name": "arm_left",
          "parent": "torso",
          "pivot": [
            6,
            18.5,
            0
          ],
          "rotation": [
            0,
            0,
            45
          ],
          "cubes": [
            {
              "origin": [
                3,
                17,
                -1.5
              ],
              "size": [
                6,
                3,
                3
              ],
              "uv": [
                0,
                39
              ]
            },
            {
              "origin": [
                9,
                17.5,
                -1
              ],
              "size": [
                3,
                2,
                2
              ],
              "uv": [
                45,
                0
              ]
            }
          ]
        },
        {
          "name": "arm_left2",
          "parent": "arm_left",
          "pivot": [
            11,
            18.5,
            0
          ],
          "rotation": [
            0,
            0,
            22.5
          ],
          "cubes": [
            {
              "origin": [
                11,
                16.5,
                -2
              ],
              "size": [
                7,
                4,
                4
              ],
              "uv": [
                27,
                0
              ]
            },
            {
              "origin": [
                13,
                20.5,
                0
              ],
              "size": [
                3,
                2,
                0
              ],
              "uv": [
                36,
                38
              ]
            },
            {
              "origin": [
                18,
                17.5,
                1
              ],
              "size": [
                2,
                2,
                0
              ],
              "pivot": [
                18,
                19.5,
                1
              ],
              "rotation": [
                0,
                0,
                22.5
              ],
              "uv": [
                0,
                31
              ]
            },
            {
              "origin": [
                18,
                17.5,
                -1
              ],
              "size": [
                2,
                2,
                0
              ],
              "pivot": [
                18,
                19.5,
                1
              ],
              "rotation": [
                0,
                0,
                22.5
              ],
              "uv": [
                0,
                33
              ]
            }
          ]
        },
        {
          "name": "flap_right",
          "parent": "torso",
          "pivot": [
            -4,
            12,
            4
          ],
          "rotation": [
            0,
            45,
            45
          ],
          "cubes": [
            {
              "origin": [
                -5.5,
                11.5,
                3.5
              ],
              "size": [
                2,
                1,
                1
              ],
              "uv": [
                20,
                44
              ]
            }
          ]
        },
        {
          "name": "flap_right2",
          "parent": "flap_right",
          "pivot": [
            -5.5,
            12,
            4
          ],
          "rotation": [
            45,
            0,
            -45
          ],
          "cubes": [
            {
              "origin": [
                -6,
                10.5,
                2.5
              ],
              "size": [
                1,
                9,
                3
              ],
              "uv": [
                33,
                44
              ]
            },
            {
              "origin": [
                -5.5,
                11.5,
                5.5
              ],
              "size": [
                0,
                8,
                3
              ],
              "uv": [
                6,
                42
              ]
            },
            {
              "origin": [
                -6,
                19.5,
                2.5
              ],
              "size": [
                1,
                5,
                5
              ],
              "uv": [
                13,
                44
              ]
            },
            {
              "origin": [
                -6.01,
                20,
                3
              ],
              "size": [
                0,
                4,
                4
              ],
              "uv": [
                46,
                26
              ]
            },
            {
              "origin": [
                -6.02,
                21.5,
                3
              ],
              "size": [
                0,
                1,
                4
              ],
              "pivot": [
                -6.01,
                22,
                5
              ],
              "rotation": [
                45,
                0,
                0
              ],
              "uv": [
                28,
                20
              ]
            },
            {
              "origin": [
                -4.98,
                21.5,
                3
              ],
              "size": [
                0,
                1,
                4
              ],
              "pivot": [
                -4.99,
                22,
                5
              ],
              "rotation": [
                45,
                0,
                0
              ],
              "uv": [
                28,
                19
              ]
            },
            {
              "origin": [
                -4.99,
                20,
                3
              ],
              "size": [
                0,
                4,
                4
              ],
              "uv": [
                41,
                45
              ]
            }
          ]
        },
        {
          "name": "flap_left",
          "parent": "torso",
          "pivot": [
            4,
            12,
            4
          ],
          "rotation": [
            0,
            -45,
            -45
          ],
          "cubes": [
            {
              "origin": [
                3.5,
                11.5,
                3.5
              ],
              "size": [
                2,
                1,
                1
              ],
              "uv": [
                36,
                23
              ]
            }
          ]
        },
        {
          "name": "flap_left2",
          "parent": "flap_left",
          "pivot": [
            5.5,
            12,
            4
          ],
          "rotation": [
            45,
            0,
            45
          ],
          "cubes": [
            {
              "origin": [
                5,
                10.5,
                2.5
              ],
              "size": [
                1,
                9,
                3
              ],
              "uv": [
                25,
                44
              ]
            },
            {
              "origin": [
                5.5,
                11.5,
                5.5
              ],
              "size": [
                0,
                8,
                3
              ],
              "uv": [
                0,
                42
              ]
            },
            {
              "origin": [
                5,
                19.5,
                2.5
              ],
              "size": [
                1,
                5,
                5
              ],
              "uv": [
                40,
                20
              ]
            },
            {
              "origin": [
                6.01,
                20,
                3
              ],
              "size": [
                0,
                4,
                4
              ],
              "uv": [
                41,
                41
              ]
            },
            {
              "origin": [
                6.02,
                21.5,
                3
              ],
              "size": [
                0,
                1,
                4
              ],
              "pivot": [
                6.01,
                22,
                5
              ],
              "rotation": [
                45,
                0,
                0
              ],
              "uv": [
                27,
                4
              ]
            },
            {
              "origin": [
                4.98,
                21.5,
                3
              ],
              "size": [
                0,
                1,
                4
              ],
              "pivot": [
                4.99,
                22,
                5
              ],
              "rotation": [
                45,
                0,
                0
              ],
              "uv": [
                0,
                4
              ]
            },
            {
              "origin": [
                4.99,
                20,
                3
              ],
              "size": [
                0,
                4,
                4
              ],
              "uv": [
                0,
                0
              ]
            }
          ]
        },
        {
          "name": "head",
          "parent": "torso",
          "pivot": [
            0,
            22,
            0
          ],
          "cubes": [
            {
              "origin": [
                -3,
                21,
                -3
              ],
              "size": [
                6,
                7,
                6
              ],
              "uv": [
                22,
                25
              ]
            },
            {
              "origin": [
                -0.5,
                21.5,
                -3.01
              ],
              "size": [
                1,
                1,
                0
              ],
              "pivot": [
                0,
                22,
                -3
              ],
              "rotation": [
                0,
                0,
                45
              ],
              "uv": [
                0,
                0
              ]
            },
            {
              "origin": [
                -2,
                26.5,
                -5
              ],
              "size": [
                0,
                6,
                2
              ],
              "pivot": [
                -2,
                26.5,
                -3
              ],
              "rotation": [
                -22.5,
                0,
                0
              ],
              "uv": [
                21,
                13
              ]
            },
            {
              "origin": [
                2,
                26.5,
                -5
              ],
              "size": [
                0,
                6,
                2
              ],
              "pivot": [
                2,
                26.5,
                -3
              ],
              "rotation": [
                -22.5,
                0,
                0
              ],
              "uv": [
                0,
                13
              ]
            }
          ]
        },
        {
          "name": "leg_right",
          "parent": "body",
          "pivot": [
            -3.5,
            11.5,
            -1
          ],
          "rotation": [
            0,
            0,
            -67.5
          ],
          "cubes": [
            {
              "origin": [
                -8.5,
                11.5,
                -2
              ],
              "size": [
                5,
                0,
                1
              ],
              "uv": [
                46,
                20
              ]
            }
          ]
        },
        {
          "name": "leg_front_right2",
          "parent": "leg_right",
          "pivot": [
            -8.5,
            11.5,
            -1.5
          ],
          "rotation": [
            0,
            5,
            -22.5
          ],
          "cubes": [
            {
              "origin": [
                -15.5,
                10,
                -3
              ],
              "size": [
                7,
                3,
                3
              ],
              "uv": [
                19,
                38
              ]
            },
            {
              "origin": [
                -13.5,
                11.5,
                0
              ],
              "size": [
                2,
                0,
                2
              ],
              "pivot": [
                -13.5,
                11.5,
                0
              ],
              "rotation": [
                0,
                22.5,
                0
              ],
              "uv": [
                25,
                2
              ]
            },
            {
              "origin": [
                -11,
                11.5,
                0
              ],
              "size": [
                2,
                0,
                2
              ],
              "pivot": [
                -11,
                11.5,
                0
              ],
              "rotation": [
                0,
                22.5,
                0
              ],
              "uv": [
                25,
                0
              ]
            },
            {
              "origin": [
                -15.5,
                11.5,
                -4
              ],
              "size": [
                1,
                0,
                1
              ],
              "uv": [
                5,
                1
              ]
            }
          ]
        },
        {
          "name": "leg_left",
          "parent": "body",
          "pivot": [
            3.5,
            11.5,
            -1
          ],
          "rotation": [
            0,
            0,
            67.5
          ],
          "cubes": [
            {
              "origin": [
                3.5,
                11.5,
                -2
              ],
              "size": [
                5,
                0,
                1
              ],
              "uv": [
                27,
                22
              ]
            }
          ]
        },
        {
          "name": "leg_front_left2",
          "parent": "leg_left",
          "pivot": [
            8.5,
            11.5,
            -1.5
          ],
          "rotation": [
            0,
            -5,
            22.5
          ],
          "cubes": [
            {
              "origin": [
                8.5,
                10,
                -3
              ],
              "size": [
                7,
                3,
                3
              ],
              "uv": [
                36,
                8
              ]
            },
            {
              "origin": [
                11.5,
                11.5,
                0
              ],
              "size": [
                2,
                0,
                2
              ],
              "pivot": [
                13.5,
                11.5,
                0
              ],
              "rotation": [
                0,
                -22.5,
                0
              ],
              "uv": [
                0,
                2
              ]
            },
            {
              "origin": [
                9,
                11.5,
                0
              ],
              "size": [
                2,
                0,
                2
              ],
              "pivot": [
                11,
                11.5,
                0
              ],
              "rotation": [
                0,
                -22.5,
                0
              ],
              "uv": [
                0,
                0
              ]
            },
            {
              "origin": [
                14.5,
                11.5,
                -4
              ],
              "size": [
                1,
                0,
                1
              ],
              "uv": [
                5,
                0
              ]
            }
          ]
        }
      ]
    }
  ]
}