{
  "format_version": "1.12.0",
  "minecraft:geometry": [
    {
      "description": {
        "identifier": "geometry.gouging_fire",
        "texture_width": 256,
        "texture_height": 256,
        "visible_bounds_width": 7,
        "visible_bounds_height": 4.5,
        "visible_bounds_offset": [
          0,
          1.75,
          0
        ]
      },
      "bones": [
        {
          "name": "gougingfire",
          "pivot": [
            0,
            0,
            0
          ]
        },
        {
          "name": "body",
          "parent": "gougingfire",
          "pivot": [
            0,
            19,
            -3
          ]
        },
        {
          "name": "torso",
          "parent": "body",
          "pivot": [
            0,
            19.25,
            -4.65625
          ],
          "cubes": [
            {
              "origin": [
                -6,
                13,
                -15
              ],
              "size": [
                12,
                15,
                15
              ],
              "uv": [
                47,
                55
              ]
            },
            {
              "origin": [
                -5,
                15,
                -0.4
              ],
              "size": [
                10,
                11,
                10
              ],
              "inflate": -0.01,
              "uv": [
                94,
                91
              ]
            },
            {
              "origin": [
                6,
                24.75,
                -15
              ],
              "size": [
                0,
                17,
                23
              ],
              "pivot": [
                6,
                24.75,
                -8.5
              ],
              "rotation": [
                0,
                0,
                25
              ],
              "uv": [
                0,
                41
              ]
            },
            {
              "origin": [
                -6,
                24.75,
                -15
              ],
              "size": [
                0,
                17,
                23
              ],
              "pivot": [
                -6,
                24.75,
                -8.5
              ],
              "rotation": [
                0,
                0,
                -25
              ],
              "uv": [
                0,
                0
              ]
            }
          ]
        },
        {
          "name": "neck",
          "parent": "torso",
          "pivot": [
            0,
            18.5,
            -11
          ],
          "cubes": [
            {
              "origin": [
                -5,
                13.5,
                -22
              ],
              "size": [
                10,
                15,
                13
              ],
              "pivot": [
                0,
                21,
                -15.5
              ],
              "rotation": [
                5,
                0,
                0
              ],
              "uv": [
                0,
                82
              ]
            },
            {
              "origin": [
                -5,
                11.5,
                -19.1
              ],
              "size": [
                10,
                4,
                13
              ],
              "inflate": 0.01,
              "uv": [
                89,
                73
              ]
            },
            {
              "origin": [
                -4.5,
                22.75,
                -23
              ],
              "size": [
                9,
                9,
                11
              ],
              "inflate": -0.5,
              "pivot": [
                0,
                29,
                -15.5
              ],
              "rotation": [
                12.5,
                0,
                0
              ],
              "uv": [
                0,
                111
              ]
            },
            {
              "origin": [
                -4,
                23.25,
                -22.5
              ],
              "size": [
                8,
                8,
                10
              ],
              "inflate": -0.5,
              "pivot": [
                0,
                29,
                -15.5
              ],
              "rotation": [
                12.5,
                0,
                0
              ],
              "uv": [
                126,
                81
              ]
            }
          ]
        },
        {
          "name": "head",
          "parent": "neck",
          "pivot": [
            0,
            19.5,
            -23
          ],
          "cubes": [
            {
              "origin": [
                -5,
                16.5,
                -31.975
              ],
              "size": [
                10,
                7,
                11
              ],
              "uv": [
                102,
                53
              ]
            },
            {
              "origin": [
                1,
                15.99497,
                -32.45503
              ],
              "size": [
                0,
                1,
                1
              ],
              "pivot": [
                1,
                16.49497,
                -31.95503
              ],
              "rotation": [
                0,
                90,
                -45
              ],
              "uv": [
                27,
                3
              ]
            },
            {
              "origin": [
                -1,
                15.99497,
                -32.45503
              ],
              "size": [
                0,
                1,
                1
              ],
              "pivot": [
                -1,
                16.49497,
                -31.95503
              ],
              "rotation": [
                0,
                -90,
                45
              ],
              "uv": [
                27,
                0
              ]
            },
            {
              "origin": [
                -16.5,
                5.5,
                -32
              ],
              "size": [
                33,
                20,
                0
              ],
              "inflate": 0.01,
              "uv": [
                0,
                193
              ]
            },
            {
              "origin": [
                -1.5,
                17.5,
                -36.675
              ],
              "size": [
                3,
                6,
                6
              ],
              "inflate": 0.01,
              "pivot": [
                0,
                21.5,
                -32
              ],
              "rotation": [
                -25,
                0,
                0
              ],
              "uv": [
                167,
                169
              ]
            },
            {
              "origin": [
                -1.5,
                20.29164,
                -41.03159
              ],
              "size": [
                3,
                5,
                6
              ],
              "inflate": -0.1,
              "uv": [
                174,
                64
              ]
            },
            {
              "origin": [
                -1,
                18.49063,
                -47.33586
              ],
              "size": [
                2,
                4,
                6
              ],
              "pivot": [
                0,
                18.49063,
                -37.33586
              ],
              "rotation": [
                -40,
                0,
                0
              ],
              "uv": [
                179,
                111
              ]
            },
            {
              "origin": [
                -1,
                27.36919,
                -47.92142
              ],
              "size": [
                2,
                3,
                6
              ],
              "inflate": -0.3,
              "pivot": [
                0,
                28.11919,
                -44.92142
              ],
              "rotation": [
                -55,
                0,
                0
              ],
              "uv": [
                131,
                179
              ]
            },
            {
              "origin": [
                0,
                30.50319,
                -46.405
              ],
              "size": [
                0,
                2,
                2
              ],
              "pivot": [
                0,
                31.70319,
                -45.905
              ],
              "rotation": [
                -60,
                0,
                0
              ],
              "uv": [
                2,
                252
              ]
            },
            {
              "origin": [
                0,
                31.50319,
                -48.405
              ],
              "size": [
                0,
                1,
                2
              ],
              "pivot": [
                0,
                31.70319,
                -45.905
              ],
              "rotation": [
                -60,
                0,
                0
              ],
              "uv": [
                135,
                183
              ]
            },
            {
              "origin": [
                -1.74911,
                18.34472,
                -37.32379
              ],
              "size": [
                3,
                6,
                6
              ],
              "inflate": 0.01,
              "pivot": [
                0,
                20.24943,
                -31.41256
              ],
              "rotation": [
                -102.49999,
                -85,
                89.99999
              ],
              "uv": [
                148,
                169
              ]
            },
            {
              "origin": [
                -9,
                19.87977,
                -31.91318
              ],
              "size": [
                18,
                13,
                2
              ],
              "inflate": 0.01,
              "pivot": [
                0,
                20.56271,
                -30.83985
              ],
              "rotation": [
                -22.5,
                0,
                0
              ],
              "uv": [
                78,
                113
              ]
            },
            {
              "origin": [
                -8,
                20.12977,
                -29.91318
              ],
              "size": [
                16,
                13,
                2
              ],
              "inflate": 0.01,
              "pivot": [
                0,
                20.56271,
                -30.83985
              ],
              "rotation": [
                -22.5,
                0,
                0
              ],
              "uv": [
                78,
                130
              ]
            },
            {
              "origin": [
                -1,
                18.87977,
                -32.91318
              ],
              "size": [
                2,
                14,
                1
              ],
              "inflate": 0.01,
              "pivot": [
                0,
                20.56271,
                -30.83985
              ],
              "rotation": [
                -22.5,
                0,
                0
              ],
              "uv": [
                79,
                0
              ]
            },
            {
              "origin": [
                -9,
                32.85838,
                -30.83856
              ],
              "size": [
                18,
                11,
                2
              ],
              "inflate": 0.01,
              "pivot": [
                0,
                20.56271,
                -30.83985
              ],
              "rotation": [
                -17.5,
                0,
                0
              ],
              "uv": [
                107,
                0
              ]
            },
            {
              "origin": [
                -8,
                32.85838,
                -28.83856
              ],
              "size": [
                16,
                11,
                2
              ],
              "inflate": 0.01,
              "pivot": [
                0,
                20.56271,
                -30.83985
              ],
              "rotation": [
                -17.5,
                0,
                0
              ],
              "uv": [
                130,
                38
              ]
            },
            {
              "origin": [
                -1,
                32.85838,
                -31.83856
              ],
              "size": [
                2,
                9,
                1
              ],
              "inflate": 0.01,
              "pivot": [
                0,
                20.56271,
                -30.83985
              ],
              "rotation": [
                -17.5,
                0,
                0
              ],
              "uv": [
                106,
                53
              ]
            },
            {
              "origin": [
                -8,
                43.85838,
                -30.83856
              ],
              "size": [
                16,
                2,
                2
              ],
              "inflate": 0.01,
              "pivot": [
                0,
                20.56271,
                -30.83985
              ],
              "rotation": [
                -17.5,
                0,
                0
              ],
              "uv": [
                24,
                55
              ]
            },
            {
              "origin": [
                -7,
                43.85838,
                -28.83856
              ],
              "size": [
                14,
                1,
                2
              ],
              "inflate": 0.01,
              "pivot": [
                0,
                20.56271,
                -30.83985
              ],
              "rotation": [
                -17.5,
                0,
                0
              ],
              "uv": [
                24,
                60
              ]
            },
            {
              "origin": [
                -1.74911,
                21.4625,
                -40.67905
              ],
              "size": [
                3,
                5,
                6
              ],
              "inflate": -0.1,
              "pivot": [
                0,
                20.24943,
                -31.41256
              ],
              "rotation": [
                -77.5,
                -85,
                90
              ],
              "uv": [
                172,
                84
              ]
            },
            {
              "origin": [
                -1.24911,
                16.21823,
                -45.30208
              ],
              "size": [
                2,
                4,
                6
              ],
              "pivot": [
                0,
                20.24943,
                -31.41256
              ],
              "rotation": [
                -117.49999,
                -85,
                89.99999
              ],
              "uv": [
                178,
                135
              ]
            },
            {
              "origin": [
                -1.24911,
                13.90789,
                -49.36435
              ],
              "size": [
                2,
                3,
                6
              ],
              "inflate": -0.3,
              "pivot": [
                0,
                20.24943,
                -31.41256
              ],
              "rotation": [
                -132.49999,
                -85,
                89.99999
              ],
              "uv": [
                179,
                122
              ]
            },
            {
              "origin": [
                15.43127,
                27.49129,
                -32.94155
              ],
              "size": [
                0,
                2,
                3
              ],
              "pivot": [
                15.43127,
                28.49129,
                -30.94155
              ],
              "rotation": [
                -147.49999,
                -85,
                89.99999
              ],
              "uv": [
                1,
                251
              ]
            },
            {
              "origin": [
                15.43127,
                28.49129,
                -34.94155
              ],
              "size": [
                0,
                1,
                2
              ],
              "pivot": [
                15.43127,
                28.49129,
                -30.94155
              ],
              "rotation": [
                -147.49999,
                -85,
                89.99999
              ],
              "uv": [
                183,
                126
              ]
            },
            {
              "origin": [
                -15.43127,
                28.49129,
                -34.94155
              ],
              "size": [
                0,
                1,
                2
              ],
              "pivot": [
                -15.43127,
                28.49129,
                -30.94155
              ],
              "rotation": [
                -147.49999,
                85,
                -89.99999
              ],
              "uv": [
                183,
                126
              ],
              "mirror": true
            },
            {
              "origin": [
                -15.43127,
                27.49129,
                -32.94155
              ],
              "size": [
                0,
                2,
                3
              ],
              "pivot": [
                -15.43127,
                28.49129,
                -30.94155
              ],
              "rotation": [
                -147.49999,
                85,
                -89.99999
              ],
              "uv": [
                1,
                251
              ],
              "mirror": true
            },
            {
              "origin": [
                6.49413,
                15.15045,
                -44.42594
              ],
              "size": [
                4,
                4,
                8
              ],
              "inflate": -0.1,
              "pivot": [
                0,
                20.56271,
                -30.83985
              ],
              "rotation": [
                82.54523,
                -14.55053,
                -101.92096
              ],
              "uv": [
                157,
                71
              ]
            },
            {
              "origin": [
                6.99413,
                7.91358,
                -42.13691
              ],
              "size": [
                3,
                4,
                4
              ],
              "pivot": [
                0,
                20.56271,
                -30.83985
              ],
              "rotation": [
                42.54523,
                -14.55053,
                -101.92095
              ],
              "uv": [
                183,
                0
              ]
            },
            {
              "origin": [
                6.99413,
                6.55905,
                -43.02296
              ],
              "size": [
                3,
                3,
                5
              ],
              "inflate": -0.3,
              "pivot": [
                0,
                20.56271,
                -30.83985
              ],
              "rotation": [
                27.54523,
                -14.55053,
                -101.92095
              ],
              "uv": [
                98,
                181
              ]
            },
            {
              "origin": [
                13.95523,
                33.2601,
                -36.78844
              ],
              "size": [
                0,
                1,
                2
              ],
              "pivot": [
                13.95523,
                33.2601,
                -33.78844
              ],
              "rotation": [
                12.54523,
                -14.55053,
                -101.92095
              ],
              "uv": [
                101,
                184
              ]
            },
            {
              "origin": [
                13.95523,
                32.2601,
                -34.78844
              ],
              "size": [
                0,
                2,
                2
              ],
              "pivot": [
                13.95523,
                33.2601,
                -33.78844
              ],
              "rotation": [
                12.54523,
                -14.55053,
                -101.92095
              ],
              "uv": [
                2,
                252
              ]
            },
            {
              "origin": [
                9.33006,
                0.97563,
                -44.70317
              ],
              "size": [
                3,
                3,
                5
              ],
              "inflate": -0.3,
              "pivot": [
                0,
                20.56271,
                -30.83985
              ],
              "rotation": [
                27.40245,
                -15.54423,
                -122.46907
              ],
              "uv": [
                180,
                163
              ]
            },
            {
              "origin": [
                12.21819,
                40.77682,
                -33.06936
              ],
              "size": [
                0,
                2,
                3
              ],
              "pivot": [
                12.21819,
                41.90182,
                -31.56936
              ],
              "rotation": [
                17.40245,
                -15.54423,
                -122.46907
              ],
              "uv": [
                1,
                251
              ]
            },
            {
              "origin": [
                12.21819,
                41.77682,
                -35.06936
              ],
              "size": [
                0,
                1,
                2
              ],
              "pivot": [
                12.21819,
                41.90182,
                -31.56936
              ],
              "rotation": [
                17.40245,
                -15.54423,
                -122.46907
              ],
              "uv": [
                183,
                166
              ]
            },
            {
              "origin": [
                9.33006,
                2.95528,
                -45.20496
              ],
              "size": [
                3,
                4,
                4
              ],
              "pivot": [
                0,
                20.56271,
                -30.83985
              ],
              "rotation": [
                42.40245,
                -15.54423,
                -122.46907
              ],
              "uv": [
                163,
                182
              ]
            },
            {
              "origin": [
                8.83006,
                13.32428,
                -49.96333
              ],
              "size": [
                4,
                4,
                8
              ],
              "inflate": -0.1,
              "pivot": [
                0,
                20.56271,
                -30.83985
              ],
              "rotation": [
                82.40245,
                -15.54423,
                -122.46907
              ],
              "uv": [
                152,
                156
              ]
            },
            {
              "origin": [
                13.43573,
                14.03195,
                -50.823
              ],
              "size": [
                4,
                4,
                9
              ],
              "inflate": -0.1,
              "pivot": [
                0,
                20.56271,
                -30.83985
              ],
              "rotation": [
                83.32059,
                -14.92321,
                -127.59196
              ],
              "uv": [
                105,
                154
              ]
            },
            {
              "origin": [
                13.79091,
                3.80338,
                -49.54954
              ],
              "size": [
                3,
                4,
                6
              ],
              "pivot": [
                0,
                20.56271,
                -30.83985
              ],
              "rotation": [
                55.19495,
                -6.06902,
                -126.50472
              ],
              "uv": [
                170,
                50
              ]
            },
            {
              "origin": [
                13.79091,
                0.68801,
                -50.43736
              ],
              "size": [
                3,
                3,
                6
              ],
              "inflate": -0.3,
              "pivot": [
                0,
                20.56271,
                -30.83985
              ],
              "rotation": [
                40.19495,
                -6.06902,
                -126.50472
              ],
              "uv": [
                0,
                176
              ]
            },
            {
              "origin": [
                11.64477,
                48.24873,
                -35.75762
              ],
              "size": [
                0,
                1,
                2
              ],
              "pivot": [
                11.64477,
                48.49873,
                -32.25762
              ],
              "rotation": [
                32.69495,
                -6.06902,
                -126.50472
              ],
              "uv": [
                4,
                180
              ]
            },
            {
              "origin": [
                11.64477,
                47.24873,
                -33.75762
              ],
              "size": [
                0,
                2,
                3
              ],
              "pivot": [
                11.64477,
                48.49873,
                -32.25762
              ],
              "rotation": [
                32.69495,
                -6.06902,
                -126.50472
              ],
              "uv": [
                1,
                251
              ]
            },
            {
              "origin": [
                -13.95523,
                33.2601,
                -36.78844
              ],
              "size": [
                0,
                1,
                2
              ],
              "pivot": [
                -13.95523,
                33.2601,
                -33.78844
              ],
              "rotation": [
                12.54523,
                14.55053,
                101.92095
              ],
              "uv": [
                101,
                184
              ],
              "mirror": true
            },
            {
              "origin": [
                -13.95523,
                32.2601,
                -34.78844
              ],
              "size": [
                0,
                2,
                2
              ],
              "pivot": [
                -13.95523,
                33.2601,
                -33.78844
              ],
              "rotation": [
                12.54523,
                14.55053,
                101.92095
              ],
              "uv": [
                2,
                252
              ],
              "mirror": true
            },
            {
              "origin": [
                -12.21819,
                40.77682,
                -33.06936
              ],
              "size": [
                0,
                2,
                3
              ],
              "pivot": [
                -12.21819,
                41.90182,
                -31.56936
              ],
              "rotation": [
                17.40245,
                15.54423,
                122.46907
              ],
              "uv": [
                1,
                251
              ],
              "mirror": true
            },
            {
              "origin": [
                -12.21819,
                41.77682,
                -35.06936
              ],
              "size": [
                0,
                1,
                2
              ],
              "pivot": [
                -12.21819,
                41.90182,
                -31.56936
              ],
              "rotation": [
                17.40245,
                15.54423,
                122.46907
              ],
              "uv": [
                183,
                166
              ],
              "mirror": true
            },
            {
              "origin": [
                -11.64477,
                47.24873,
                -33.75762
              ],
              "size": [
                0,
                2,
                3
              ],
              "pivot": [
                -11.64477,
                48.49873,
                -32.25762
              ],
              "rotation": [
                32.69495,
                6.06902,
                126.50472
              ],
              "uv": [
                1,
                251
              ],
              "mirror": true
            },
            {
              "origin": [
                -11.64477,
                48.24873,
                -35.75762
              ],
              "size": [
                0,
                1,
                2
              ],
              "pivot": [
                -11.64477,
                48.49873,
                -32.25762
              ],
              "rotation": [
                32.69495,
                6.06902,
                126.50472
              ],
              "uv": [
                4,
                180
              ],
              "mirror": true
            },
            {
              "origin": [
                6.01378,
                12.10814,
                -57.96445
              ],
              "size": [
                4,
                4,
                10
              ],
              "pivot": [
                0,
                20.56271,
                -30.83985
              ],
              "rotation": [
                86.51032,
                -14.20318,
                -157.49569
              ],
              "uv": [
                144,
                131
              ]
            },
            {
              "origin": [
                6.51378,
                6.53186,
                -60.71497
              ],
              "size": [
                3,
                3,
                6
              ],
              "inflate": -0.3,
              "pivot": [
                0,
                20.56271,
                -30.83985
              ],
              "rotation": [
                71.51032,
                -14.20318,
                -157.49569
              ],
              "uv": [
                84,
                175
              ]
            },
            {
              "origin": [
                5.50492,
                51.65281,
                -28.11375
              ],
              "size": [
                0,
                2,
                4
              ],
              "pivot": [
                5.50492,
                52.65281,
                -26.61375
              ],
              "rotation": [
                66.51032,
                -14.20318,
                -157.49569
              ],
              "uv": [
                0,
                250
              ]
            },
            {
              "origin": [
                5.50492,
                52.65281,
                -30.11375
              ],
              "size": [
                0,
                1,
                2
              ],
              "pivot": [
                5.50492,
                52.65281,
                -26.61375
              ],
              "rotation": [
                66.51032,
                -14.20318,
                -157.49569
              ],
              "uv": [
                88,
                179
              ]
            },
            {
              "origin": [
                -5.50492,
                52.65281,
                -30.11375
              ],
              "size": [
                0,
                1,
                2
              ],
              "pivot": [
                -5.50492,
                52.65281,
                -26.61375
              ],
              "rotation": [
                66.51032,
                14.20318,
                157.49569
              ],
              "uv": [
                88,
                179
              ],
              "mirror": true
            },
            {
              "origin": [
                -5.50492,
                51.65281,
                -28.11375
              ],
              "size": [
                0,
                2,
                4
              ],
              "pivot": [
                -5.50492,
                52.65281,
                -26.61375
              ],
              "rotation": [
                66.51032,
                14.20318,
                157.49569
              ],
              "uv": [
                0,
                250
              ],
              "mirror": true
            },
            {
              "origin": [
                -10.49413,
                15.15045,
                -44.42594
              ],
              "size": [
                4,
                4,
                8
              ],
              "inflate": -0.1,
              "pivot": [
                0,
                20.56271,
                -30.83985
              ],
              "rotation": [
                82.54523,
                14.55053,
                101.92096
              ],
              "uv": [
                135,
                100
              ]
            },
            {
              "origin": [
                -9.99413,
                7.91358,
                -42.13691
              ],
              "size": [
                3,
                4,
                4
              ],
              "pivot": [
                0,
                20.56271,
                -30.83985
              ],
              "rotation": [
                42.54523,
                14.55053,
                101.92095
              ],
              "uv": [
                15,
                182
              ]
            },
            {
              "origin": [
                -9.99413,
                6.55905,
                -43.02296
              ],
              "size": [
                3,
                3,
                5
              ],
              "inflate": -0.3,
              "pivot": [
                0,
                20.56271,
                -30.83985
              ],
              "rotation": [
                27.54523,
                14.55053,
                101.92095
              ],
              "uv": [
                30,
                111
              ]
            },
            {
              "origin": [
                -12.83006,
                13.32428,
                -49.96333
              ],
              "size": [
                4,
                4,
                8
              ],
              "inflate": -0.1,
              "pivot": [
                0,
                20.56271,
                -30.83985
              ],
              "rotation": [
                82.40245,
                15.54423,
                122.46907
              ],
              "uv": [
                23,
                156
              ]
            },
            {
              "origin": [
                -12.33006,
                2.95528,
                -45.20496
              ],
              "size": [
                3,
                4,
                4
              ],
              "pivot": [
                0,
                20.56271,
                -30.83985
              ],
              "rotation": [
                42.40245,
                15.54423,
                122.46907
              ],
              "uv": [
                148,
                182
              ]
            },
            {
              "origin": [
                -12.33006,
                0.97563,
                -44.70317
              ],
              "size": [
                3,
                3,
                5
              ],
              "inflate": -0.3,
              "pivot": [
                0,
                20.56271,
                -30.83985
              ],
              "rotation": [
                27.40245,
                15.54423,
                122.46907
              ],
              "uv": [
                49,
                134
              ]
            },
            {
              "origin": [
                -17.43573,
                14.03195,
                -50.823
              ],
              "size": [
                4,
                4,
                9
              ],
              "inflate": -0.1,
              "pivot": [
                0,
                20.56271,
                -30.83985
              ],
              "rotation": [
                83.32059,
                14.92321,
                127.59196
              ],
              "uv": [
                154,
                91
              ]
            },
            {
              "origin": [
                -16.79091,
                3.80338,
                -49.54954
              ],
              "size": [
                3,
                4,
                6
              ],
              "pivot": [
                0,
                20.56271,
                -30.83985
              ],
              "rotation": [
                55.19495,
                6.06902,
                126.50472
              ],
              "uv": [
                87,
                53
              ]
            },
            {
              "origin": [
                -16.79091,
                0.68801,
                -50.43736
              ],
              "size": [
                3,
                3,
                6
              ],
              "inflate": -0.3,
              "pivot": [
                0,
                20.56271,
                -30.83985
              ],
              "rotation": [
                40.19495,
                6.06902,
                126.50472
              ],
              "uv": [
                19,
                132
              ]
            },
            {
              "origin": [
                -10.01378,
                12.10814,
                -57.96445
              ],
              "size": [
                4,
                4,
                10
              ],
              "pivot": [
                0,
                20.56271,
                -30.83985
              ],
              "rotation": [
                86.51032,
                14.20318,
                157.49569
              ],
              "uv": [
                143,
                4
              ]
            },
            {
              "origin": [
                -9.51378,
                6.53186,
                -60.71497
              ],
              "size": [
                3,
                3,
                6
              ],
              "inflate": -0.3,
              "pivot": [
                0,
                20.56271,
                -30.83985
              ],
              "rotation": [
                71.51032,
                14.20318,
                157.49569
              ],
              "uv": [
                134,
                131
              ]
            },
            {
              "origin": [
                -1.25089,
                18.34472,
                -37.32379
              ],
              "size": [
                3,
                6,
                6
              ],
              "inflate": 0.01,
              "pivot": [
                0,
                20.24943,
                -31.41256
              ],
              "rotation": [
                -102.49999,
                85,
                -89.99999
              ],
              "uv": [
                17,
                169
              ]
            },
            {
              "origin": [
                -1.25089,
                21.4625,
                -40.67905
              ],
              "size": [
                3,
                5,
                6
              ],
              "inflate": -0.1,
              "pivot": [
                0,
                20.24943,
                -31.41256
              ],
              "rotation": [
                -77.5,
                85,
                -90
              ],
              "uv": [
                172,
                13
              ]
            },
            {
              "origin": [
                -0.75089,
                16.21823,
                -45.30208
              ],
              "size": [
                2,
                4,
                6
              ],
              "pivot": [
                0,
                20.24943,
                -31.41256
              ],
              "rotation": [
                -117.49999,
                85,
                -89.99999
              ],
              "uv": [
                178,
                99
              ]
            },
            {
              "origin": [
                -0.75089,
                13.90789,
                -49.36435
              ],
              "size": [
                2,
                3,
                6
              ],
              "inflate": -0.3,
              "pivot": [
                0,
                20.24943,
                -31.41256
              ],
              "rotation": [
                -132.49999,
                85,
                -89.99999
              ],
              "uv": [
                178,
                25
              ]
            },
            {
              "origin": [
                -1.5,
                16.75,
                -33
              ],
              "size": [
                3,
                2,
                1
              ],
              "inflate": 0.02,
              "uv": [
                148,
                0
              ]
            },
            {
              "origin": [
                0.70522,
                15.37808,
                -33
              ],
              "size": [
                2,
                3,
                1
              ],
              "inflate": 0.01,
              "pivot": [
                1.70522,
                16.87808,
                -32.5
              ],
              "rotation": [
                0,
                0,
                -57.5
              ],
              "uv": [
                149,
                19
              ]
            },
            {
              "origin": [
                1.5,
                13.9,
                -33
              ],
              "size": [
                2,
                3,
                1
              ],
              "uv": [
                147,
                131
              ]
            },
            {
              "origin": [
                1.5,
                11.9,
                -33
              ],
              "size": [
                1,
                2,
                1
              ],
              "uv": [
                17,
                0
              ]
            },
            {
              "origin": [
                1.5,
                10.9,
                -32.5
              ],
              "size": [
                1,
                1,
                0
              ],
              "uv": [
                3,
                4
              ]
            },
            {
              "origin": [
                -2.70522,
                15.37808,
                -33
              ],
              "size": [
                2,
                3,
                1
              ],
              "inflate": 0.01,
              "pivot": [
                -1.70522,
                16.87808,
                -32.5
              ],
              "rotation": [
                0,
                0,
                57.5
              ],
              "uv": [
                135,
                100
              ]
            },
            {
              "origin": [
                -3.5,
                13.9,
                -33
              ],
              "size": [
                2,
                3,
                1
              ],
              "uv": [
                81,
                86
              ]
            },
            {
              "origin": [
                -2.5,
                11.9,
                -33
              ],
              "size": [
                1,
                2,
                1
              ],
              "uv": [
                0,
                0
              ]
            },
            {
              "origin": [
                -2.5,
                10.9,
                -32.5
              ],
              "size": [
                1,
                1,
                0
              ],
              "uv": [
                0,
                4
              ]
            }
          ]
        },
        {
          "name": "fur",
          "parent": "head",
          "pivot": [
            5,
            23.5,
            -26
          ],
          "cubes": [
            {
              "origin": [
                -5,
                14.5,
                -28.5
              ],
              "size": [
                10,
                13,
                8
              ],
              "inflate": 0.01,
              "uv": [
                41,
                112
              ]
            }
          ]
        },
        {
          "name": "bone",
          "parent": "fur",
          "pivot": [
            0,
            -13.5,
            -10
          ]
        },
        {
          "name": "neck_fur_left",
          "parent": "fur",
          "pivot": [
            5,
            16.725,
            -31.75
          ],
          "rotation": [
            87.5,
            20,
            0
          ],
          "cubes": [
            {
              "origin": [
                1.01846,
                4.73624,
                -36.75
              ],
              "size": [
                4,
                12,
                10
              ],
              "inflate": -0.01,
              "pivot": [
                5.00978,
                16.73358,
                -31.75
              ],
              "rotation": [
                0,
                0,
                -12.5
              ],
              "uv": [
                0,
                132
              ]
            },
            {
              "origin": [
                6.27225,
                6.57617,
                -26.775
              ],
              "size": [
                0,
                10,
                3
              ],
              "pivot": [
                6.07225,
                10.82617,
                -25.25
              ],
              "rotation": [
                0,
                0,
                -12.5
              ],
              "uv": [
                185,
                76
              ]
            }
          ]
        },
        {
          "name": "neck_fur_left1",
          "parent": "neck_fur_left",
          "pivot": [
            4.21168,
            4.28574,
            -31.75
          ],
          "rotation": [
            10,
            0,
            0
          ],
          "cubes": [
            {
              "origin": [
                4.2022,
                -2.73069,
                -36.25
              ],
              "size": [
                3,
                8,
                9
              ],
              "inflate": -0.01,
              "pivot": [
                4.2199,
                4.24759,
                -31.75
              ],
              "rotation": [
                0,
                0,
                -12.5
              ],
              "uv": [
                154,
                52
              ]
            }
          ]
        },
        {
          "name": "neck_fur_left2",
          "parent": "neck_fur_left1",
          "pivot": [
            6.20978,
            -2.44833,
            -31.75
          ],
          "rotation": [
            15,
            0,
            7.5
          ],
          "cubes": [
            {
              "origin": [
                6.19904,
                -9.45504,
                -35.75
              ],
              "size": [
                2,
                8,
                8
              ],
              "inflate": -0.01,
              "pivot": [
                6.22676,
                -2.44833,
                -31.75
              ],
              "rotation": [
                0,
                0,
                -10
              ],
              "uv": [
                69,
                159
              ]
            },
            {
              "origin": [
                8.5394,
                -8.68952,
                -29
              ],
              "size": [
                0,
                6,
                3
              ],
              "inflate": -0.01,
              "pivot": [
                8.0394,
                -5.68952,
                -27.75
              ],
              "rotation": [
                7.5,
                0,
                -10
              ],
              "uv": [
                0,
                132
              ]
            },
            {
              "origin": [
                8.6571,
                -12.13235,
                -35.75
              ],
              "size": [
                0,
                3,
                8
              ],
              "pivot": [
                8.6571,
                -10.63235,
                -31.75
              ],
              "rotation": [
                0,
                0,
                -10
              ],
              "uv": [
                66,
                176
              ]
            }
          ]
        },
        {
          "name": "neck_fur_right",
          "parent": "fur",
          "pivot": [
            -5,
            16.725,
            -31.75
          ],
          "rotation": [
            87.5,
            -20,
            0
          ],
          "cubes": [
            {
              "origin": [
                -5.01846,
                4.73624,
                -36.75
              ],
              "size": [
                4,
                12,
                10
              ],
              "inflate": -0.01,
              "pivot": [
                -5.00978,
                16.73358,
                -31.75
              ],
              "rotation": [
                0,
                0,
                12.5
              ],
              "uv": [
                115,
                131
              ]
            },
            {
              "origin": [
                -6.27225,
                6.57617,
                -26.775
              ],
              "size": [
                0,
                10,
                3
              ],
              "pivot": [
                -6.07225,
                10.82617,
                -25.25
              ],
              "rotation": [
                0,
                0,
                12.5
              ],
              "uv": [
                123,
                14
              ]
            }
          ]
        },
        {
          "name": "neck_fur_right1",
          "parent": "neck_fur_right",
          "pivot": [
            -4.21168,
            4.28574,
            -31.75
          ],
          "rotation": [
            10,
            0,
            0
          ],
          "cubes": [
            {
              "origin": [
                -7.2022,
                -2.73069,
                -36.25
              ],
              "size": [
                3,
                8,
                9
              ],
              "inflate": -0.01,
              "pivot": [
                -4.2199,
                4.24759,
                -31.75
              ],
              "rotation": [
                0,
                0,
                12.5
              ],
              "uv": [
                135,
                146
              ]
            }
          ]
        },
        {
          "name": "neck_fur_right2",
          "parent": "neck_fur_right1",
          "pivot": [
            -6.20978,
            -2.44833,
            -31.75
          ],
          "rotation": [
            15,
            0,
            -7.5
          ],
          "cubes": [
            {
              "origin": [
                -8.19904,
                -9.45504,
                -35.75
              ],
              "size": [
                2,
                8,
                8
              ],
              "inflate": -0.01,
              "pivot": [
                -6.22676,
                -2.44833,
                -31.75
              ],
              "rotation": [
                0,
                0,
                10
              ],
              "uv": [
                48,
                159
              ]
            },
            {
              "origin": [
                -8.5394,
                -8.68952,
                -29
              ],
              "size": [
                0,
                6,
                3
              ],
              "inflate": -0.01,
              "pivot": [
                -8.0394,
                -5.68952,
                -27.75
              ],
              "rotation": [
                7.5,
                0,
                10
              ],
              "uv": [
                115,
                130
              ]
            },
            {
              "origin": [
                -8.6571,
                -12.13235,
                -35.75
              ],
              "size": [
                0,
                3,
                8
              ],
              "pivot": [
                -8.6571,
                -10.63235,
                -31.75
              ],
              "rotation": [
                0,
                0,
                10
              ],
              "uv": [
                49,
                176
              ]
            }
          ]
        },
        {
          "name": "eye_left",
          "parent": "head",
          "pivot": [
            2.25,
            18.1,
            -32
          ],
          "rotation": [
            0,
            0,
            -5
          ],
          "cubes": [
            {
              "origin": [
                -0.25,
                17.1,
                -32
              ],
              "size": [
                5,
                2,
                0
              ],
              "inflate": 0.02,
              "uv": [
                127,
                14
              ]
            }
          ]
        },
        {
          "name": "eyelid_left",
          "parent": "eye_left",
          "pivot": [
            2.25,
            18.1,
            -30.5
          ],
          "cubes": [
            {
              "origin": [
                -0.25,
                17.1,
                -31
              ],
              "size": [
                5,
                2,
                1
              ],
              "inflate": 0.03,
              "uv": [
                65,
                12
              ]
            }
          ]
        },
        {
          "name": "eye_right",
          "parent": "head",
          "pivot": [
            -2.25,
            18.1,
            -32
          ],
          "rotation": [
            0,
            0,
            5
          ],
          "cubes": [
            {
              "origin": [
                -4.75,
                17.1,
                -32
              ],
              "size": [
                5,
                2,
                0
              ],
              "inflate": 0.02,
              "uv": [
                118,
                38
              ]
            }
          ]
        },
        {
          "name": "eyelid_right",
          "parent": "eye_right",
          "pivot": [
            -2.25,
            18.1,
            -30.5
          ],
          "cubes": [
            {
              "origin": [
                -4.75,
                17.1,
                -31
              ],
              "size": [
                5,
                2,
                1
              ],
              "inflate": 0.03,
              "uv": [
                47,
                64
              ]
            }
          ]
        },
        {
          "name": "jaw",
          "parent": "head",
          "pivot": [
            0,
            16.5,
            -27
          ],
          "cubes": [
            {
              "origin": [
                -2,
                14.5,
                -32
              ],
              "size": [
                4,
                2,
                6
              ],
              "inflate": 0.01,
              "uv": [
                169,
                154
              ]
            },
            {
              "origin": [
                -1,
                15.75,
                -31.75
              ],
              "size": [
                2,
                1,
                2
              ],
              "inflate": 0.01,
              "uv": [
                104,
                146
              ]
            },
            {
              "origin": [
                1.25,
                16.00503,
                -32.50503
              ],
              "size": [
                0,
                1,
                1
              ],
              "pivot": [
                1.25,
                16.50503,
                -32.00503
              ],
              "rotation": [
                0,
                90,
                45
              ],
              "uv": [
                24,
                3
              ]
            },
            {
              "origin": [
                -1.25,
                16.00503,
                -32.50503
              ],
              "size": [
                0,
                1,
                1
              ],
              "pivot": [
                -1.25,
                16.50503,
                -32.00503
              ],
              "rotation": [
                0,
                -90,
                -45
              ],
              "uv": [
                24,
                0
              ]
            }
          ]
        },
        {
          "name": "cloud",
          "parent": "neck",
          "pivot": [
            0,
            28,
            -11
          ],
          "cubes": [
            {
              "origin": [
                -4.5,
                28,
                -16
              ],
              "size": [
                9,
                9,
                11
              ],
              "uv": [
                0,
                111
              ]
            },
            {
              "origin": [
                -4,
                28.5,
                -15.5
              ],
              "size": [
                8,
                8,
                10
              ],
              "inflate": 0.01,
              "uv": [
                126,
                81
              ]
            }
          ]
        },
        {
          "name": "cloud1",
          "parent": "cloud",
          "pivot": [
            0,
            28,
            -6
          ],
          "cubes": [
            {
              "origin": [
                -5,
                28,
                -6
              ],
              "size": [
                10,
                12,
                13
              ],
              "uv": [
                47,
                86
              ]
            },
            {
              "origin": [
                -4.5,
                28.5,
                -5.5
              ],
              "size": [
                9,
                11,
                12
              ],
              "uv": [
                87,
                29
              ]
            }
          ]
        },
        {
          "name": "cloud2",
          "parent": "cloud1",
          "pivot": [
            0,
            28,
            5
          ],
          "cubes": [
            {
              "origin": [
                -5.5,
                28,
                5
              ],
              "size": [
                11,
                13,
                17
              ],
              "uv": [
                30,
                24
              ]
            },
            {
              "origin": [
                -5,
                28.5,
                5.5
              ],
              "size": [
                10,
                12,
                16
              ],
              "uv": [
                70,
                0
              ]
            }
          ]
        },
        {
          "name": "cloud3",
          "parent": "cloud2",
          "pivot": [
            0,
            34.5,
            22
          ],
          "cubes": [
            {
              "origin": [
                -3.5,
                30,
                18
              ],
              "size": [
                7,
                9,
                13
              ],
              "uv": [
                24,
                0
              ]
            },
            {
              "origin": [
                -3,
                30.5,
                18.5
              ],
              "size": [
                6,
                8,
                12
              ],
              "uv": [
                118,
                17
              ]
            }
          ]
        },
        {
          "name": "cloud4",
          "parent": "cloud3",
          "pivot": [
            0,
            34.5,
            31
          ],
          "cubes": [
            {
              "origin": [
                -2,
                31.5,
                28
              ],
              "size": [
                4,
                6,
                11
              ],
              "uv": [
                134,
                61
              ]
            },
            {
              "origin": [
                -1.5,
                32,
                28.5
              ],
              "size": [
                3,
                5,
                10
              ],
              "uv": [
                87,
                146
              ]
            }
          ]
        },
        {
          "name": "cloud5",
          "parent": "cloud4",
          "pivot": [
            0,
            34.5,
            39.03333
          ],
          "cubes": [
            {
              "origin": [
                -1.5,
                33,
                37
              ],
              "size": [
                3,
                3,
                5
              ],
              "uv": [
                181,
                177
              ]
            },
            {
              "origin": [
                -1,
                33.5,
                42
              ],
              "size": [
                2,
                2,
                3
              ],
              "uv": [
                0,
                58
              ]
            },
            {
              "origin": [
                -0.5,
                34,
                44
              ],
              "size": [
                1,
                1,
                3
              ],
              "uv": [
                87,
                146
              ]
            }
          ]
        },
        {
          "name": "front_leg_left",
          "parent": "body",
          "pivot": [
            6.5,
            18,
            -10.25
          ],
          "rotation": [
            2.5,
            0,
            0
          ],
          "cubes": [
            {
              "origin": [
                4,
                10,
                -13.25
              ],
              "size": [
                5,
                10,
                6
              ],
              "inflate": 0.01,
              "uv": [
                0,
                41
              ]
            },
            {
              "origin": [
                4.5,
                10.49714,
                -13.61914
              ],
              "size": [
                4,
                3,
                3
              ],
              "uv": [
                61,
                159
              ]
            }
          ]
        },
        {
          "name": "front_leg_left1",
          "parent": "front_leg_left",
          "pivot": [
            6.5,
            8.5,
            -7.25
          ],
          "rotation": [
            -12.5,
            0,
            0
          ],
          "cubes": [
            {
              "origin": [
                3.5,
                5.50095,
                -13.79362
              ],
              "size": [
                6,
                3,
                3
              ],
              "uv": [
                153,
                84
              ]
            },
            {
              "origin": [
                4,
                1,
                -13.25
              ],
              "size": [
                5,
                9,
                6
              ],
              "uv": [
                155,
                19
              ]
            },
            {
              "origin": [
                6.5,
                0,
                -10.25
              ],
              "size": [
                0,
                9,
                6
              ],
              "pivot": [
                6.5,
                3.5,
                -4.75
              ],
              "rotation": [
                -52.5,
                0,
                0
              ],
              "uv": [
                118,
                175
              ]
            },
            {
              "origin": [
                4,
                0.62734,
                -12.52452
              ],
              "size": [
                5,
                3,
                0
              ],
              "pivot": [
                6.5,
                5.5,
                -10.25
              ],
              "rotation": [
                -35,
                0,
                0
              ],
              "uv": [
                145,
                57
              ]
            },
            {
              "origin": [
                4,
                0.94984,
                -7.32277
              ],
              "size": [
                5,
                5,
                0
              ],
              "pivot": [
                6.5,
                5.44984,
                -7.32277
              ],
              "rotation": [
                12.5,
                0,
                0
              ],
              "uv": [
                11,
                17
              ]
            },
            {
              "origin": [
                8.6,
                0.25,
                -13.25
              ],
              "size": [
                0,
                4,
                6
              ],
              "pivot": [
                6.5,
                5.5,
                -10.25
              ],
              "rotation": [
                0,
                0,
                -25
              ],
              "uv": [
                77,
                182
              ]
            },
            {
              "origin": [
                3.36939,
                4.8988,
                -13.25
              ],
              "size": [
                0,
                4,
                6
              ],
              "pivot": [
                -4.5,
                5.5,
                -10.25
              ],
              "rotation": [
                0,
                0,
                25
              ],
              "uv": [
                123,
                73
              ]
            }
          ]
        },
        {
          "name": "front_foot_left",
          "parent": "front_leg_left1",
          "pivot": [
            6.5,
            1.7538,
            -7.98784
          ],
          "rotation": [
            10,
            0,
            0
          ],
          "cubes": [
            {
              "origin": [
                7.25214,
                -0.38186,
                -15.93583
              ],
              "size": [
                2,
                4,
                8
              ],
              "pivot": [
                8.5,
                1.36814,
                -9.71846
              ],
              "rotation": [
                0,
                -7.5,
                0
              ],
              "uv": [
                103,
                168
              ]
            },
            {
              "origin": [
                5.5,
                -0.38186,
                -15.96846
              ],
              "size": [
                2,
                4,
                8
              ],
              "uv": [
                165,
                141
              ]
            },
            {
              "origin": [
                3.99572,
                -0.38186,
                -15.9032
              ],
              "size": [
                2,
                4,
                8
              ],
              "pivot": [
                4.5,
                1.36814,
                -9.71846
              ],
              "rotation": [
                0,
                7.5,
                0
              ],
              "uv": [
                163,
                128
              ]
            },
            {
              "origin": [
                8.25214,
                -0.38186,
                -18.93583
              ],
              "size": [
                0,
                3,
                3
              ],
              "pivot": [
                8.5,
                1.36814,
                -9.71846
              ],
              "rotation": [
                0,
                -7.5,
                0
              ],
              "uv": [
                70,
                112
              ]
            },
            {
              "origin": [
                6.5,
                -0.38186,
                -18.96846
              ],
              "size": [
                0,
                3,
                3
              ],
              "uv": [
                90,
                29
              ]
            },
            {
              "origin": [
                4.99572,
                -0.38186,
                -18.9032
              ],
              "size": [
                0,
                3,
                3
              ],
              "pivot": [
                4.5,
                1.36814,
                -9.71846
              ],
              "rotation": [
                0,
                7.5,
                0
              ],
              "uv": [
                34,
                82
              ]
            }
          ]
        },
        {
          "name": "front_leg_right",
          "parent": "body",
          "pivot": [
            -6.5,
            18,
            -10.25
          ],
          "rotation": [
            2.5,
            0,
            0
          ],
          "cubes": [
            {
              "origin": [
                -9,
                10,
                -13.25
              ],
              "size": [
                5,
                10,
                6
              ],
              "inflate": 0.01,
              "uv": [
                0,
                0
              ]
            },
            {
              "origin": [
                -8.5,
                10.49714,
                -13.61914
              ],
              "size": [
                4,
                3,
                3
              ],
              "uv": [
                40,
                156
              ]
            }
          ]
        },
        {
          "name": "front_leg_right1",
          "parent": "front_leg_right",
          "pivot": [
            -6.5,
            8.5,
            -7.25
          ],
          "rotation": [
            -12.5,
            0,
            0
          ],
          "cubes": [
            {
              "origin": [
                -9.5,
                5.50095,
                -13.79362
              ],
              "size": [
                6,
                3,
                3
              ],
              "uv": [
                81,
                91
              ]
            },
            {
              "origin": [
                -9,
                1,
                -13.25
              ],
              "size": [
                5,
                9,
                6
              ],
              "uv": [
                0,
                155
              ]
            },
            {
              "origin": [
                -9,
                0.62734,
                -12.52452
              ],
              "size": [
                5,
                3,
                0
              ],
              "pivot": [
                -6.5,
                5.5,
                -10.25
              ],
              "rotation": [
                -35,
                0,
                0
              ],
              "uv": [
                134,
                57
              ]
            },
            {
              "origin": [
                -9,
                0.94984,
                -7.32277
              ],
              "size": [
                5,
                5,
                0
              ],
              "pivot": [
                -6.5,
                5.44984,
                -7.32277
              ],
              "rotation": [
                12.5,
                0,
                0
              ],
              "uv": [
                0,
                17
              ]
            },
            {
              "origin": [
                -6.5,
                0,
                -10.25
              ],
              "size": [
                0,
                9,
                6
              ],
              "pivot": [
                -6.5,
                3.5,
                -4.75
              ],
              "rotation": [
                -52.5,
                0,
                0
              ],
              "uv": [
                36,
                170
              ]
            },
            {
              "origin": [
                -8.6,
                0.25,
                -13.25
              ],
              "size": [
                0,
                4,
                6
              ],
              "pivot": [
                -6.5,
                5.5,
                -10.25
              ],
              "rotation": [
                0,
                0,
                25
              ],
              "uv": [
                0,
                82
              ]
            },
            {
              "origin": [
                -3.36939,
                4.8988,
                -13.25
              ],
              "size": [
                0,
                4,
                6
              ],
              "pivot": [
                4.5,
                5.5,
                -10.25
              ],
              "rotation": [
                0,
                0,
                -25
              ],
              "uv": [
                24,
                0
              ]
            }
          ]
        },
        {
          "name": "front_foot_right",
          "parent": "front_leg_right1",
          "pivot": [
            -6.5,
            1.7538,
            -7.98784
          ],
          "rotation": [
            10,
            0,
            0
          ],
          "cubes": [
            {
              "origin": [
                -5.99572,
                -0.38186,
                -15.9032
              ],
              "size": [
                2,
                4,
                8
              ],
              "pivot": [
                -4.5,
                1.36814,
                -9.71846
              ],
              "rotation": [
                0,
                -7.5,
                0
              ],
              "uv": [
                34,
                82
              ]
            },
            {
              "origin": [
                -4.99572,
                -0.38186,
                -18.9032
              ],
              "size": [
                0,
                3,
                3
              ],
              "pivot": [
                -4.5,
                1.36814,
                -9.71846
              ],
              "rotation": [
                0,
                -7.5,
                0
              ],
              "uv": [
                52,
                0
              ]
            },
            {
              "origin": [
                -7.5,
                -0.38186,
                -15.96846
              ],
              "size": [
                2,
                4,
                8
              ],
              "uv": [
                162,
                0
              ]
            },
            {
              "origin": [
                -6.5,
                -0.38186,
                -18.96846
              ],
              "size": [
                0,
                3,
                3
              ],
              "uv": [
                70,
                29
              ]
            },
            {
              "origin": [
                -9.25214,
                -0.38186,
                -15.93583
              ],
              "size": [
                2,
                4,
                8
              ],
              "pivot": [
                -8.5,
                1.36814,
                -9.71846
              ],
              "rotation": [
                0,
                7.5,
                0
              ],
              "uv": [
                90,
                162
              ]
            },
            {
              "origin": [
                -8.25214,
                -0.38186,
                -18.93583
              ],
              "size": [
                0,
                3,
                3
              ],
              "pivot": [
                -8.5,
                1.36814,
                -9.71846
              ],
              "rotation": [
                0,
                7.5,
                0
              ],
              "uv": [
                72,
                0
              ]
            }
          ]
        },
        {
          "name": "back_leg_left",
          "parent": "body",
          "pivot": [
            6.5,
            19.25,
            6
          ],
          "rotation": [
            22.5,
            0,
            0
          ],
          "cubes": [
            {
              "origin": [
                4,
                9.15381,
                -0.26641
              ],
              "size": [
                5,
                12,
                9
              ],
              "inflate": 0.01,
              "pivot": [
                6.5,
                15.15381,
                4.73359
              ],
              "rotation": [
                -15,
                0,
                0
              ],
              "uv": [
                58,
                137
              ]
            }
          ]
        },
        {
          "name": "back_leg_left_bracer",
          "parent": "back_leg_left",
          "pivot": [
            6.5,
            9.19082,
            5.29068
          ],
          "cubes": [
            {
              "origin": [
                3.5,
                7.10303,
                2.15931
              ],
              "size": [
                6,
                3,
                7
              ],
              "pivot": [
                6.5,
                9.19082,
                5.29068
              ],
              "rotation": [
                20,
                0,
                0
              ],
              "uv": [
                158,
                117
              ]
            }
          ]
        },
        {
          "name": "back_leg_left1",
          "parent": "back_leg_left",
          "pivot": [
            6.5,
            7.64806,
            6.23516
          ],
          "rotation": [
            -40,
            0,
            0
          ],
          "cubes": [
            {
              "origin": [
                4,
                0.45944,
                5.37963
              ],
              "size": [
                5,
                9,
                5
              ],
              "uv": [
                167,
                35
              ]
            },
            {
              "origin": [
                4,
                2.45944,
                5.37963
              ],
              "size": [
                5,
                3,
                0
              ],
              "pivot": [
                6.5,
                4.95944,
                5.37963
              ],
              "rotation": [
                -27.5,
                0,
                0
              ],
              "uv": [
                47,
                95
              ]
            },
            {
              "origin": [
                4,
                1.20873,
                10.34691
              ],
              "size": [
                5,
                4,
                0
              ],
              "pivot": [
                6.5,
                4.95944,
                10.37963
              ],
              "rotation": [
                15,
                0,
                0
              ],
              "uv": [
                87,
                64
              ]
            },
            {
              "origin": [
                9,
                1.45944,
                5.37963
              ],
              "size": [
                0,
                4,
                5
              ],
              "pivot": [
                9,
                4.95944,
                7.87963
              ],
              "rotation": [
                0,
                0,
                -25
              ],
              "uv": [
                183,
                45
              ]
            },
            {
              "origin": [
                2.96939,
                6.10824,
                5.37963
              ],
              "size": [
                0,
                4,
                5
              ],
              "pivot": [
                -7,
                4.95944,
                7.87963
              ],
              "rotation": [
                0,
                0,
                25
              ],
              "uv": [
                30,
                182
              ]
            }
          ]
        },
        {
          "name": "back_foot_left",
          "parent": "back_leg_left1",
          "pivot": [
            6.5,
            2.37381,
            8.21129
          ],
          "rotation": [
            17.5,
            0,
            0
          ],
          "cubes": [
            {
              "origin": [
                7.25214,
                -0.38186,
                2.06417
              ],
              "size": [
                2,
                4,
                8
              ],
              "pivot": [
                8.5,
                1.36814,
                8.28154
              ],
              "rotation": [
                0,
                -7.5,
                0
              ],
              "uv": [
                103,
                168
              ]
            },
            {
              "origin": [
                5.5,
                -0.38186,
                2.03154
              ],
              "size": [
                2,
                4,
                8
              ],
              "uv": [
                165,
                141
              ]
            },
            {
              "origin": [
                3.99572,
                -0.38186,
                2.0968
              ],
              "size": [
                2,
                4,
                8
              ],
              "pivot": [
                4.5,
                1.36814,
                8.28154
              ],
              "rotation": [
                0,
                7.5,
                0
              ],
              "uv": [
                163,
                128
              ]
            }
          ]
        },
        {
          "name": "back_leg_right",
          "parent": "body",
          "pivot": [
            -6.5,
            19.25,
            6
          ],
          "rotation": [
            22.5,
            0,
            0
          ],
          "cubes": [
            {
              "origin": [
                -9,
                9.15381,
                -0.26641
              ],
              "size": [
                5,
                12,
                9
              ],
              "inflate": 0.01,
              "pivot": [
                -6.5,
                15.15381,
                4.73359
              ],
              "rotation": [
                -15,
                0,
                0
              ],
              "uv": [
                29,
                134
              ]
            }
          ]
        },
        {
          "name": "back_leg_right_bracer",
          "parent": "back_leg_right",
          "pivot": [
            -6.5,
            9.19082,
            5.29068
          ],
          "cubes": [
            {
              "origin": [
                -9.5,
                7.10303,
                2.15931
              ],
              "size": [
                6,
                3,
                7
              ],
              "pivot": [
                -6.5,
                9.19082,
                5.29068
              ],
              "rotation": [
                20,
                0,
                0
              ],
              "uv": [
                158,
                106
              ]
            }
          ]
        },
        {
          "name": "back_leg_right1",
          "parent": "back_leg_right",
          "pivot": [
            -6.5,
            7.64806,
            6.23516
          ],
          "rotation": [
            -40,
            0,
            0
          ],
          "cubes": [
            {
              "origin": [
                -9,
                0.45944,
                5.37963
              ],
              "size": [
                5,
                9,
                5
              ],
              "uv": [
                127,
                164
              ]
            },
            {
              "origin": [
                -9,
                2.45944,
                5.37963
              ],
              "size": [
                5,
                3,
                0
              ],
              "pivot": [
                -6.5,
                4.95944,
                5.37963
              ],
              "rotation": [
                -27.5,
                0,
                0
              ],
              "uv": [
                47,
                86
              ]
            },
            {
              "origin": [
                -9,
                1.20873,
                10.34691
              ],
              "size": [
                5,
                4,
                0
              ],
              "pivot": [
                -6.5,
                4.95944,
                10.37963
              ],
              "rotation": [
                15,
                0,
                0
              ],
              "uv": [
                11,
                58
              ]
            },
            {
              "origin": [
                -9,
                1.45944,
                5.37963
              ],
              "size": [
                0,
                4,
                5
              ],
              "pivot": [
                -9,
                4.95944,
                7.87963
              ],
              "rotation": [
                0,
                0,
                25
              ],
              "uv": [
                143,
                19
              ]
            },
            {
              "origin": [
                -2.96939,
                6.10824,
                5.37963
              ],
              "size": [
                0,
                4,
                5
              ],
              "pivot": [
                7,
                4.95944,
                7.87963
              ],
              "rotation": [
                0,
                0,
                -25
              ],
              "uv": [
                0,
                111
              ]
            }
          ]
        },
        {
          "name": "back_foot_right",
          "parent": "back_leg_right1",
          "pivot": [
            -6.5,
            2.37381,
            8.21129
          ],
          "rotation": [
            17.5,
            0,
            0
          ],
          "cubes": [
            {
              "origin": [
                -5.99572,
                -0.38186,
                2.0968
              ],
              "size": [
                2,
                4,
                8
              ],
              "pivot": [
                -4.5,
                1.36814,
                8.28154
              ],
              "rotation": [
                0,
                -7.5,
                0
              ],
              "uv": [
                163,
                128
              ],
              "mirror": true
            },
            {
              "origin": [
                -7.5,
                -0.38186,
                2.03154
              ],
              "size": [
                2,
                4,
                8
              ],
              "uv": [
                165,
                141
              ],
              "mirror": true
            },
            {
              "origin": [
                -9.25214,
                -0.38186,
                2.06417
              ],
              "size": [
                2,
                4,
                8
              ],
              "pivot": [
                -8.5,
                1.36814,
                8.28154
              ],
              "rotation": [
                0,
                7.5,
                0
              ],
              "uv": [
                103,
                168
              ],
              "mirror": true
            }
          ]
        }
      ]
    }
  ]
}