{
  "head": "head",
  "portraitScale": 2.4,
  "portraitTranslation": [
    -0.3,
    -0.5,
    0
  ],
  "profileScale": 0.7,
  "profileTranslation": [
    0,
    0.5,
    0
  ],
  "poses": {
    "standing": {
      "poseName": "standing",
      "transformTicks": 10,
      "poseTypes": [
        "STAND",
        "NONE",
        "PORTRAIT",
        "PROFILE"
      ],
      "animations": [
        "bedrock(mareanie, ground_idle)"
      ],
      "quirks": [
        {
          "name": "blink",
          "animations": [
            "bedrock(mareanie, blink)"
          ]
        }
      ]
    },
    "walking": {
      "poseName": "walking",
      "transformTicks": 10,
      "poseTypes": [
        "WALK"
      ],
      "animations": [
        "bedrock(mareanie, ground_walk)"
      ]
    }
  }
}