{
  "head": "head",
  "portraitScale": 0.3,
  "portraitTranslation": [0, 1.4, 0],
  "profileScale": 0.3,
  "profileTranslation": [0, 1.4, 0],
  "faint": "bedrock(celesteela, faint)",
  "poses": {
    "standing": {
      "poseName": "standing",
      "transformTicks": 10,
      "poseTypes": [
        "STAND",
        "NONE",
        "PORTRAIT",
        "PROFILE"
      ],
      "animations": [
        "look",
        "bedrock(celesteela, ground_idle)"
      ]
    },
    "walking": {
      "poseName": "walking",
      "transformTicks": 10,
      "poseTypes": [
        "WALK"
      ],
      "animations": [
        "bedrock(celesteela, ground_walk)"
      ]
    },
    "floating": {
      "poseName": "floating",
      "transformTicks": 10,
      "poseTypes": [
        "FLOAT"
      ],
      "animations": [
        "bedrock(celesteela, ground_idle)"
      ]
    },
    "swimming": {
      "poseName": "swimming",
      "transformTicks": 10,
      "poseTypes": [
        "SWIM"
      ],
      "animations": [
        "bedrock(celesteela, ground_walk)"
      ]
    }
  }
}