{
  "head": "head",
  "rootBone": "applin",
  "portraitScale": 2.3,
  "portraitTranslation": [
    0.2,
    -0.8,
    0
  ],
  "profileScale": 0.9,
  "profileTranslation": [
    0,
    0.4,
    0
  ],
  "animations": {
    "faint": "q.bedrock_primary('applin', 'faint', q.curve('one'))",
    "cry": "q.bedrock_primary('applin', 'cry', q.curve('symmetrical_wide'))"
  },
  "poses": {
    "standing": {
      "poseName": "standing",
      "transformTicks": 10,
      "poseTypes": [
        "STAND",
        "NONE",
        "PORTRAIT",
        "PROFILE"
      ],
      "animations": [
        "bedrock(applin, ground_idle)"
      ]
    },
    "walking": {
      "poseName": "walking",
      "transformTicks": 10,
      "poseTypes": [
        "WALK"
      ],
      "animations": [
        "bedrock(applin, ground_walk)"
      ]
    }
  }
}