{
  "portraitScale": 2.3,
  "portraitTranslation": [
    -1.0,
    0.1,
    0
  ],
  "profileScale": 0.7,
  "profileTranslation": [
    0,
    0.6,
    0
  ],
  "animations": {
    "cry": "bedrock('chienpao', 'cry')",
    "recoil": "q.bedrock_stateful('chienpao', 'recoil')",
    "physical": "q.bedrock_stateful('chienpao', 'physical', q.curve('symmetrical_wide'))",
    "special": "q.bedrock_stateful('chienpao', 'physical', q.curve('symmetrical_wide'))",
    "status": "q.bedrock_stateful('chienpao', 'status', q.curve('symmetrical_wide'))"
  },
  "poses": {
    "battle-standing": {
      "poseTypes": [
        "STAND",
        "WALK"
      ],
      "isBattle": true,
      "animations": [
        "q.look('head')",
        "q.bedrock('chienpao', 'battle_idle')"
      ],
      "quirks": [
        "q.bedrock_quirk('chienpao', 'ear_flick_left')"
      ]
    },
    "standing": {
      "poseTypes": [
        "STAND",
        "NONE",
        "PORTRAIT",
        "PROFILE"
      ],
      "isBattle": false,
      "animations": [
        "q.bedrock('chienpao', 'ground_idle')"
      ],
      "quirks": [
        "q.bedrock_quirk('chienpao', 'ear_flick_right')"
      ]
    },
    "walking": {
      "poseTypes": [
        "WALK"
      ],
      "animations": [
        "q.bedrock('chienpao', 'ground_walk')"
      ]
    },
    "float": {
      "poseTypes": [
        "FLOAT"
      ],
      "animations": [
        "q.look('head')",
        "q.bedrock('chienpao', 'ground_walk')"
      ]
    },
    "swim": {
      "poseTypes": [
        "SWIM"
      ],
      "animations": [
        "q.look('head')",
        "q.bedrock('chienpao', 'ground_walk')"
      ]
    },
    "sleep": {
      "poseTypes": [
        "SLEEP"
      ],
      "animations": [
        "q.bedrock('chienpao', 'ground_idle')"
      ]
    },
    "leftshoulder": {
      "poseName": "leftshoulder",
      "transformTicks": 10,
      "poseTypes": [
        "SHOULDER_LEFT"
      ],
      "animations": [
        "bedrock(chienpao, shoulder_left)"
      ],
      "quirks": [
        {
          "name": "blink",
          "animations": [
            "bedrock(chienpao, ear_flick_left)"
          ]
        }
      ]
    },
    "rightshoulder": {
      "poseName": "rightshoulder",
      "transformTicks": 10,
      "poseTypes": [
        "SHOULDER_RIGHT"
      ],
      "animations": [
        "bedrock(chienpao, shoulder_right)"
      ],
      "quirks": [
        {
          "name": "blink",
          "animations": [
            "bedrock(chienpao, ear_flick_left)"
          ]
        }
      ]
    }
  }
}