{
  "format_version": "1.12.0",
  "minecraft:geometry": [
    {
      "description": {
        "identifier": "geometry.unknown",
        "texture_width": 128,
        "texture_height": 128,
        "visible_bounds_width": 5,
        "visible_bounds_height": 3.5,
        "visible_bounds_offset": [
          0,
          1.25,
          0
        ]
      },
      "bones": [
        {
          "name": "pecharunt",
          "pivot": [
            0,
            0,
            0
          ]
        },
        {
          "name": "body",
          "parent": "pecharunt",
          "pivot": [
            -0.5,
            1,
            0.5
          ]
        },
        {
          "name": "wing_left",
          "parent": "body",
          "pivot": [
            -9.90833,
            5.58333,
            7.25833
          ],
          "rotation": [
            1.4461,
            -19.5151,
            -35.98651
          ],
          "cubes": [
            {
              "origin": [
                -16.4,
                9.08097,
                1.95918
              ],
              "size": [
                13,
                13,
                8
              ],
              "uv": [
                0,
                21
              ],
              "mirror": true
            },
            {
              "origin": [
                -11.4,
                22.08097,
                1.95918
              ],
              "size": [
                3,
                1,
                3
              ],
              "uv": [
                40,
                60
              ],
              "mirror": true
            },
            {
              "origin": [
                -11.4,
                23.08097,
                1.95918
              ],
              "size": [
                3,
                2,
                2
              ],
              "uv": [
                42,
                15
              ],
              "mirror": true
            },
            {
              "origin": [
                -15.4,
                10.08097,
                8.95918
              ],
              "size": [
                11,
                11,
                4
              ],
              "uv": [
                42,
                0
              ],
              "mirror": true
            }
          ]
        },
        {
          "name": "bone2",
          "parent": "wing_left",
          "pivot": [
            -9.925,
            9.58097,
            6.85918
          ],
          "rotation": [
            19,
            0,
            0
          ],
          "cubes": [
            {
              "origin": [
                -12.4,
                4.08097,
                4.33418
              ],
              "size": [
                5,
                3,
                5
              ],
              "uv": [
                49,
                15
              ],
              "mirror": true
            },
            {
              "origin": [
                -11.95,
                6.08097,
                4.88418
              ],
              "size": [
                4,
                4,
                4
              ],
              "uv": [
                0,
                57
              ],
              "mirror": true
            }
          ]
        },
        {
          "name": "wing_right",
          "parent": "body",
          "pivot": [
            9.90833,
            5.58333,
            7.25833
          ],
          "rotation": [
            1.4461,
            19.5151,
            35.98651
          ],
          "cubes": [
            {
              "origin": [
                3.4,
                9.08097,
                1.95918
              ],
              "size": [
                13,
                13,
                8
              ],
              "uv": [
                0,
                21
              ]
            },
            {
              "origin": [
                8.4,
                22.08097,
                1.95918
              ],
              "size": [
                3,
                1,
                3
              ],
              "uv": [
                40,
                60
              ]
            },
            {
              "origin": [
                8.4,
                23.08097,
                1.95918
              ],
              "size": [
                3,
                2,
                2
              ],
              "uv": [
                42,
                15
              ]
            },
            {
              "origin": [
                4.4,
                10.08097,
                8.95918
              ],
              "size": [
                11,
                11,
                4
              ],
              "uv": [
                42,
                0
              ]
            }
          ]
        },
        {
          "name": "bone",
          "parent": "wing_right",
          "pivot": [
            9.925,
            9.58097,
            6.85918
          ],
          "rotation": [
            19,
            0,
            0
          ],
          "cubes": [
            {
              "origin": [
                7.4,
                4.08097,
                4.33418
              ],
              "size": [
                5,
                3,
                5
              ],
              "uv": [
                49,
                15
              ]
            },
            {
              "origin": [
                7.95,
                6.08097,
                4.88418
              ],
              "size": [
                4,
                4,
                4
              ],
              "uv": [
                0,
                57
              ]
            }
          ]
        },
        {
          "name": "head",
          "parent": "body",
          "pivot": [
            3.5,
            0,
            -3.5
          ],
          "cubes": [
            {
              "origin": [
                -4.5,
                8,
                -4.5
              ],
              "size": [
                9,
                9,
                9
              ],
              "uv": [
                33,
                33
              ]
            },
            {
              "origin": [
                -1.5,
                6,
                -1.5
              ],
              "size": [
                3,
                3,
                3
              ],
              "uv": [
                62,
                51
              ]
            },
            {
              "origin": [
                -0.5,
                5,
                -0.5
              ],
              "size": [
                1,
                3,
                1
              ],
              "uv": [
                0,
                42
              ]
            }
          ]
        },
        {
          "name": "face",
          "parent": "head",
          "pivot": [
            -0.5,
            11.5,
            -4.025
          ],
          "cubes": [
            {
              "origin": [
                -1,
                11,
                -4.525
              ],
              "size": [
                2,
                1,
                0
              ],
              "uv": [
                0,
                27
              ]
            },
            {
              "origin": [
                0.45,
                12.8,
                -4.95
              ],
              "size": [
                3,
                3,
                1
              ],
              "pivot": [
                1.95,
                14.3,
                -4.55
              ],
              "rotation": [
                0,
                0,
                9.25
              ],
              "uv": [
                42,
                29
              ]
            },
            {
              "origin": [
                -3.45,
                12.8,
                -4.95
              ],
              "size": [
                3,
                3,
                1
              ],
              "pivot": [
                -1.95,
                14.3,
                -4.55
              ],
              "rotation": [
                0,
                0,
                -9.25
              ],
              "uv": [
                34,
                4
              ]
            }
          ]
        },
        {
          "name": "bone8",
          "parent": "face",
          "pivot": [
            -0.5,
            11.575,
            -4.025
          ],
          "cubes": [
            {
              "origin": [
                -0.075,
                10.875,
                -4.55
              ],
              "size": [
                1,
                1,
                0
              ],
              "pivot": [
                -0.5,
                11.575,
                -4.025
              ],
              "rotation": [
                0,
                0,
                45
              ],
              "uv": [
                0,
                0
              ]
            },
            {
              "origin": [
                -1.075,
                11.875,
                -4.55
              ],
              "size": [
                1,
                1,
                0
              ],
              "pivot": [
                -0.5,
                11.575,
                -4.025
              ],
              "rotation": [
                0,
                0,
                45
              ],
              "uv": [
                0,
                1
              ]
            }
          ]
        },
        {
          "name": "eye",
          "parent": "face",
          "pivot": [
            0,
            12.5,
            -4.525
          ],
          "cubes": [
            {
              "origin": [
                1,
                12,
                -4.525
              ],
              "size": [
                1,
                1,
                0
              ],
              "uv": [
                6,
                1
              ]
            },
            {
              "origin": [
                -2,
                12,
                -4.525
              ],
              "size": [
                1,
                1,
                0
              ],
              "uv": [
                6,
                0
              ]
            }
          ]
        },
        {
          "name": "hair",
          "parent": "head",
          "pivot": [
            0,
            15.5,
            0
          ],
          "rotation": [
            -25,
            0,
            0
          ],
          "cubes": [
            {
              "origin": [
                -1.5,
                16,
                -1.5
              ],
              "size": [
                3,
                3,
                3
              ],
              "uv": [
                62,
                23
              ]
            }
          ]
        },
        {
          "name": "bone3",
          "parent": "hair",
          "pivot": [
            0,
            18,
            0
          ],
          "rotation": [
            -30,
            0,
            0
          ],
          "cubes": [
            {
              "origin": [
                -1,
                17,
                -1
              ],
              "size": [
                2,
                4,
                2
              ],
              "uv": [
                0,
                21
              ]
            }
          ]
        },
        {
          "name": "bone4",
          "parent": "bone3",
          "pivot": [
            0,
            20,
            -0.1
          ],
          "rotation": [
            -35,
            0,
            0
          ],
          "cubes": [
            {
              "origin": [
                -0.5,
                20,
                -0.6
              ],
              "size": [
                1,
                4,
                1
              ],
              "uv": [
                34,
                21
              ]
            }
          ]
        },
        {
          "name": "bone5",
          "parent": "bone4",
          "pivot": [
            0.5,
            23.45,
            -0.60044
          ],
          "rotation": [
            -35,
            0,
            0
          ],
          "cubes": [
            {
              "origin": [
                -1.5,
                23,
                -1.60044
              ],
              "size": [
                3,
                5,
                3
              ],
              "uv": [
                28,
                60
              ]
            },
            {
              "origin": [
                -2,
                24,
                -2.10044
              ],
              "size": [
                4,
                5,
                4
              ],
              "inflate": 0.15,
              "uv": [
                46,
                51
              ]
            }
          ]
        },
        {
          "name": "bone6",
          "parent": "bone5",
          "pivot": [
            0,
            27.925,
            -0.10044
          ],
          "rotation": [
            -42.5,
            0,
            0
          ],
          "cubes": [
            {
              "origin": [
                -2,
                31.175,
                -2.10044
              ],
              "size": [
                4,
                5,
                4
              ],
              "inflate": 0.4,
              "uv": [
                30,
                51
              ]
            },
            {
              "origin": [
                -1.5,
                27.175,
                -1.60044
              ],
              "size": [
                3,
                6,
                3
              ],
              "uv": [
                59,
                57
              ]
            }
          ]
        },
        {
          "name": "bone7",
          "parent": "bone6",
          "pivot": [
            1,
            19.175,
            -1.10044
          ],
          "cubes": [
            {
              "origin": [
                -1.5,
                32.175,
                -1.60044
              ],
              "size": [
                3,
                6,
                3
              ],
              "uv": [
                16,
                57
              ]
            },
            {
              "origin": [
                -1,
                36.175,
                -1.10044
              ],
              "size": [
                2,
                4,
                2
              ],
              "pivot": [
                0.5,
                36.675,
                -0.60044
              ],
              "rotation": [
                27.5,
                0,
                0
              ],
              "uv": [
                0,
                0
              ]
            }
          ]
        },
        {
          "name": "hand",
          "parent": "body",
          "pivot": [
            -2.325,
            10.275,
            -5
          ],
          "cubes": [
            {
              "origin": [
                1.25,
                9.5,
                -5.3
              ],
              "size": [
                2,
                2,
                1
              ],
              "inflate": -0.2,
              "pivot": [
                2.325,
                10.275,
                -5
              ],
              "rotation": [
                0,
                0,
                -22.75
              ],
              "uv": [
                42,
                51
              ]
            },
            {
              "origin": [
                -3.25,
                9.5,
                -5.3
              ],
              "size": [
                2,
                2,
                1
              ],
              "inflate": -0.2,
              "pivot": [
                -2.325,
                10.275,
                -5
              ],
              "rotation": [
                0,
                0,
                22.75
              ],
              "uv": [
                42,
                51
              ],
              "mirror": true
            }
          ]
        }
      ]
    }
  ]
}