{
    "priority": -1,                         
    "include": [
		"#cobblemonraiddens:pikachu",
		"#cobblemonraiddens:raichu",
		"#cobblemonraiddens:voltorb",
		"#cobblemonraiddens:electrode",
		"#cobblemonraiddens:electabuzz",
		"#cobblemonraiddens:jolteon",
		"#cobblemonraiddens:pichu",
		"#cobblemonraiddens:mareep",
		"#cobblemonraiddens:flaaffy",
		"#cobblemonraiddens:ampharos",
		"#cobblemonraiddens:elekid",
		"#cobblemonraiddens:raikou",
		"#cobblemonraiddens:electrike",
		"#cobblemonraiddens:manectric",
		"#cobblemonraiddens:plusle",
		"#cobblemonraiddens:minun",
		"#cobblemonraiddens:shinx",
		"#cobblemonraiddens:luxio",
		"#cobblemonraiddens:luxray",
		"#cobblemonraiddens:pachirisu",
		"#cobblemonraiddens:electivire",
		"#cobblemonraiddens:blitzle",
		"#cobblemonraiddens:zebstrika",
		"#cobblemonraiddens:tynamo",
		"#cobblemonraiddens:eelektrik",
		"#cobblemonraiddens:eelektross",
		"#cobblemonraiddens:xurkitree",
		"#cobblemonraiddens:zeraora",
		"#cobblemonraiddens:yamper",
		"#cobblemonraiddens:boltund",
		"#cobblemonraiddens:pincurchin",
		"#cobblemonraiddens:regieleki",
		"#cobblemonraiddens:pawmi",
		"#cobblemonraiddens:tadbulb",
		"#cobblemonraiddens:bellibolt",
		"#cobblemonraiddens:raichu_alolan",
		"#cobblemonraiddens:raichu",
		"#cobblemonraiddens:magnemite",
		"#cobblemonraiddens:magneton",
		"#cobblemonraiddens:voltorb_hisuian",
		"#cobblemonraiddens:electrode_hisuian",
		"#cobblemonraiddens:zapdos",
		"#cobblemonraiddens:ampharos",
		"#cobblemonraiddens:magnezone",
		"#cobblemonraiddens:rotom",
		"#cobblemonraiddens:emolga",
		"#cobblemonraiddens:thundurus",
		"#cobblemonraiddens:helioptile",
		"#cobblemonraiddens:heliolisk",
		"#cobblemonraiddens:dedenne",
		"#cobblemonraiddens:oricorio",
		"#cobblemonraiddens:togedemaru",
		"#cobblemonraiddens:tapukoko",
		"#cobblemonraiddens:toxel",
		"#cobblemonraiddens:toxtricity",
		"#cobblemonraiddens:morpeko",
		"#cobblemonraiddens:dracozolt",
		"#cobblemonraiddens:arctozolt",
		"#cobblemonraiddens:pawmo",
		"#cobblemonraiddens:pawmot",
		"#cobblemonraiddens:wattrel",
		"#cobblemonraiddens:kilowattrel",
		"#cobblemonraiddens:sandyshocks",
		"#cobblemonraiddens:miraidon",
		"#cobblemonraiddens:ragingbolt"
	],                        
    "exclude": [],
    "additions": { 
        "den": [                                 
        "cobblemonraiddens:raid_den/electricarena"
    ]
    },
    "replace": true                       // whether the additions should edit the targeted raid boss or add a variant
}