{
  "format_version": "1.12.0",
  "minecraft:geometry": [
    {
      "description": {
        "identifier": "geometry.unknown",
        "texture_width": 64,
        "texture_height": 64,
        "visible_bounds_width": 4,
        "visible_bounds_height": 2.5,
        "visible_bounds_offset": [
          0,
          0.75,
          0
        ]
      },
      "bones": [
        {
          "name": "arctibax",
          "pivot": [
            0,
            0,
            0
          ]
        },
        {
          "name": "body",
          "parent": "arctibax",
          "pivot": [
            0,
            0,
            0
          ]
        },
        {
          "name": "torso",
          "parent": "body",
          "pivot": [
            0,
            7,
            1
          ],
          "cubes": [
            {
              "origin": [
                -3,
                1,
                4
              ],
              "size": [
                6,
                6,
                6
              ],
              "pivot": [
                0,
                0,
                0
              ],
              "rotation": [
                45,
                0,
                0
              ],
              "uv": [
                0,
                13
              ]
            },
            {
              "origin": [
                -3,
                5.15,
                -7
              ],
              "size": [
                6,
                7,
                6
              ],
              "inflate": -0.01,
              "pivot": [
                0,
                0,
                0
              ],
              "rotation": [
                -15,
                0,
                0
              ],
              "uv": [
                0,
                0
              ]
            }
          ]
        },
        {
          "name": "neck",
          "parent": "torso",
          "pivot": [
            0,
            9,
            -4
          ],
          "cubes": [
            {
              "origin": [
                -2.5,
                1.75,
                -14.25
              ],
              "size": [
                5,
                5,
                6
              ],
              "inflate": 0.01,
              "pivot": [
                0,
                1,
                0
              ],
              "rotation": [
                -45,
                0,
                0
              ],
              "uv": [
                18,
                19
              ]
            }
          ]
        },
        {
          "name": "head",
          "parent": "neck",
          "pivot": [
            0,
            13,
            -7
          ],
          "cubes": [
            {
              "origin": [
                -2.5,
                10.2,
                -11
              ],
              "size": [
                5,
                5,
                5
              ],
              "uv": [
                30,
                30
              ]
            },
            {
              "origin": [
                -10,
                10.8,
                -10
              ],
              "size": [
                5,
                2,
                5
              ],
              "inflate": 0.01,
              "pivot": [
                0,
                0,
                0
              ],
              "rotation": [
                0,
                -45,
                0
              ],
              "uv": [
                24,
                0
              ]
            },
            {
              "origin": [
                5.6,
                10.2,
                -9.6
              ],
              "size": [
                4,
                5,
                4
              ],
              "inflate": -0.01,
              "pivot": [
                0,
                0,
                0
              ],
              "rotation": [
                0,
                45,
                0
              ],
              "uv": [
                36,
                14
              ]
            },
            {
              "origin": [
                9.6,
                12.2,
                -7.6
              ],
              "size": [
                0,
                2,
                2
              ],
              "pivot": [
                0,
                0,
                0
              ],
              "rotation": [
                0,
                45,
                0
              ],
              "uv": [
                24,
                0
              ]
            },
            {
              "origin": [
                -9.6,
                12.2,
                -7.6
              ],
              "size": [
                0,
                2,
                2
              ],
              "pivot": [
                0,
                0,
                0
              ],
              "rotation": [
                0,
                -45,
                0
              ],
              "uv": [
                18,
                0
              ]
            },
            {
              "origin": [
                9.6,
                13,
                -7.2
              ],
              "size": [
                0,
                1,
                1
              ],
              "inflate": 0.01,
              "pivot": [
                0,
                0,
                0
              ],
              "rotation": [
                0,
                45,
                0
              ],
              "uv": [
                4,
                12
              ]
            },
            {
              "origin": [
                -9.6,
                13,
                -7.2
              ],
              "size": [
                0,
                1,
                1
              ],
              "inflate": 0.01,
              "pivot": [
                0,
                0,
                0
              ],
              "rotation": [
                0,
                -45,
                0
              ],
              "uv": [
                4,
                12
              ],
              "mirror": true
            }
          ]
        },
        {
          "name": "jaw",
          "parent": "head",
          "pivot": [
            0,
            11,
            -12
          ],
          "cubes": [
            {
              "origin": [
                0,
                7.8,
                -13.5
              ],
              "size": [
                0,
                2,
                3
              ],
              "uv": [
                10,
                30
              ]
            },
            {
              "origin": [
                -10,
                9.8,
                -10
              ],
              "size": [
                3,
                1,
                3
              ],
              "pivot": [
                0,
                0,
                0
              ],
              "rotation": [
                0,
                -45,
                0
              ],
              "uv": [
                45,
                29
              ]
            }
          ]
        },
        {
          "name": "bone4",
          "parent": "head",
          "pivot": [
            8,
            0,
            -8
          ],
          "rotation": [
            0,
            45,
            0
          ],
          "cubes": [
            {
              "origin": [
                16.4,
                7.55,
                -18
              ],
              "size": [
                2,
                2,
                1
              ],
              "inflate": -0.01,
              "pivot": [
                8,
                0,
                -8
              ],
              "rotation": [
                0,
                0,
                -60
              ],
              "uv": [
                48,
                13
              ]
            }
          ]
        },
        {
          "name": "bone9",
          "parent": "head",
          "pivot": [
            0,
            0,
            0
          ],
          "rotation": [
            0,
            45,
            0
          ],
          "cubes": [
            {
              "origin": [
                8.7,
                15,
                -3.8
              ],
              "size": [
                1,
                1,
                2
              ],
              "inflate": -0.01,
              "pivot": [
                0,
                0,
                0
              ],
              "rotation": [
                15,
                0,
                0
              ],
              "uv": [
                32,
                46
              ]
            },
            {
              "origin": [
                8.7,
                15,
                -3.55
              ],
              "size": [
                1,
                1,
                2
              ],
              "inflate": -0.02,
              "pivot": [
                0,
                0,
                0
              ],
              "rotation": [
                15,
                0,
                0
              ],
              "uv": [
                45,
                0
              ]
            }
          ]
        },
        {
          "name": "bone10",
          "parent": "head",
          "pivot": [
            0,
            0,
            0
          ],
          "rotation": [
            0,
            -45,
            0
          ],
          "cubes": [
            {
              "origin": [
                -9.7,
                15,
                -3.8
              ],
              "size": [
                1,
                1,
                2
              ],
              "inflate": -0.01,
              "pivot": [
                0,
                0,
                0
              ],
              "rotation": [
                15,
                0,
                0
              ],
              "uv": [
                24,
                40
              ]
            },
            {
              "origin": [
                -9.7,
                15,
                -3.55
              ],
              "size": [
                1,
                1,
                2
              ],
              "inflate": -0.02,
              "pivot": [
                0,
                0,
                0
              ],
              "rotation": [
                15,
                0,
                0
              ],
              "uv": [
                39,
                0
              ]
            }
          ]
        },
        {
          "name": "bone3",
          "parent": "head",
          "pivot": [
            -8,
            0,
            -8
          ],
          "rotation": [
            0,
            -45,
            0
          ],
          "cubes": [
            {
              "origin": [
                -18.4,
                7.55,
                -18
              ],
              "size": [
                2,
                2,
                1
              ],
              "inflate": -0.01,
              "pivot": [
                -8,
                0,
                -8
              ],
              "rotation": [
                0,
                0,
                60
              ],
              "uv": [
                48,
                46
              ]
            }
          ]
        },
        {
          "name": "bone5",
          "parent": "head",
          "pivot": [
            8,
            0,
            -8
          ],
          "rotation": [
            0,
            45,
            0
          ]
        },
        {
          "name": "tail",
          "parent": "torso",
          "pivot": [
            0,
            9,
            4
          ],
          "cubes": [
            {
              "origin": [
                -2.5,
                6.4,
                4
              ],
              "size": [
                5,
                5,
                6
              ],
              "inflate": -0.01,
              "pivot": [
                0,
                0,
                0
              ],
              "rotation": [
                10,
                0,
                0
              ],
              "uv": [
                18,
                7
              ]
            }
          ]
        },
        {
          "name": "tail2",
          "parent": "tail",
          "pivot": [
            0,
            10,
            8
          ],
          "cubes": [
            {
              "origin": [
                -2,
                7.8,
                7
              ],
              "size": [
                4,
                4,
                6
              ],
              "inflate": -0.01,
              "pivot": [
                0,
                0,
                0
              ],
              "rotation": [
                5,
                0,
                0
              ],
              "uv": [
                10,
                30
              ]
            }
          ]
        },
        {
          "name": "tail3",
          "parent": "tail2",
          "pivot": [
            0,
            11,
            12
          ],
          "cubes": [
            {
              "origin": [
                -1.5,
                9.4,
                12
              ],
              "size": [
                3,
                3,
                4
              ],
              "inflate": -0.01,
              "uv": [
                14,
                40
              ]
            }
          ]
        },
        {
          "name": "tail4",
          "parent": "tail3",
          "pivot": [
            0,
            11,
            16
          ],
          "cubes": [
            {
              "origin": [
                -1,
                11,
                14
              ],
              "size": [
                2,
                2,
                4
              ],
              "inflate": -0.01,
              "pivot": [
                0,
                0,
                0
              ],
              "rotation": [
                -5,
                0,
                0
              ],
              "uv": [
                44,
                40
              ]
            }
          ]
        },
        {
          "name": "tail5",
          "parent": "tail4",
          "pivot": [
            0,
            10,
            19
          ],
          "cubes": [
            {
              "origin": [
                -0.5,
                13,
                14
              ],
              "size": [
                1,
                1,
                4
              ],
              "inflate": -0.01,
              "pivot": [
                0,
                0,
                0
              ],
              "rotation": [
                -10,
                0,
                0
              ],
              "uv": [
                18,
                0
              ]
            }
          ]
        },
        {
          "name": "bone17",
          "parent": "torso",
          "pivot": [
            0,
            0,
            0
          ],
          "cubes": [
            {
              "origin": [
                0,
                3.5,
                6.5
              ],
              "size": [
                0,
                8,
                8
              ],
              "inflate": -0.01,
              "pivot": [
                0,
                0,
                0
              ],
              "rotation": [
                45,
                0,
                0
              ],
              "uv": [
                0,
                17
              ]
            },
            {
              "origin": [
                -0.5,
                13,
                1.15
              ],
              "size": [
                1,
                5,
                2
              ],
              "inflate": 0.01,
              "uv": [
                10,
                46
              ]
            },
            {
              "origin": [
                -0.5,
                5,
                8
              ],
              "size": [
                1,
                4,
                4
              ],
              "pivot": [
                0,
                0,
                0
              ],
              "rotation": [
                45,
                0,
                0
              ],
              "uv": [
                38,
                42
              ]
            },
            {
              "origin": [
                0,
                17,
                1.15
              ],
              "size": [
                0,
                2,
                2
              ],
              "uv": [
                4,
                32
              ]
            },
            {
              "origin": [
                -0.5,
                11,
                -6.85
              ],
              "size": [
                1,
                4,
                1
              ],
              "inflate": 0.01,
              "pivot": [
                0,
                0,
                0
              ],
              "rotation": [
                -45,
                0,
                0
              ],
              "uv": [
                40,
                23
              ]
            },
            {
              "origin": [
                -0.5,
                8,
                9.15
              ],
              "size": [
                1,
                4,
                1
              ],
              "inflate": 0.01,
              "pivot": [
                0,
                0,
                0
              ],
              "rotation": [
                45,
                0,
                0
              ],
              "uv": [
                0,
                34
              ]
            },
            {
              "origin": [
                0,
                19,
                1.65
              ],
              "size": [
                0,
                1,
                1
              ],
              "uv": [
                0,
                0
              ]
            },
            {
              "origin": [
                0,
                9,
                9.15
              ],
              "size": [
                0,
                4,
                1
              ],
              "inflate": 0.01,
              "pivot": [
                0,
                0,
                0
              ],
              "rotation": [
                45,
                0,
                0
              ],
              "uv": [
                14,
                39
              ]
            },
            {
              "origin": [
                0,
                12,
                -6.85
              ],
              "size": [
                0,
                4,
                1
              ],
              "inflate": 0.01,
              "pivot": [
                0,
                0,
                0
              ],
              "rotation": [
                -45,
                0,
                0
              ],
              "uv": [
                16,
                39
              ]
            }
          ]
        },
        {
          "name": "arm_left",
          "parent": "torso",
          "pivot": [
            2,
            8,
            -4
          ],
          "cubes": [
            {
              "origin": [
                8,
                -5.5,
                -5
              ],
              "size": [
                1,
                3,
                2
              ],
              "inflate": -0.02,
              "pivot": [
                0,
                0,
                1
              ],
              "rotation": [
                0,
                0,
                -90
              ],
              "uv": [
                16,
                47
              ]
            }
          ]
        },
        {
          "name": "arm_left2",
          "parent": "arm_left",
          "pivot": [
            5,
            8.5,
            -4
          ],
          "cubes": [
            {
              "origin": [
                8,
                -8.48,
                -5
              ],
              "size": [
                1,
                3,
                2
              ],
              "inflate": -0.01,
              "pivot": [
                0,
                0,
                1
              ],
              "rotation": [
                0,
                0,
                -90
              ],
              "uv": [
                34,
                7
              ]
            },
            {
              "origin": [
                -9,
                3.52,
                -7.5
              ],
              "size": [
                0,
                5,
                1
              ],
              "pivot": [
                0,
                0,
                1
              ],
              "rotation": [
                -30,
                0,
                90
              ],
              "uv": [
                30,
                39
              ]
            },
            {
              "origin": [
                9,
                -13.48,
                -0.5
              ],
              "size": [
                0,
                5,
                1
              ],
              "pivot": [
                0,
                0,
                1
              ],
              "rotation": [
                -30,
                0,
                -90
              ],
              "uv": [
                37,
                39
              ]
            },
            {
              "origin": [
                8,
                -9.48,
                -4
              ],
              "size": [
                1,
                3,
                0
              ],
              "inflate": -0.01,
              "pivot": [
                0,
                0,
                1
              ],
              "rotation": [
                0,
                0,
                -90
              ],
              "uv": [
                0,
                46
              ]
            },
            {
              "origin": [
                8,
                -9.48,
                -3.25
              ],
              "size": [
                1,
                3,
                0
              ],
              "inflate": -0.01,
              "pivot": [
                0,
                0,
                1
              ],
              "rotation": [
                0,
                0,
                -90
              ],
              "uv": [
                7,
                46
              ]
            },
            {
              "origin": [
                8,
                -9.48,
                -4.75
              ],
              "size": [
                1,
                3,
                0
              ],
              "inflate": -0.01,
              "pivot": [
                0,
                0,
                1
              ],
              "rotation": [
                0,
                0,
                -90
              ],
              "uv": [
                46,
                40
              ]
            }
          ]
        },
        {
          "name": "arm_right",
          "parent": "torso",
          "pivot": [
            -2,
            8,
            -4
          ],
          "cubes": [
            {
              "origin": [
                -9,
                -5.5,
                -5
              ],
              "size": [
                1,
                3,
                2
              ],
              "inflate": -0.02,
              "pivot": [
                0,
                0,
                1
              ],
              "rotation": [
                0,
                0,
                90
              ],
              "uv": [
                16,
                47
              ],
              "mirror": true
            }
          ]
        },
        {
          "name": "arm_right2",
          "parent": "arm_right",
          "pivot": [
            -5,
            8.5,
            -4
          ],
          "cubes": [
            {
              "origin": [
                -9,
                -8.48,
                -5
              ],
              "size": [
                1,
                3,
                2
              ],
              "inflate": -0.01,
              "pivot": [
                0,
                0,
                1
              ],
              "rotation": [
                0,
                0,
                90
              ],
              "uv": [
                34,
                7
              ],
              "mirror": true
            },
            {
              "origin": [
                9,
                3.52,
                -7.5
              ],
              "size": [
                0,
                5,
                1
              ],
              "pivot": [
                0,
                0,
                1
              ],
              "rotation": [
                -30,
                0,
                -90
              ],
              "uv": [
                30,
                39
              ],
              "mirror": true
            },
            {
              "origin": [
                -9,
                -13.48,
                -0.5
              ],
              "size": [
                0,
                5,
                1
              ],
              "pivot": [
                0,
                0,
                1
              ],
              "rotation": [
                -30,
                0,
                90
              ],
              "uv": [
                37,
                39
              ],
              "mirror": true
            },
            {
              "origin": [
                -9,
                -9.48,
                -4
              ],
              "size": [
                1,
                3,
                0
              ],
              "inflate": -0.01,
              "pivot": [
                0,
                0,
                1
              ],
              "rotation": [
                0,
                0,
                90
              ],
              "uv": [
                0,
                46
              ],
              "mirror": true
            },
            {
              "origin": [
                -9,
                -9.48,
                -3.25
              ],
              "size": [
                1,
                3,
                0
              ],
              "inflate": -0.01,
              "pivot": [
                0,
                0,
                1
              ],
              "rotation": [
                0,
                0,
                90
              ],
              "uv": [
                7,
                46
              ],
              "mirror": true
            },
            {
              "origin": [
                -9,
                -9.48,
                -4.75
              ],
              "size": [
                1,
                3,
                0
              ],
              "inflate": -0.01,
              "pivot": [
                0,
                0,
                1
              ],
              "rotation": [
                0,
                0,
                90
              ],
              "uv": [
                46,
                40
              ],
              "mirror": true
            }
          ]
        },
        {
          "name": "leg_left",
          "parent": "body",
          "pivot": [
            3,
            7,
            2
          ],
          "rotation": [
            0,
            -15,
            0
          ],
          "cubes": [
            {
              "origin": [
                1.60102,
                3.5,
                -3.82843
              ],
              "size": [
                3,
                6,
                4
              ],
              "pivot": [
                -1.89898,
                0,
                -0.82843
              ],
              "rotation": [
                -30,
                0,
                0
              ],
              "uv": [
                40,
                3
              ]
            }
          ]
        },
        {
          "name": "leg_left2",
          "parent": "leg_left",
          "pivot": [
            3.10102,
            4,
            1.17157
          ],
          "cubes": [
            {
              "origin": [
                2.10102,
                -0.1,
                0.27157
              ],
              "size": [
                2,
                5,
                3
              ],
              "inflate": -0.01,
              "pivot": [
                -1.89898,
                0,
                -0.82843
              ],
              "rotation": [
                15,
                0,
                0
              ],
              "uv": [
                25,
                46
              ]
            }
          ]
        },
        {
          "name": "foot_left",
          "parent": "leg_left2",
          "pivot": [
            3.10102,
            1,
            2.17157
          ],
          "cubes": [
            {
              "origin": [
                2.10102,
                0,
                -1.82843
              ],
              "size": [
                2,
                1,
                5
              ],
              "uv": [
                28,
                40
              ]
            },
            {
              "origin": [
                3.10102,
                0,
                -3.32843
              ],
              "size": [
                0,
                1,
                5
              ],
              "uv": [
                24,
                27
              ]
            },
            {
              "origin": [
                3.85102,
                0,
                -3.32843
              ],
              "size": [
                0,
                1,
                5
              ],
              "uv": [
                24,
                28
              ]
            },
            {
              "origin": [
                2.35102,
                0,
                -3.32843
              ],
              "size": [
                0,
                1,
                5
              ],
              "uv": [
                0,
                28
              ]
            }
          ]
        },
        {
          "name": "leg_right",
          "parent": "body",
          "pivot": [
            -3,
            7,
            2
          ],
          "rotation": [
            0,
            15,
            0
          ],
          "cubes": [
            {
              "origin": [
                -4.60102,
                3.5,
                -3.82843
              ],
              "size": [
                3,
                6,
                4
              ],
              "pivot": [
                1.89898,
                0,
                -0.82843
              ],
              "rotation": [
                -30,
                0,
                0
              ],
              "uv": [
                40,
                3
              ],
              "mirror": true
            }
          ]
        },
        {
          "name": "leg_right2",
          "parent": "leg_right",
          "pivot": [
            -3.10102,
            4,
            1.17157
          ],
          "cubes": [
            {
              "origin": [
                -4.10102,
                -0.1,
                0.27157
              ],
              "size": [
                2,
                5,
                3
              ],
              "inflate": -0.01,
              "pivot": [
                1.89898,
                0,
                -0.82843
              ],
              "rotation": [
                15,
                0,
                0
              ],
              "uv": [
                25,
                46
              ],
              "mirror": true
            }
          ]
        },
        {
          "name": "foot_right",
          "parent": "leg_right2",
          "pivot": [
            -3.10102,
            1,
            2.17157
          ],
          "cubes": [
            {
              "origin": [
                -4.10102,
                0,
                -1.82843
              ],
              "size": [
                2,
                1,
                5
              ],
              "uv": [
                28,
                40
              ],
              "mirror": true
            },
            {
              "origin": [
                -3.10102,
                0,
                -3.32843
              ],
              "size": [
                0,
                1,
                5
              ],
              "uv": [
                24,
                27
              ],
              "mirror": true
            },
            {
              "origin": [
                -3.85102,
                0,
                -3.32843
              ],
              "size": [
                0,
                1,
                5
              ],
              "uv": [
                24,
                28
              ],
              "mirror": true
            },
            {
              "origin": [
                -2.35102,
                0,
                -3.32843
              ],
              "size": [
                0,
                1,
                5
              ],
              "uv": [
                0,
                28
              ],
              "mirror": true
            }
          ]
        }
      ]
    }
  ]
}