{
  "format_version": "1.12.0",
  "minecraft:geometry": [
    {
      "description": {
        "identifier": "geometry.unknown",
        "texture_width": 128,
        "texture_height": 128,
        "visible_bounds_width": 6,
        "visible_bounds_height": 3.5,
        "visible_bounds_offset": [
          0,
          1.25,
          0
        ]
      },
      "bones": [
        {
          "name": "screamtail",
          "pivot": [
            0,
            0,
            0
          ]
        },
        {
          "name": "body",
          "parent": "screamtail",
          "pivot": [
            0,
            4.5,
            1.5
          ]
        },
        {
          "name": "shake",
          "parent": "body",
          "pivot": [
            0,
            4.5,
            1.5
          ]
        },
        {
          "name": "head",
          "parent": "shake",
          "pivot": [
            0,
            4.5,
            1.5
          ],
          "cubes": [
            {
              "origin": [
                -10.5,
                3,
                -9
              ],
              "size": [
                21,
                21,
                21
              ],
              "uv": [
                0,
                0
              ]
            }
          ]
        },
        {
          "name": "mouth",
          "parent": "head",
          "pivot": [
            0,
            -3.5,
            0
          ]
        },
        {
          "name": "mouth_scream",
          "parent": "mouth",
          "pivot": [
            0,
            -3.5,
            0.1
          ],
          "cubes": [
            {
              "origin": [
                -1.8,
                12.6,
                -8.925
              ],
              "size": [
                1,
                1,
                0
              ],
              "inflate": 0.01,
              "pivot": [
                -1.3,
                13.1,
                -8.925
              ],
              "rotation": [
                0,
                0,
                -45
              ],
              "uv": [
                38,
                66
              ]
            },
            {
              "origin": [
                0.8,
                12.6,
                -8.925
              ],
              "size": [
                1,
                1,
                0
              ],
              "inflate": 0.01,
              "pivot": [
                1.3,
                13.1,
                -8.925
              ],
              "rotation": [
                0,
                0,
                45
              ],
              "uv": [
                38,
                66
              ],
              "mirror": true
            },
            {
              "origin": [
                -5,
                4.1,
                -8.925
              ],
              "size": [
                10,
                10,
                0
              ],
              "uv": [
                56,
                86
              ]
            },
            {
              "origin": [
                -5,
                13.1,
                -8.925
              ],
              "size": [
                10,
                1,
                0
              ],
              "inflate": 0.02,
              "uv": [
                76,
                55
              ]
            }
          ]
        },
        {
          "name": "mouth_angwy",
          "parent": "mouth",
          "pivot": [
            0,
            -3.5,
            0.175
          ],
          "cubes": [
            {
              "origin": [
                -2.275,
                9.5,
                -8.85
              ],
              "size": [
                1,
                1,
                0
              ],
              "inflate": 0.01,
              "uv": [
                28,
                107
              ]
            },
            {
              "origin": [
                1.275,
                9.5,
                -8.85
              ],
              "size": [
                1,
                1,
                0
              ],
              "inflate": 0.01,
              "uv": [
                28,
                107
              ],
              "mirror": true
            },
            {
              "origin": [
                -1.875,
                9.4,
                -8.85
              ],
              "size": [
                1,
                1,
                0
              ],
              "pivot": [
                -1.375,
                9.9,
                -8.85
              ],
              "rotation": [
                0,
                0,
                45
              ],
              "uv": [
                28,
                106
              ]
            },
            {
              "origin": [
                0.875,
                9.4,
                -8.85
              ],
              "size": [
                1,
                1,
                0
              ],
              "pivot": [
                1.375,
                9.9,
                -8.85
              ],
              "rotation": [
                0,
                0,
                -45
              ],
              "uv": [
                28,
                106
              ],
              "mirror": true
            },
            {
              "origin": [
                -1.5,
                9.875,
                -8.85
              ],
              "size": [
                3,
                1,
                0
              ],
              "inflate": 0.02,
              "uv": [
                94,
                105
              ],
              "mirror": true
            }
          ]
        },
        {
          "name": "mouth_smile",
          "parent": "mouth",
          "pivot": [
            0,
            -3.5,
            0
          ],
          "cubes": [
            {
              "origin": [
                -2.2,
                9.5,
                -9.025
              ],
              "size": [
                1,
                1,
                0
              ],
              "inflate": 0.01,
              "uv": [
                38,
                62
              ]
            },
            {
              "origin": [
                1,
                9,
                -9.025
              ],
              "size": [
                1,
                1,
                0
              ],
              "pivot": [
                1.5,
                9.5,
                -9.025
              ],
              "rotation": [
                0,
                0,
                -45
              ],
              "uv": [
                38,
                65
              ]
            },
            {
              "origin": [
                1.2,
                9.5,
                -9.025
              ],
              "size": [
                1,
                1,
                0
              ],
              "inflate": 0.01,
              "uv": [
                38,
                64
              ]
            },
            {
              "origin": [
                -2,
                9,
                -9.025
              ],
              "size": [
                1,
                1,
                0
              ],
              "pivot": [
                -1.5,
                9.5,
                -9.025
              ],
              "rotation": [
                0,
                0,
                45
              ],
              "uv": [
                38,
                63
              ]
            },
            {
              "origin": [
                -1.5,
                9.1,
                -9.025
              ],
              "size": [
                3,
                1,
                0
              ],
              "inflate": 0.02,
              "uv": [
                84,
                41
              ]
            }
          ]
        },
        {
          "name": "eyelid",
          "parent": "head",
          "pivot": [
            7.5,
            12.5,
            -9.075
          ]
        },
        {
          "name": "eyelid_blink",
          "parent": "eyelid",
          "pivot": [
            4.375,
            16,
            -8.75
          ],
          "cubes": [
            {
              "origin": [
                2.5,
                9.5,
                -8.925
              ],
              "size": [
                7,
                7,
                0
              ],
              "inflate": 0.01,
              "uv": [
                28,
                108
              ]
            },
            {
              "origin": [
                -9.5,
                9.5,
                -8.925
              ],
              "size": [
                7,
                7,
                0
              ],
              "inflate": 0.01,
              "uv": [
                28,
                108
              ],
              "mirror": true
            }
          ]
        },
        {
          "name": "eyelid_angry",
          "parent": "eyelid",
          "pivot": [
            4.375,
            17,
            -8.95
          ]
        },
        {
          "name": "lid_left",
          "parent": "eyelid_angry",
          "pivot": [
            4.375,
            17,
            -8.95
          ],
          "cubes": [
            {
              "origin": [
                1.875,
                16.15,
                -8.95
              ],
              "size": [
                8,
                3,
                0
              ],
              "inflate": 0.01,
              "pivot": [
                6.375,
                17.65,
                -8.95
              ],
              "rotation": [
                0,
                0,
                -20
              ],
              "uv": [
                76,
                56
              ]
            }
          ]
        },
        {
          "name": "lid_right",
          "parent": "lid_left",
          "pivot": [
            -4.375,
            17,
            -8.95
          ],
          "cubes": [
            {
              "origin": [
                -9.875,
                16.15,
                -8.95
              ],
              "size": [
                8,
                3,
                0
              ],
              "inflate": 0.01,
              "pivot": [
                -6.375,
                17.65,
                -8.95
              ],
              "rotation": [
                0,
                0,
                20
              ],
              "uv": [
                92,
                56
              ]
            }
          ]
        },
        {
          "name": "eye",
          "parent": "head",
          "pivot": [
            7.5,
            12.5,
            -9.075
          ]
        },
        {
          "name": "eye_squint",
          "parent": "eye",
          "pivot": [
            0,
            0,
            0.15
          ],
          "cubes": [
            {
              "origin": [
                -11.05,
                9.75,
                -8.9
              ],
              "size": [
                4,
                2,
                0
              ],
              "inflate": 0.04,
              "uv": [
                100,
                84
              ]
            },
            {
              "origin": [
                7.05,
                9.75,
                -8.9
              ],
              "size": [
                4,
                2,
                0
              ],
              "inflate": 0.04,
              "uv": [
                24,
                84
              ]
            }
          ]
        },
        {
          "name": "eye_right2",
          "parent": "eye_squint",
          "pivot": [
            -7.5,
            12.5,
            -8.925
          ],
          "cubes": [
            {
              "origin": [
                -9.5,
                10.5,
                -8.95
              ],
              "size": [
                7,
                7,
                0
              ],
              "inflate": 0.01,
              "uv": [
                0,
                97
              ]
            }
          ]
        },
        {
          "name": "iris_right2",
          "parent": "eye_right2",
          "pivot": [
            -7.25,
            12.5,
            -8.925
          ]
        },
        {
          "name": "pupil_right2",
          "parent": "iris_right2",
          "pivot": [
            -7.25,
            13.25,
            -8.995
          ]
        },
        {
          "name": "right_tear2",
          "parent": "eye_right2",
          "pivot": [
            -8.75,
            10.25,
            -8.825
          ],
          "cubes": [
            {
              "origin": [
                -10.425,
                9.75,
                -8.825
              ],
              "size": [
                4,
                2,
                0
              ],
              "inflate": 0.04,
              "uv": [
                40,
                101
              ]
            }
          ]
        },
        {
          "name": "eye_left2",
          "parent": "eye_squint",
          "pivot": [
            7.5,
            12.5,
            -8.925
          ],
          "cubes": [
            {
              "origin": [
                2.5,
                10.5,
                -8.95
              ],
              "size": [
                7,
                7,
                0
              ],
              "inflate": 0.01,
              "uv": [
                14,
                97
              ]
            }
          ]
        },
        {
          "name": "iris_left2",
          "parent": "eye_left2",
          "pivot": [
            7.25,
            12.5,
            -8.925
          ]
        },
        {
          "name": "pupil_left2",
          "parent": "iris_left2",
          "pivot": [
            7.25,
            13.25,
            -8.995
          ]
        },
        {
          "name": "left_tear2",
          "parent": "eye_left2",
          "pivot": [
            8.75,
            10.25,
            -8.825
          ],
          "cubes": [
            {
              "origin": [
                6.425,
                9.75,
                -8.825
              ],
              "size": [
                4,
                2,
                0
              ],
              "inflate": 0.04,
              "uv": [
                48,
                101
              ]
            }
          ]
        },
        {
          "name": "eye_up_for_scream",
          "parent": "eye",
          "pivot": [
            -7.5,
            14.5,
            -8.925
          ]
        },
        {
          "name": "eye_right3",
          "parent": "eye_up_for_scream",
          "pivot": [
            -7.5,
            14.5,
            -8.925
          ],
          "cubes": [
            {
              "origin": [
                -9.5,
                12.5,
                -8.95
              ],
              "size": [
                7,
                7,
                0
              ],
              "inflate": 0.01,
              "uv": [
                70,
                96
              ]
            },
            {
              "origin": [
                -10.06217,
                18.04579,
                -8.925
              ],
              "size": [
                3,
                2,
                0
              ],
              "inflate": 0.03,
              "pivot": [
                -8.56217,
                19.04579,
                -8.925
              ],
              "rotation": [
                0,
                0,
                32.5
              ],
              "uv": [
                40,
                103
              ],
              "mirror": true
            },
            {
              "origin": [
                -8.75,
                16.85,
                -8.925
              ],
              "size": [
                5,
                3,
                0
              ],
              "inflate": 0.01,
              "pivot": [
                -5.75,
                17.85,
                -8.925
              ],
              "rotation": [
                0,
                0,
                7.5
              ],
              "uv": [
                100,
                72
              ],
              "mirror": true
            }
          ]
        },
        {
          "name": "iris_right3",
          "parent": "eye_right3",
          "pivot": [
            -7.25,
            14.5,
            -8.925
          ],
          "cubes": [
            {
              "origin": [
                -8.75,
                13,
                -8.95
              ],
              "size": [
                6,
                6,
                0
              ],
              "inflate": 0.02,
              "uv": [
                100,
                34
              ]
            }
          ]
        },
        {
          "name": "pupil_right3",
          "parent": "iris_right3",
          "pivot": [
            -7.25,
            15.25,
            -8.995
          ],
          "cubes": [
            {
              "origin": [
                -6.075,
                16.4,
                -8.95
              ],
              "size": [
                2,
                2,
                1
              ],
              "inflate": 0.03,
              "uv": [
                34,
                103
              ]
            }
          ]
        },
        {
          "name": "right_tear3",
          "parent": "eye_right3",
          "pivot": [
            -8.75,
            12.25,
            -8.825
          ],
          "cubes": [
            {
              "origin": [
                -10.425,
                11.75,
                -8.825
              ],
              "size": [
                4,
                2,
                0
              ],
              "inflate": 0.04,
              "uv": [
                100,
                84
              ]
            }
          ]
        },
        {
          "name": "eye_left3",
          "parent": "eye_up_for_scream",
          "pivot": [
            7.5,
            14.5,
            -8.925
          ],
          "cubes": [
            {
              "origin": [
                2.5,
                12.5,
                -8.95
              ],
              "size": [
                7,
                7,
                0
              ],
              "inflate": 0.01,
              "uv": [
                56,
                96
              ]
            },
            {
              "origin": [
                7.06217,
                18.04579,
                -8.925
              ],
              "size": [
                3,
                2,
                0
              ],
              "inflate": 0.03,
              "pivot": [
                8.56217,
                19.04579,
                -8.925
              ],
              "rotation": [
                0,
                0,
                -32.5
              ],
              "uv": [
                40,
                103
              ]
            },
            {
              "origin": [
                3.75,
                16.85,
                -8.925
              ],
              "size": [
                5,
                3,
                0
              ],
              "inflate": 0.01,
              "pivot": [
                5.75,
                17.85,
                -8.925
              ],
              "rotation": [
                0,
                0,
                -7.5
              ],
              "uv": [
                100,
                72
              ]
            }
          ]
        },
        {
          "name": "iris_left3",
          "parent": "eye_left3",
          "pivot": [
            7.25,
            14.5,
            -8.925
          ],
          "cubes": [
            {
              "origin": [
                2.75,
                13,
                -8.95
              ],
              "size": [
                6,
                6,
                0
              ],
              "inflate": 0.02,
              "uv": [
                28,
                97
              ]
            }
          ]
        },
        {
          "name": "pupil_left3",
          "parent": "iris_left3",
          "pivot": [
            7.25,
            15.25,
            -8.995
          ],
          "cubes": [
            {
              "origin": [
                4.075,
                16.4,
                -8.95
              ],
              "size": [
                2,
                2,
                1
              ],
              "inflate": 0.03,
              "uv": [
                28,
                103
              ]
            }
          ]
        },
        {
          "name": "left_tear3",
          "parent": "eye_left3",
          "pivot": [
            8.75,
            12.25,
            -8.825
          ],
          "cubes": [
            {
              "origin": [
                6.425,
                11.75,
                -8.825
              ],
              "size": [
                4,
                2,
                0
              ],
              "inflate": 0.04,
              "uv": [
                24,
                84
              ]
            }
          ]
        },
        {
          "name": "eye_default",
          "parent": "eye",
          "pivot": [
            -7.5,
            12.5,
            -9.075
          ]
        },
        {
          "name": "eye_right",
          "parent": "eye_default",
          "pivot": [
            -7.5,
            12.5,
            -9.075
          ],
          "cubes": [
            {
              "origin": [
                -9.5,
                10.5,
                -9.1
              ],
              "size": [
                7,
                7,
                0
              ],
              "inflate": 0.01,
              "uv": [
                70,
                96
              ]
            },
            {
              "origin": [
                -10.93717,
                16.57079,
                -9.075
              ],
              "size": [
                3,
                1,
                0
              ],
              "inflate": 0.02,
              "pivot": [
                -9.43717,
                17.57079,
                -9.075
              ],
              "rotation": [
                0,
                0,
                32.5
              ],
              "uv": [
                40,
                103
              ],
              "mirror": true
            },
            {
              "origin": [
                -10.06217,
                16.04579,
                -9.075
              ],
              "size": [
                3,
                2,
                0
              ],
              "pivot": [
                -8.56217,
                17.04579,
                -9.075
              ],
              "rotation": [
                0,
                0,
                32.5
              ],
              "uv": [
                40,
                105
              ],
              "mirror": true
            },
            {
              "origin": [
                -8.75,
                14.85,
                -9.075
              ],
              "size": [
                5,
                3,
                0
              ],
              "inflate": 0.01,
              "pivot": [
                -5.75,
                15.85,
                -9.075
              ],
              "rotation": [
                0,
                0,
                7.5
              ],
              "uv": [
                100,
                72
              ],
              "mirror": true
            }
          ]
        },
        {
          "name": "iris_right",
          "parent": "eye_right",
          "pivot": [
            -7.25,
            12.5,
            -9.075
          ],
          "cubes": [
            {
              "origin": [
                -8.75,
                11,
                -9.1
              ],
              "size": [
                6,
                6,
                0
              ],
              "inflate": 0.02,
              "uv": [
                100,
                34
              ]
            }
          ]
        },
        {
          "name": "pupil_right",
          "parent": "iris_right",
          "pivot": [
            -7.25,
            13.25,
            -9.145
          ],
          "cubes": [
            {
              "origin": [
                -6.075,
                14.4,
                -9.1
              ],
              "size": [
                2,
                2,
                1
              ],
              "inflate": 0.03,
              "uv": [
                34,
                103
              ]
            }
          ]
        },
        {
          "name": "right_tear",
          "parent": "eye_right",
          "pivot": [
            -8.75,
            10.25,
            -8.975
          ],
          "cubes": [
            {
              "origin": [
                -11.05,
                9.75,
                -8.975
              ],
              "size": [
                4,
                2,
                0
              ],
              "inflate": 0.04,
              "uv": [
                100,
                84
              ]
            }
          ]
        },
        {
          "name": "eye_left",
          "parent": "eye_default",
          "pivot": [
            7.5,
            12.5,
            -9.075
          ],
          "cubes": [
            {
              "origin": [
                2.5,
                10.5,
                -9.1
              ],
              "size": [
                7,
                7,
                0
              ],
              "inflate": 0.01,
              "uv": [
                56,
                96
              ]
            },
            {
              "origin": [
                7.06217,
                16.04579,
                -9.075
              ],
              "size": [
                3,
                2,
                0
              ],
              "pivot": [
                8.56217,
                17.04579,
                -9.075
              ],
              "rotation": [
                0,
                0,
                -32.5
              ],
              "uv": [
                40,
                105
              ]
            },
            {
              "origin": [
                7.93717,
                16.57079,
                -9.075
              ],
              "size": [
                3,
                1,
                0
              ],
              "inflate": 0.02,
              "pivot": [
                9.43717,
                17.57079,
                -9.075
              ],
              "rotation": [
                0,
                0,
                -32.5
              ],
              "uv": [
                40,
                103
              ]
            },
            {
              "origin": [
                3.75,
                14.85,
                -9.075
              ],
              "size": [
                5,
                3,
                0
              ],
              "inflate": 0.01,
              "pivot": [
                5.75,
                15.85,
                -9.075
              ],
              "rotation": [
                0,
                0,
                -7.5
              ],
              "uv": [
                100,
                72
              ]
            }
          ]
        },
        {
          "name": "iris_left",
          "parent": "eye_left",
          "pivot": [
            7.25,
            12.5,
            -9.075
          ],
          "cubes": [
            {
              "origin": [
                2.75,
                11,
                -9.1
              ],
              "size": [
                6,
                6,
                0
              ],
              "inflate": 0.02,
              "uv": [
                28,
                97
              ]
            }
          ]
        },
        {
          "name": "pupil_left",
          "parent": "iris_left",
          "pivot": [
            7.25,
            13.25,
            -9.145
          ],
          "cubes": [
            {
              "origin": [
                4.075,
                14.4,
                -9.1
              ],
              "size": [
                2,
                2,
                1
              ],
              "inflate": 0.03,
              "uv": [
                28,
                103
              ]
            }
          ]
        },
        {
          "name": "left_tear",
          "parent": "eye_left",
          "pivot": [
            8.75,
            10.25,
            -8.975
          ],
          "cubes": [
            {
              "origin": [
                7.05,
                9.75,
                -8.975
              ],
              "size": [
                4,
                2,
                0
              ],
              "inflate": 0.04,
              "uv": [
                24,
                84
              ]
            }
          ]
        },
        {
          "name": "tuft",
          "parent": "head",
          "pivot": [
            0.75,
            24.25,
            -2.5
          ],
          "cubes": [
            {
              "origin": [
                -5,
                24,
                -6.975
              ],
              "size": [
                10,
                6,
                6
              ],
              "inflate": 0.01,
              "uv": [
                74,
                60
              ]
            }
          ]
        },
        {
          "name": "tuft2",
          "parent": "tuft",
          "pivot": [
            0,
            30.00214,
            -5.46914
          ],
          "cubes": [
            {
              "origin": [
                -4,
                22.00214,
                -5.46914
              ],
              "size": [
                8,
                8,
                10
              ],
              "inflate": 0.01,
              "pivot": [
                0,
                30.00214,
                -5.46914
              ],
              "rotation": [
                23,
                0,
                0
              ],
              "uv": [
                40,
                42
              ]
            }
          ]
        },
        {
          "name": "tuft3",
          "parent": "tuft2",
          "pivot": [
            0,
            34.08248,
            3.48783
          ],
          "cubes": [
            {
              "origin": [
                -4,
                25.95249,
                3.44917
              ],
              "size": [
                8,
                8,
                12
              ],
              "pivot": [
                0,
                32.87749,
                3.44917
              ],
              "rotation": [
                -17.5,
                0,
                0
              ],
              "uv": [
                0,
                42
              ]
            }
          ]
        },
        {
          "name": "tuft4",
          "parent": "tuft3",
          "pivot": [
            0.00833,
            29.29026,
            14.79525
          ],
          "cubes": [
            {
              "origin": [
                -3,
                22.42749,
                15.12417
              ],
              "size": [
                6,
                7,
                11
              ],
              "inflate": 0.01,
              "pivot": [
                0,
                29.62749,
                14.87417
              ],
              "rotation": [
                -57.5,
                0,
                0
              ],
              "uv": [
                40,
                60
              ]
            }
          ]
        },
        {
          "name": "bone2",
          "parent": "tuft4",
          "pivot": [
            0,
            23.44818,
            16.92451
          ],
          "cubes": [
            {
              "origin": [
                -0.5,
                22.10249,
                16.19917
              ],
              "size": [
                1,
                5,
                2
              ],
              "inflate": 0.01,
              "pivot": [
                0.5,
                23.60249,
                17.19917
              ],
              "rotation": [
                -94.75,
                0,
                0
              ],
              "uv": [
                32,
                62
              ]
            },
            {
              "origin": [
                -0.5,
                22.57749,
                19.99917
              ],
              "size": [
                1,
                2,
                2
              ],
              "inflate": 0.02,
              "pivot": [
                0.5,
                24.07749,
                20.99917
              ],
              "rotation": [
                22.5,
                0,
                0
              ],
              "uv": [
                32,
                74
              ]
            }
          ]
        },
        {
          "name": "bone",
          "parent": "tuft4",
          "pivot": [
            0,
            26.00571,
            16.4936
          ],
          "rotation": [
            -12.5,
            0,
            0
          ],
          "cubes": [
            {
              "origin": [
                -1,
                25.15249,
                15.69917
              ],
              "size": [
                2,
                4,
                3
              ],
              "inflate": 0.01,
              "pivot": [
                1,
                26.65249,
                16.69917
              ],
              "rotation": [
                -57.25,
                0,
                0
              ],
              "uv": [
                84,
                96
              ]
            },
            {
              "origin": [
                -1,
                27.10707,
                17.91293
              ],
              "size": [
                2,
                3,
                3
              ],
              "pivot": [
                1,
                28.60707,
                18.91293
              ],
              "rotation": [
                -29.75,
                0,
                0
              ],
              "uv": [
                100,
                40
              ]
            }
          ]
        },
        {
          "name": "tuft5",
          "parent": "tuft4",
          "pivot": [
            0.00625,
            19.64094,
            15.64289
          ],
          "cubes": [
            {
              "origin": [
                -2.5,
                18.24128,
                14.49587
              ],
              "size": [
                5,
                6,
                11
              ],
              "inflate": 0.01,
              "pivot": [
                1.5,
                19.74128,
                14.49587
              ],
              "rotation": [
                -82.5,
                0,
                0
              ],
              "uv": [
                0,
                62
              ]
            }
          ]
        },
        {
          "name": "bone3",
          "parent": "tuft5",
          "pivot": [
            -0.5,
            14.49128,
            18.82087
          ],
          "cubes": [
            {
              "origin": [
                -0.5,
                13.64128,
                19.99587
              ],
              "size": [
                1,
                3,
                2
              ],
              "inflate": 0.01,
              "pivot": [
                -0.5,
                15.14128,
                19.99587
              ],
              "rotation": [
                -82.5,
                0,
                0
              ],
              "uv": [
                32,
                69
              ]
            },
            {
              "origin": [
                -0.5,
                12.99128,
                20.82087
              ],
              "size": [
                1,
                2,
                2
              ],
              "pivot": [
                -0.5,
                14.49128,
                20.82087
              ],
              "rotation": [
                40,
                0,
                0
              ],
              "uv": [
                18,
                93
              ]
            }
          ]
        },
        {
          "name": "tuft6",
          "parent": "tuft5",
          "pivot": [
            0,
            9.00934,
            14.33313
          ],
          "cubes": [
            {
              "origin": [
                -2.5,
                8.74387,
                14.5972
              ],
              "size": [
                5,
                6,
                8
              ],
              "pivot": [
                1.5,
                8.90459,
                14.35182
              ],
              "rotation": [
                -32.5,
                0,
                0
              ],
              "uv": [
                74,
                72
              ]
            }
          ]
        },
        {
          "name": "tuft7",
          "parent": "tuft6",
          "pivot": [
            0,
            4.54489,
            20.9752
          ],
          "rotation": [
            10,
            0,
            0
          ],
          "cubes": [
            {
              "origin": [
                -2,
                4.37784,
                21.22251
              ],
              "size": [
                4,
                5,
                8
              ],
              "pivot": [
                0,
                4.35284,
                21.22251
              ],
              "rotation": [
                -10,
                0,
                0
              ],
              "uv": [
                76,
                42
              ]
            }
          ]
        },
        {
          "name": "tuft8",
          "parent": "tuft7",
          "pivot": [
            0.0125,
            13.11498,
            44.86431
          ]
        },
        {
          "name": "bone4",
          "parent": "tuft8",
          "pivot": [
            0,
            3.03415,
            29.10477
          ],
          "rotation": [
            27.5,
            0,
            0
          ],
          "cubes": [
            {
              "origin": [
                -1.5,
                2.99553,
                29.10749
              ],
              "size": [
                3,
                4,
                6
              ],
              "inflate": 0.01,
              "uv": [
                76,
                86
              ]
            },
            {
              "origin": [
                -1.5,
                2.97569,
                32.24194
              ],
              "size": [
                3,
                4,
                6
              ],
              "pivot": [
                0,
                5.78415,
                33.67977
              ],
              "rotation": [
                54,
                0,
                0
              ],
              "uv": [
                24,
                87
              ]
            },
            {
              "origin": [
                -1.5,
                5.47569,
                32.71694
              ],
              "size": [
                3,
                5,
                5
              ],
              "inflate": 0.225,
              "pivot": [
                0,
                8.28415,
                34.15477
              ],
              "rotation": [
                35,
                0,
                0
              ],
              "uv": [
                94,
                95
              ]
            }
          ]
        },
        {
          "name": "arm_right",
          "parent": "head",
          "pivot": [
            -11.5,
            8,
            -7.05
          ],
          "cubes": [
            {
              "origin": [
                -12.45,
                7,
                -10.05
              ],
              "size": [
                4,
                4,
                5
              ],
              "inflate": 0.01,
              "uv": [
                94,
                86
              ]
            }
          ]
        },
        {
          "name": "arm_right2",
          "parent": "arm_right",
          "pivot": [
            -12.45,
            9,
            -10.05
          ],
          "cubes": [
            {
              "origin": [
                -12.45,
                7,
                -13.05
              ],
              "size": [
                4,
                4,
                3
              ],
              "uv": [
                42,
                94
              ]
            }
          ]
        },
        {
          "name": "arm_left",
          "parent": "head",
          "pivot": [
            11.5,
            8,
            -7.05
          ],
          "cubes": [
            {
              "origin": [
                8.45,
                7,
                -10.05
              ],
              "size": [
                4,
                4,
                5
              ],
              "inflate": 0.01,
              "uv": [
                0,
                88
              ]
            }
          ]
        },
        {
          "name": "arm_left2",
          "parent": "arm_left",
          "pivot": [
            12.45,
            9,
            -10.05
          ],
          "cubes": [
            {
              "origin": [
                8.45,
                7,
                -13.05
              ],
              "size": [
                4,
                4,
                3
              ],
              "uv": [
                42,
                87
              ]
            }
          ]
        },
        {
          "name": "ear_left",
          "parent": "head",
          "pivot": [
            7.64,
            21.01,
            -2.99
          ],
          "rotation": [
            0,
            0,
            35
          ]
        },
        {
          "name": "hair_l",
          "parent": "ear_left",
          "pivot": [
            10.74,
            20.635,
            -2.99
          ],
          "rotation": [
            0,
            0,
            42.5
          ],
          "cubes": [
            {
              "origin": [
                9.20896,
                20.49774,
                -2.99
              ],
              "size": [
                3,
                5,
                0
              ],
              "inflate": 0.01,
              "uv": [
                24,
                79
              ]
            }
          ]
        },
        {
          "name": "ear_left2",
          "parent": "ear_left",
          "pivot": [
            7.64,
            21.01,
            -4.12125
          ],
          "cubes": [
            {
              "origin": [
                5.14,
                24.51,
                -4.99
              ],
              "size": [
                5,
                4,
                3
              ],
              "uv": [
                84,
                34
              ]
            },
            {
              "origin": [
                4.14,
                21.01,
                -4.99
              ],
              "size": [
                7,
                5,
                4
              ],
              "inflate": 0.01,
              "uv": [
                84,
                9
              ]
            },
            {
              "origin": [
                6.14,
                26.01,
                -4.99
              ],
              "size": [
                3,
                1,
                0
              ],
              "inflate": 0.01,
              "uv": [
                82,
                59
              ]
            },
            {
              "origin": [
                5.14,
                21.01,
                -5.015
              ],
              "size": [
                5,
                5,
                0
              ],
              "uv": [
                100,
                51
              ]
            }
          ]
        },
        {
          "name": "ear_right",
          "parent": "head",
          "pivot": [
            -7.64,
            21.01,
            -2.99
          ],
          "rotation": [
            0,
            0,
            -35
          ]
        },
        {
          "name": "hair_l2",
          "parent": "ear_right",
          "pivot": [
            -10.74,
            20.635,
            -2.99
          ],
          "rotation": [
            0,
            0,
            -42.5
          ],
          "cubes": [
            {
              "origin": [
                -12.20896,
                20.49774,
                -2.99
              ],
              "size": [
                3,
                5,
                0
              ],
              "inflate": 0.01,
              "uv": [
                18,
                88
              ]
            }
          ]
        },
        {
          "name": "ear_right2",
          "parent": "ear_right",
          "pivot": [
            -7.64,
            21.01,
            -4.12125
          ],
          "cubes": [
            {
              "origin": [
                -10.14,
                24.51,
                -4.99
              ],
              "size": [
                5,
                4,
                3
              ],
              "uv": [
                56,
                78
              ]
            },
            {
              "origin": [
                -11.14,
                21.01,
                -4.99
              ],
              "size": [
                7,
                5,
                4
              ],
              "inflate": 0.01,
              "uv": [
                84,
                0
              ]
            },
            {
              "origin": [
                -9.14,
                26.01,
                -4.99
              ],
              "size": [
                3,
                1,
                0
              ],
              "inflate": 0.01,
              "uv": [
                76,
                59
              ]
            },
            {
              "origin": [
                -10.14,
                21.01,
                -5.015
              ],
              "size": [
                5,
                5,
                0
              ],
              "uv": [
                100,
                46
              ]
            }
          ]
        },
        {
          "name": "leg",
          "parent": "body",
          "pivot": [
            0,
            0,
            0
          ]
        },
        {
          "name": "foot_right",
          "parent": "leg",
          "pivot": [
            -5.5,
            2.5,
            2.5
          ],
          "rotation": [
            0,
            12.5,
            0
          ],
          "cubes": [
            {
              "origin": [
                -8.5,
                0,
                -0.5
              ],
              "size": [
                6,
                3,
                5
              ],
              "uv": [
                84,
                26
              ]
            }
          ]
        },
        {
          "name": "foot_right2",
          "parent": "foot_right",
          "pivot": [
            -5.55,
            0,
            -0.475
          ],
          "cubes": [
            {
              "origin": [
                -8.5,
                0,
                -6.5
              ],
              "size": [
                6,
                3,
                6
              ],
              "inflate": 0.02,
              "uv": [
                0,
                79
              ]
            }
          ]
        },
        {
          "name": "foot_left",
          "parent": "leg",
          "pivot": [
            5.5,
            2.5,
            2.5
          ],
          "rotation": [
            0,
            -12.5,
            0
          ],
          "cubes": [
            {
              "origin": [
                2.5,
                0,
                -0.5
              ],
              "size": [
                6,
                3,
                5
              ],
              "uv": [
                84,
                18
              ]
            }
          ]
        },
        {
          "name": "foot_left2",
          "parent": "foot_left",
          "pivot": [
            5.55,
            0,
            -0.475
          ],
          "cubes": [
            {
              "origin": [
                2.5,
                0,
                -6.5
              ],
              "size": [
                6,
                3,
                6
              ],
              "inflate": 0.02,
              "uv": [
                32,
                78
              ]
            }
          ]
        }
      ]
    }
  ]
}