{
  "format_version": "1.12.0",
  "minecraft:geometry": [
    {
      "description": {
        "identifier": "geometry.oranguru",
        "texture_width": 128,
        "texture_height": 128,
        "visible_bounds_width": 5,
        "visible_bounds_height": 3.5,
        "visible_bounds_offset": [
          0,
          1.25,
          0
        ]
      },
      "bones": [
        {
          "name": "oranguru",
          "pivot": [
            0,
            0,
            0
          ]
        },
        {
          "name": "body",
          "parent": "oranguru",
          "pivot": [
            0,
            8,
            0
          ],
          "cubes": [
            {
              "origin": [
                -6,
                7,
                -4
              ],
              "size": [
                12,
                9,
                8
              ],
              "uv": [
                0,
                0
              ]
            }
          ]
        },
        {
          "name": "upperbody",
          "parent": "body",
          "pivot": [
            0,
            16,
            1.5
          ],
          "cubes": [
            {
              "origin": [
                -5.5,
                15,
                -3.5
              ],
              "size": [
                11,
                8,
                7
              ],
              "uv": [
                0,
                17
              ]
            },
            {
              "origin": [
                -5,
                22,
                -2.8
              ],
              "size": [
                10,
                2,
                6
              ],
              "pivot": [
                0,
                23.5,
                0.2
              ],
              "rotation": [
                15,
                0,
                0
              ],
              "uv": [
                20,
                81
              ]
            },
            {
              "origin": [
                -2,
                18,
                -4.5
              ],
              "size": [
                4,
                4,
                2
              ],
              "uv": [
                72,
                67
              ]
            },
            {
              "origin": [
                2,
                17,
                -4.2
              ],
              "size": [
                2,
                5,
                0
              ],
              "pivot": [
                2,
                20,
                -4.2
              ],
              "rotation": [
                0,
                -10,
                0
              ],
              "uv": [
                48,
                77
              ]
            },
            {
              "origin": [
                -4,
                17,
                -4.2
              ],
              "size": [
                2,
                5,
                0
              ],
              "pivot": [
                -2,
                20,
                -4.2
              ],
              "rotation": [
                0,
                10,
                0
              ],
              "uv": [
                52,
                77
              ]
            },
            {
              "origin": [
                -2,
                16,
                -4.2
              ],
              "size": [
                4,
                2,
                0
              ],
              "uv": [
                36,
                30
              ]
            }
          ]
        },
        {
          "name": "fluff41",
          "parent": "upperbody",
          "pivot": [
            -2.5,
            23,
            3.5
          ],
          "rotation": [
            5,
            0,
            0
          ],
          "cubes": [
            {
              "origin": [
                -4.5,
                18,
                3.5
              ],
              "size": [
                3,
                5,
                0
              ],
              "uv": [
                17,
                56
              ]
            }
          ]
        },
        {
          "name": "fluff42",
          "parent": "fluff41",
          "pivot": [
            -2,
            18,
            3.5
          ],
          "rotation": [
            0,
            0,
            20
          ],
          "cubes": [
            {
              "origin": [
                -4.5,
                14,
                3.5
              ],
              "size": [
                3,
                4,
                0
              ],
              "uv": [
                56,
                83
              ]
            }
          ]
        },
        {
          "name": "fluff54",
          "parent": "fluff42",
          "pivot": [
            -3,
            14,
            3.5
          ],
          "rotation": [
            0,
            0,
            -20
          ],
          "cubes": [
            {
              "origin": [
                -4.5,
                10,
                3.5
              ],
              "size": [
                3,
                4,
                0
              ],
              "uv": [
                30,
                69
              ]
            }
          ]
        },
        {
          "name": "fluff43",
          "parent": "upperbody",
          "pivot": [
            -0.5,
            23,
            3.5
          ],
          "rotation": [
            7.5,
            0,
            0
          ],
          "cubes": [
            {
              "origin": [
                -2,
                18,
                3.5
              ],
              "size": [
                4,
                5,
                0
              ],
              "uv": [
                26,
                89
              ]
            }
          ]
        },
        {
          "name": "fluff44",
          "parent": "fluff43",
          "pivot": [
            0,
            18,
            3.5
          ],
          "cubes": [
            {
              "origin": [
                -1.5,
                14,
                3.5
              ],
              "size": [
                3,
                4,
                0
              ],
              "uv": [
                61,
                89
              ]
            }
          ]
        },
        {
          "name": "fluff45",
          "parent": "fluff44",
          "pivot": [
            0,
            14,
            3.5
          ],
          "cubes": [
            {
              "origin": [
                -1.5,
                10,
                3.5
              ],
              "size": [
                3,
                4,
                0
              ],
              "uv": [
                42,
                77
              ]
            }
          ]
        },
        {
          "name": "fluff37",
          "parent": "upperbody",
          "pivot": [
            2.5,
            23,
            3.5
          ],
          "rotation": [
            5,
            0,
            0
          ],
          "cubes": [
            {
              "origin": [
                1.5,
                18,
                3.5
              ],
              "size": [
                3,
                5,
                0
              ],
              "uv": [
                17,
                56
              ],
              "mirror": true
            }
          ]
        },
        {
          "name": "fluff38",
          "parent": "fluff37",
          "pivot": [
            2,
            18,
            3.5
          ],
          "rotation": [
            0,
            0,
            -20
          ],
          "cubes": [
            {
              "origin": [
                1.5,
                14,
                3.5
              ],
              "size": [
                3,
                4,
                0
              ],
              "uv": [
                56,
                83
              ],
              "mirror": true
            }
          ]
        },
        {
          "name": "fluff39",
          "parent": "fluff38",
          "pivot": [
            3,
            14,
            3.5
          ],
          "rotation": [
            0,
            0,
            20
          ],
          "cubes": [
            {
              "origin": [
                1.5,
                10,
                3.5
              ],
              "size": [
                3,
                4,
                0
              ],
              "uv": [
                30,
                69
              ],
              "mirror": true
            }
          ]
        },
        {
          "name": "fluff34",
          "parent": "upperbody",
          "pivot": [
            4.5,
            23,
            -3.5
          ],
          "rotation": [
            -5,
            0,
            0
          ],
          "cubes": [
            {
              "origin": [
                3.5,
                20,
                -3.5
              ],
              "size": [
                3,
                3,
                0
              ],
              "uv": [
                68,
                80
              ]
            }
          ]
        },
        {
          "name": "fluff35",
          "parent": "fluff34",
          "pivot": [
            4,
            20,
            -3.5
          ],
          "rotation": [
            0,
            0,
            -20
          ],
          "cubes": [
            {
              "origin": [
                3.5,
                17,
                -3.5
              ],
              "size": [
                2,
                3,
                0
              ],
              "uv": [
                16,
                81
              ]
            }
          ]
        },
        {
          "name": "fluff36",
          "parent": "fluff35",
          "pivot": [
            5,
            17,
            -3.5
          ],
          "rotation": [
            0,
            0,
            20
          ],
          "cubes": [
            {
              "origin": [
                3.5,
                13,
                -3.5
              ],
              "size": [
                2,
                4,
                0
              ],
              "uv": [
                72,
                80
              ]
            }
          ]
        },
        {
          "name": "fluff31",
          "parent": "upperbody",
          "pivot": [
            -4.5,
            23,
            -3.5
          ],
          "rotation": [
            -5,
            0,
            0
          ],
          "cubes": [
            {
              "origin": [
                -5.5,
                20,
                -3.5
              ],
              "size": [
                2,
                3,
                0
              ],
              "uv": [
                60,
                80
              ]
            }
          ]
        },
        {
          "name": "fluff32",
          "parent": "fluff31",
          "pivot": [
            -4,
            20,
            -3.5
          ],
          "rotation": [
            0,
            0,
            20
          ],
          "cubes": [
            {
              "origin": [
                -5.5,
                17,
                -3.5
              ],
              "size": [
                2,
                3,
                0
              ],
              "uv": [
                12,
                81
              ]
            }
          ]
        },
        {
          "name": "fluff33",
          "parent": "fluff32",
          "pivot": [
            -5,
            17,
            -3.5
          ],
          "rotation": [
            0,
            0,
            -20
          ],
          "cubes": [
            {
              "origin": [
                -5.5,
                13,
                -3.5
              ],
              "size": [
                2,
                4,
                0
              ],
              "uv": [
                64,
                80
              ]
            }
          ]
        },
        {
          "name": "fluff_right",
          "parent": "upperbody",
          "pivot": [
            -5.5,
            23,
            -0.5
          ],
          "rotation": [
            0,
            0,
            -25
          ],
          "cubes": [
            {
              "origin": [
                -8.5,
                23,
                -3.5
              ],
              "size": [
                3,
                0,
                7
              ],
              "uv": [
                62,
                0
              ]
            }
          ]
        },
        {
          "name": "fluff5",
          "parent": "fluff_right",
          "pivot": [
            -7.5,
            23,
            -3.5
          ],
          "rotation": [
            -2.5,
            0,
            10
          ],
          "cubes": [
            {
              "origin": [
                -9,
                19,
                -3.5
              ],
              "size": [
                3,
                4,
                0
              ],
              "uv": [
                64,
                85
              ]
            },
            {
              "origin": [
                -8,
                19,
                -3.5011
              ],
              "size": [
                1,
                2,
                0
              ],
              "uv": [
                112,
                76
              ]
            }
          ]
        },
        {
          "name": "fluff6",
          "parent": "fluff5",
          "pivot": [
            -7,
            19,
            -3.5
          ],
          "rotation": [
            -7.5,
            0,
            35
          ],
          "cubes": [
            {
              "origin": [
                -8.5,
                16,
                -3.5005
              ],
              "size": [
                2,
                3,
                0
              ],
              "uv": [
                49,
                32
              ]
            },
            {
              "origin": [
                -8,
                16,
                -3.502
              ],
              "size": [
                1,
                3,
                0
              ],
              "uv": [
                112,
                60
              ]
            }
          ]
        },
        {
          "name": "fluff7",
          "parent": "fluff6",
          "pivot": [
            -7.5,
            16,
            -3.5
          ],
          "rotation": [
            0,
            0,
            -10
          ],
          "cubes": [
            {
              "origin": [
                -8.5,
                12,
                -3.5
              ],
              "size": [
                2,
                4,
                0
              ],
              "uv": [
                72,
                84
              ]
            },
            {
              "origin": [
                -8,
                11,
                -3.502
              ],
              "size": [
                1,
                5,
                0
              ],
              "uv": [
                112,
                52
              ]
            }
          ]
        },
        {
          "name": "fluff8",
          "parent": "fluff_right",
          "pivot": [
            -6.5,
            23,
            3.5
          ],
          "rotation": [
            2.5,
            0,
            10
          ],
          "cubes": [
            {
              "origin": [
                -8,
                19,
                3.5
              ],
              "size": [
                3,
                4,
                0
              ],
              "uv": [
                64,
                85
              ]
            },
            {
              "origin": [
                -7,
                19,
                3.501
              ],
              "size": [
                1,
                2,
                0
              ],
              "uv": [
                112,
                76
              ]
            }
          ]
        },
        {
          "name": "fluff9",
          "parent": "fluff8",
          "pivot": [
            -6,
            19,
            3.5
          ],
          "rotation": [
            7.5,
            0,
            35
          ],
          "cubes": [
            {
              "origin": [
                -7.5,
                16,
                3.5005
              ],
              "size": [
                2,
                3,
                0
              ],
              "uv": [
                49,
                32
              ]
            },
            {
              "origin": [
                -7,
                16,
                3.501
              ],
              "size": [
                1,
                3,
                0
              ],
              "uv": [
                112,
                60
              ]
            }
          ]
        },
        {
          "name": "fluff10",
          "parent": "fluff9",
          "pivot": [
            -6.5,
            16,
            3.5
          ],
          "rotation": [
            0,
            0,
            -10
          ],
          "cubes": [
            {
              "origin": [
                -7.5,
                12,
                3.5
              ],
              "size": [
                2,
                4,
                0
              ],
              "uv": [
                72,
                84
              ]
            },
            {
              "origin": [
                -7,
                11,
                3.501
              ],
              "size": [
                1,
                5,
                0
              ],
              "uv": [
                114,
                51
              ]
            }
          ]
        },
        {
          "name": "fluff11",
          "parent": "fluff_right",
          "pivot": [
            -8.5,
            23,
            2.5
          ],
          "rotation": [
            -45,
            90,
            0
          ],
          "cubes": [
            {
              "origin": [
                -9.5,
                20,
                2.5
              ],
              "size": [
                2,
                3,
                0
              ],
              "uv": [
                28,
                78
              ]
            },
            {
              "origin": [
                -9,
                20,
                2.49
              ],
              "size": [
                1,
                1,
                0
              ],
              "uv": [
                114,
                73
              ]
            }
          ]
        },
        {
          "name": "fluff12",
          "parent": "fluff11",
          "pivot": [
            -8,
            20,
            2.5
          ],
          "rotation": [
            0,
            20,
            30
          ],
          "cubes": [
            {
              "origin": [
                -9.5,
                17,
                2.5
              ],
              "size": [
                2,
                3,
                0
              ],
              "uv": [
                12,
                84
              ]
            },
            {
              "origin": [
                -9,
                17,
                2.49
              ],
              "size": [
                1,
                3,
                0
              ],
              "uv": [
                114,
                60
              ]
            }
          ]
        },
        {
          "name": "fluff13",
          "parent": "fluff12",
          "pivot": [
            -8.5,
            17,
            2.5
          ],
          "rotation": [
            0,
            20,
            -10
          ],
          "cubes": [
            {
              "origin": [
                -9.5,
                14,
                2.5
              ],
              "size": [
                2,
                3,
                0
              ],
              "uv": [
                32,
                78
              ]
            },
            {
              "origin": [
                -9,
                13,
                2.49
              ],
              "size": [
                1,
                4,
                0
              ],
              "uv": [
                114,
                56
              ]
            }
          ]
        },
        {
          "name": "fluff14",
          "parent": "fluff_right",
          "pivot": [
            -8.5,
            23,
            0
          ],
          "rotation": [
            55,
            -90,
            0
          ],
          "cubes": [
            {
              "origin": [
                -10,
                19,
                0
              ],
              "size": [
                3,
                4,
                0
              ],
              "uv": [
                20,
                89
              ]
            },
            {
              "origin": [
                -9,
                19,
                0.01
              ],
              "size": [
                1,
                2,
                0
              ],
              "uv": [
                114,
                76
              ]
            }
          ]
        },
        {
          "name": "fluff15",
          "parent": "fluff14",
          "pivot": [
            -8.5,
            19,
            0
          ],
          "cubes": [
            {
              "origin": [
                -9.5,
                17,
                0
              ],
              "size": [
                2,
                2,
                0
              ],
              "uv": [
                82,
                47
              ]
            },
            {
              "origin": [
                -9,
                17,
                0.01
              ],
              "size": [
                1,
                2,
                0
              ],
              "uv": [
                114,
                66
              ]
            }
          ]
        },
        {
          "name": "fluff28",
          "parent": "fluff15",
          "pivot": [
            -8.5,
            17,
            0
          ],
          "rotation": [
            10,
            0,
            0
          ],
          "cubes": [
            {
              "origin": [
                -9.5,
                13,
                0
              ],
              "size": [
                2,
                4,
                0
              ],
              "uv": [
                82,
                42
              ]
            },
            {
              "origin": [
                -9,
                14,
                0.01
              ],
              "size": [
                1,
                3,
                0
              ],
              "uv": [
                114,
                63
              ]
            }
          ]
        },
        {
          "name": "fluff29",
          "parent": "fluff_right",
          "pivot": [
            -8.5,
            23,
            -2.5
          ],
          "rotation": [
            45,
            -90,
            0
          ],
          "cubes": [
            {
              "origin": [
                -9.5,
                20,
                -2.5
              ],
              "size": [
                2,
                3,
                0
              ],
              "uv": [
                28,
                78
              ]
            },
            {
              "origin": [
                -9,
                20,
                -2.49
              ],
              "size": [
                1,
                1,
                0
              ],
              "uv": [
                114,
                75
              ]
            }
          ]
        },
        {
          "name": "fluff30",
          "parent": "fluff29",
          "pivot": [
            -8,
            20,
            -2.5
          ],
          "rotation": [
            0,
            -20,
            30
          ],
          "cubes": [
            {
              "origin": [
                -9.5,
                17,
                -2.5
              ],
              "size": [
                2,
                3,
                0
              ],
              "uv": [
                12,
                84
              ]
            },
            {
              "origin": [
                -9,
                17,
                -2.49
              ],
              "size": [
                1,
                3,
                0
              ],
              "uv": [
                116,
                60
              ]
            }
          ]
        },
        {
          "name": "fluff40",
          "parent": "fluff30",
          "pivot": [
            -8.5,
            17,
            -2.5
          ],
          "rotation": [
            0,
            -20,
            -10
          ],
          "cubes": [
            {
              "origin": [
                -9.5,
                14,
                -2.5
              ],
              "size": [
                2,
                3,
                0
              ],
              "uv": [
                32,
                78
              ]
            },
            {
              "origin": [
                -9,
                13,
                -2.49
              ],
              "size": [
                1,
                4,
                0
              ],
              "uv": [
                116,
                56
              ]
            }
          ]
        },
        {
          "name": "fluff_left",
          "parent": "upperbody",
          "pivot": [
            5.5,
            23,
            -0.5
          ],
          "rotation": [
            0,
            0,
            25
          ],
          "cubes": [
            {
              "origin": [
                5.5,
                23,
                -3.5
              ],
              "size": [
                3,
                0,
                7
              ],
              "uv": [
                62,
                0
              ],
              "mirror": true
            }
          ]
        },
        {
          "name": "fluff2",
          "parent": "fluff_left",
          "pivot": [
            7.5,
            23,
            -3.5
          ],
          "rotation": [
            -2.5,
            0,
            -10
          ],
          "cubes": [
            {
              "origin": [
                6,
                19,
                -3.5
              ],
              "size": [
                3,
                4,
                0
              ],
              "uv": [
                64,
                85
              ],
              "mirror": true
            },
            {
              "origin": [
                7,
                19,
                -3.5011
              ],
              "size": [
                1,
                2,
                0
              ],
              "uv": [
                112,
                76
              ],
              "mirror": true
            }
          ]
        },
        {
          "name": "fluff3",
          "parent": "fluff2",
          "pivot": [
            7,
            19,
            -3.5
          ],
          "rotation": [
            -7.5,
            0,
            -35
          ],
          "cubes": [
            {
              "origin": [
                6.5,
                16,
                -3.5005
              ],
              "size": [
                2,
                3,
                0
              ],
              "uv": [
                49,
                32
              ],
              "mirror": true
            },
            {
              "origin": [
                7,
                16,
                -3.502
              ],
              "size": [
                1,
                3,
                0
              ],
              "uv": [
                112,
                60
              ],
              "mirror": true
            }
          ]
        },
        {
          "name": "fluff4",
          "parent": "fluff3",
          "pivot": [
            7.5,
            16,
            -3.5
          ],
          "rotation": [
            0,
            0,
            10
          ],
          "cubes": [
            {
              "origin": [
                6.5,
                12,
                -3.5
              ],
              "size": [
                2,
                4,
                0
              ],
              "uv": [
                72,
                84
              ],
              "mirror": true
            },
            {
              "origin": [
                7,
                11,
                -3.502
              ],
              "size": [
                1,
                5,
                0
              ],
              "uv": [
                112,
                52
              ],
              "mirror": true
            }
          ]
        },
        {
          "name": "fluff16",
          "parent": "fluff_left",
          "pivot": [
            6.5,
            23,
            3.5
          ],
          "rotation": [
            2.5,
            0,
            -10
          ],
          "cubes": [
            {
              "origin": [
                5,
                19,
                3.5
              ],
              "size": [
                3,
                4,
                0
              ],
              "uv": [
                64,
                85
              ],
              "mirror": true
            },
            {
              "origin": [
                6,
                19,
                3.501
              ],
              "size": [
                1,
                2,
                0
              ],
              "uv": [
                112,
                76
              ],
              "mirror": true
            }
          ]
        },
        {
          "name": "fluff17",
          "parent": "fluff16",
          "pivot": [
            6,
            19,
            3.5
          ],
          "rotation": [
            7.5,
            0,
            -35
          ],
          "cubes": [
            {
              "origin": [
                5.5,
                16,
                3.5005
              ],
              "size": [
                2,
                3,
                0
              ],
              "uv": [
                49,
                32
              ],
              "mirror": true
            },
            {
              "origin": [
                6,
                16,
                3.501
              ],
              "size": [
                1,
                3,
                0
              ],
              "uv": [
                112,
                60
              ],
              "mirror": true
            }
          ]
        },
        {
          "name": "fluff18",
          "parent": "fluff17",
          "pivot": [
            6.5,
            16,
            3.5
          ],
          "rotation": [
            0,
            0,
            10
          ],
          "cubes": [
            {
              "origin": [
                5.5,
                12,
                3.5
              ],
              "size": [
                2,
                4,
                0
              ],
              "uv": [
                72,
                84
              ],
              "mirror": true
            },
            {
              "origin": [
                6,
                11,
                3.501
              ],
              "size": [
                1,
                5,
                0
              ],
              "uv": [
                114,
                51
              ],
              "mirror": true
            }
          ]
        },
        {
          "name": "fluff19",
          "parent": "fluff_left",
          "pivot": [
            8.5,
            23,
            2.5
          ],
          "rotation": [
            -45,
            -90,
            0
          ],
          "cubes": [
            {
              "origin": [
                7.5,
                20,
                2.5
              ],
              "size": [
                2,
                3,
                0
              ],
              "uv": [
                28,
                78
              ],
              "mirror": true
            },
            {
              "origin": [
                8,
                20,
                2.49
              ],
              "size": [
                1,
                1,
                0
              ],
              "uv": [
                114,
                73
              ],
              "mirror": true
            }
          ]
        },
        {
          "name": "fluff20",
          "parent": "fluff19",
          "pivot": [
            8,
            20,
            2.5
          ],
          "rotation": [
            0,
            -20,
            -30
          ],
          "cubes": [
            {
              "origin": [
                7.5,
                17,
                2.5
              ],
              "size": [
                2,
                3,
                0
              ],
              "uv": [
                12,
                84
              ],
              "mirror": true
            },
            {
              "origin": [
                8,
                17,
                2.49
              ],
              "size": [
                1,
                3,
                0
              ],
              "uv": [
                114,
                60
              ],
              "mirror": true
            }
          ]
        },
        {
          "name": "fluff21",
          "parent": "fluff20",
          "pivot": [
            8.5,
            17,
            2.5
          ],
          "rotation": [
            0,
            -20,
            10
          ],
          "cubes": [
            {
              "origin": [
                7.5,
                14,
                2.5
              ],
              "size": [
                2,
                3,
                0
              ],
              "uv": [
                32,
                78
              ],
              "mirror": true
            },
            {
              "origin": [
                8,
                13,
                2.49
              ],
              "size": [
                1,
                4,
                0
              ],
              "uv": [
                114,
                56
              ],
              "mirror": true
            }
          ]
        },
        {
          "name": "fluff22",
          "parent": "fluff_left",
          "pivot": [
            8.5,
            23,
            0
          ],
          "rotation": [
            55,
            90,
            0
          ],
          "cubes": [
            {
              "origin": [
                7,
                19,
                0
              ],
              "size": [
                3,
                4,
                0
              ],
              "uv": [
                20,
                89
              ],
              "mirror": true
            },
            {
              "origin": [
                8,
                19,
                0.01
              ],
              "size": [
                1,
                2,
                0
              ],
              "uv": [
                114,
                76
              ],
              "mirror": true
            }
          ]
        },
        {
          "name": "fluff23",
          "parent": "fluff22",
          "pivot": [
            8.5,
            19,
            0
          ],
          "cubes": [
            {
              "origin": [
                7.5,
                17,
                0
              ],
              "size": [
                2,
                2,
                0
              ],
              "uv": [
                82,
                47
              ],
              "mirror": true
            },
            {
              "origin": [
                8,
                17,
                0.01
              ],
              "size": [
                1,
                2,
                0
              ],
              "uv": [
                114,
                66
              ],
              "mirror": true
            }
          ]
        },
        {
          "name": "fluff24",
          "parent": "fluff23",
          "pivot": [
            8.5,
            17,
            0
          ],
          "rotation": [
            10,
            0,
            0
          ],
          "cubes": [
            {
              "origin": [
                7.5,
                13,
                0
              ],
              "size": [
                2,
                4,
                0
              ],
              "uv": [
                82,
                42
              ],
              "mirror": true
            },
            {
              "origin": [
                8,
                14,
                0.01
              ],
              "size": [
                1,
                3,
                0
              ],
              "uv": [
                114,
                63
              ],
              "mirror": true
            }
          ]
        },
        {
          "name": "fluff25",
          "parent": "fluff_left",
          "pivot": [
            8.5,
            23,
            -2.5
          ],
          "rotation": [
            45,
            90,
            0
          ],
          "cubes": [
            {
              "origin": [
                7.5,
                20,
                -2.5
              ],
              "size": [
                2,
                3,
                0
              ],
              "uv": [
                28,
                78
              ],
              "mirror": true
            },
            {
              "origin": [
                8,
                20,
                -2.49
              ],
              "size": [
                1,
                1,
                0
              ],
              "uv": [
                114,
                75
              ],
              "mirror": true
            }
          ]
        },
        {
          "name": "fluff26",
          "parent": "fluff25",
          "pivot": [
            8,
            20,
            -2.5
          ],
          "rotation": [
            0,
            20,
            -30
          ],
          "cubes": [
            {
              "origin": [
                7.5,
                17,
                -2.5
              ],
              "size": [
                2,
                3,
                0
              ],
              "uv": [
                12,
                84
              ],
              "mirror": true
            },
            {
              "origin": [
                8,
                17,
                -2.49
              ],
              "size": [
                1,
                3,
                0
              ],
              "uv": [
                116,
                60
              ],
              "mirror": true
            }
          ]
        },
        {
          "name": "fluff27",
          "parent": "fluff26",
          "pivot": [
            8.5,
            17,
            -2.5
          ],
          "rotation": [
            0,
            20,
            10
          ],
          "cubes": [
            {
              "origin": [
                7.5,
                14,
                -2.5
              ],
              "size": [
                2,
                3,
                0
              ],
              "uv": [
                32,
                78
              ],
              "mirror": true
            },
            {
              "origin": [
                8,
                13,
                -2.49
              ],
              "size": [
                1,
                4,
                0
              ],
              "uv": [
                116,
                56
              ],
              "mirror": true
            }
          ]
        },
        {
          "name": "neck",
          "parent": "upperbody",
          "pivot": [
            0,
            23,
            0.5
          ],
          "rotation": [
            25,
            0,
            0
          ],
          "cubes": [
            {
              "origin": [
                -3,
                22,
                -4.5
              ],
              "size": [
                6,
                4,
                7
              ],
              "uv": [
                30,
                32
              ]
            }
          ]
        },
        {
          "name": "head",
          "parent": "neck",
          "pivot": [
            0,
            25,
            -2.5
          ],
          "rotation": [
            -25,
            0,
            0
          ],
          "cubes": [
            {
              "origin": [
                -3.5,
                24.5,
                -6
              ],
              "size": [
                7,
                7,
                8
              ],
              "uv": [
                0,
                32
              ]
            },
            {
              "origin": [
                -3,
                31.5,
                -6
              ],
              "size": [
                6,
                1,
                7
              ],
              "uv": [
                30,
                43
              ]
            },
            {
              "origin": [
                -3.5,
                29.5,
                -6.025
              ],
              "size": [
                7,
                3,
                0
              ],
              "uv": [
                0,
                96
              ]
            },
            {
              "origin": [
                -1,
                30,
                -6.026
              ],
              "size": [
                2,
                2,
                0
              ],
              "pivot": [
                0,
                31,
                -6.026
              ],
              "rotation": [
                0,
                0,
                45
              ],
              "uv": [
                0,
                99
              ]
            },
            {
              "origin": [
                2.9,
                25,
                -5.9
              ],
              "size": [
                2,
                6,
                6
              ],
              "uv": [
                1,
                84
              ]
            },
            {
              "origin": [
                -4.9,
                25,
                -5.9
              ],
              "size": [
                2,
                6,
                6
              ],
              "uv": [
                57,
                30
              ]
            },
            {
              "origin": [
                -3.5,
                25,
                -6.7
              ],
              "size": [
                7,
                2,
                2
              ],
              "uv": [
                70,
                50
              ]
            },
            {
              "origin": [
                -2,
                27,
                -6.6
              ],
              "size": [
                4,
                2,
                2
              ],
              "uv": [
                11,
                77
              ]
            },
            {
              "origin": [
                -1,
                27.3,
                -6.602
              ],
              "size": [
                2,
                1,
                0
              ],
              "uv": [
                0,
                88
              ]
            },
            {
              "origin": [
                -0.5,
                27.3,
                -6.603
              ],
              "size": [
                1,
                1,
                0
              ],
              "uv": [
                0,
                89
              ]
            }
          ]
        },
        {
          "name": "blink_right",
          "parent": "head",
          "pivot": [
            -2,
            29,
            -5
          ],
          "cubes": [
            {
              "origin": [
                -3,
                28,
                -5.01
              ],
              "size": [
                2,
                2,
                0
              ],
              "uv": [
                0,
                84
              ],
              "mirror": true
            },
            {
              "origin": [
                -2.5,
                28.7,
                -5.015
              ],
              "size": [
                1,
                1,
                0
              ],
              "uv": [
                55,
                51
              ],
              "mirror": true
            }
          ]
        },
        {
          "name": "blink_left",
          "parent": "head",
          "pivot": [
            2,
            29,
            -5
          ],
          "cubes": [
            {
              "origin": [
                1,
                28,
                -5.01
              ],
              "size": [
                2,
                2,
                0
              ],
              "uv": [
                0,
                84
              ]
            },
            {
              "origin": [
                1.5,
                28.7,
                -5.015
              ],
              "size": [
                1,
                1,
                0
              ],
              "uv": [
                55,
                51
              ]
            }
          ]
        },
        {
          "name": "eye_left",
          "parent": "head",
          "pivot": [
            2,
            29,
            -6
          ],
          "cubes": [
            {
              "origin": [
                1,
                28,
                -6.01
              ],
              "size": [
                2,
                2,
                0
              ],
              "uv": [
                4,
                81
              ]
            },
            {
              "origin": [
                1.5,
                28.7,
                -6.015
              ],
              "size": [
                1,
                1,
                0
              ],
              "uv": [
                56,
                50
              ]
            }
          ]
        },
        {
          "name": "eye_right",
          "parent": "head",
          "pivot": [
            -2,
            29,
            -6
          ],
          "cubes": [
            {
              "origin": [
                -3,
                28,
                -6.01
              ],
              "size": [
                2,
                2,
                0
              ],
              "uv": [
                8,
                81
              ]
            },
            {
              "origin": [
                -2.5,
                28.7,
                -6.015
              ],
              "size": [
                1,
                1,
                0
              ],
              "uv": [
                58,
                50
              ]
            }
          ]
        },
        {
          "name": "mouth",
          "parent": "head",
          "pivot": [
            0,
            25,
            -5
          ],
          "cubes": [
            {
              "origin": [
                -3,
                24,
                -6.5
              ],
              "size": [
                6,
                1,
                2
              ],
              "uv": [
                40,
                74
              ]
            }
          ]
        },
        {
          "name": "arm_right",
          "parent": "upperbody",
          "pivot": [
            -5,
            21.8,
            0.5
          ],
          "rotation": [
            0,
            0,
            -57.5
          ],
          "cubes": [
            {
              "origin": [
                -13,
                17.8,
                -2.5
              ],
              "size": [
                8,
                5,
                4
              ],
              "uv": [
                24,
                51
              ]
            }
          ]
        },
        {
          "name": "arm_right2",
          "parent": "arm_right",
          "pivot": [
            -13.5,
            21.4,
            0.5
          ],
          "cubes": [
            {
              "origin": [
                -20,
                18.3,
                -2.5
              ],
              "size": [
                7,
                4,
                4
              ],
              "uv": [
                58,
                13
              ]
            }
          ]
        },
        {
          "name": "rightarm_fluff",
          "parent": "arm_right2",
          "pivot": [
            -19,
            22.3,
            -0.5
          ],
          "rotation": [
            0,
            0,
            10
          ],
          "cubes": [
            {
              "origin": [
                -21,
                22.3,
                -2.5
              ],
              "size": [
                2,
                0,
                4
              ],
              "uv": [
                74,
                38
              ]
            }
          ]
        },
        {
          "name": "rightarm_fluff2",
          "parent": "arm_right2",
          "pivot": [
            -19,
            20.3,
            -2.5
          ],
          "rotation": [
            0,
            -10,
            0
          ],
          "cubes": [
            {
              "origin": [
                -21,
                21.3,
                -5.5
              ],
              "size": [
                2,
                0,
                4
              ],
              "pivot": [
                -19.5,
                21.3,
                -2.5
              ],
              "rotation": [
                90,
                0,
                0
              ],
              "uv": [
                74,
                34
              ]
            }
          ]
        },
        {
          "name": "rightarm_fluff3",
          "parent": "arm_right2",
          "pivot": [
            -19,
            20.3,
            1.5
          ],
          "rotation": [
            0,
            10,
            0
          ],
          "cubes": [
            {
              "origin": [
                -21,
                21.3,
                0.5
              ],
              "size": [
                2,
                0,
                4
              ],
              "pivot": [
                -19.5,
                21.3,
                1.5
              ],
              "rotation": [
                -90,
                0,
                0
              ],
              "uv": [
                74,
                30
              ]
            }
          ]
        },
        {
          "name": "rightarm_fluff4",
          "parent": "arm_right2",
          "pivot": [
            -19,
            18.3,
            -0.5
          ],
          "rotation": [
            0,
            0,
            -10
          ],
          "cubes": [
            {
              "origin": [
                -21,
                18.3,
                -2.5
              ],
              "size": [
                2,
                0,
                4
              ],
              "uv": [
                30,
                74
              ]
            }
          ]
        },
        {
          "name": "hand2",
          "parent": "arm_right2",
          "pivot": [
            -20,
            20.9,
            -0.5
          ],
          "cubes": [
            {
              "origin": [
                -23,
                18.3,
                -2.5
              ],
              "size": [
                3,
                4,
                4
              ],
              "uv": [
                16,
                69
              ],
              "mirror": true
            },
            {
              "origin": [
                -25.7,
                18.6,
                -2.6
              ],
              "size": [
                3,
                3,
                4
              ],
              "pivot": [
                -24.2,
                21.6,
                -0.6
              ],
              "rotation": [
                0,
                0,
                -30
              ],
              "uv": [
                14,
                94
              ]
            }
          ]
        },
        {
          "name": "fan",
          "parent": "hand2",
          "pivot": [
            -21.5,
            19.9,
            -3
          ],
          "cubes": [
            {
              "origin": [
                -23.5,
                20,
                -11
              ],
              "size": [
                3,
                0,
                9
              ],
              "uv": [
                48,
                51
              ]
            },
            {
              "origin": [
                -21.5,
                19.9,
                -10
              ],
              "size": [
                3,
                0,
                7
              ],
              "pivot": [
                -22,
                19.9,
                -6
              ],
              "rotation": [
                0,
                -12.5,
                0
              ],
              "uv": [
                36,
                60
              ]
            },
            {
              "origin": [
                -25.5,
                19.9,
                -10
              ],
              "size": [
                3,
                0,
                7
              ],
              "pivot": [
                -22,
                19.9,
                -6
              ],
              "rotation": [
                0,
                12.5,
                0
              ],
              "uv": [
                56,
                60
              ]
            }
          ]
        },
        {
          "name": "arm_left",
          "parent": "upperbody",
          "pivot": [
            5,
            21.8,
            0.5
          ],
          "rotation": [
            0,
            0,
            57.5
          ],
          "cubes": [
            {
              "origin": [
                5,
                17.8,
                -2.5
              ],
              "size": [
                8,
                5,
                4
              ],
              "uv": [
                24,
                51
              ],
              "mirror": true
            }
          ]
        },
        {
          "name": "arm_left2",
          "parent": "arm_left",
          "pivot": [
            13.5,
            21.4,
            0.5
          ],
          "cubes": [
            {
              "origin": [
                13,
                18.3,
                -2.5
              ],
              "size": [
                7,
                4,
                4
              ],
              "uv": [
                58,
                13
              ],
              "mirror": true
            }
          ]
        },
        {
          "name": "leftarm_fluff4",
          "parent": "arm_left2",
          "pivot": [
            19,
            18.3,
            -0.5
          ],
          "rotation": [
            0,
            0,
            10
          ],
          "cubes": [
            {
              "origin": [
                19,
                18.3,
                -2.5
              ],
              "size": [
                2,
                0,
                4
              ],
              "uv": [
                30,
                74
              ],
              "mirror": true
            }
          ]
        },
        {
          "name": "leftarm_fluff3",
          "parent": "arm_left2",
          "pivot": [
            19,
            20.3,
            1.5
          ],
          "rotation": [
            0,
            -10,
            0
          ],
          "cubes": [
            {
              "origin": [
                19,
                21.3,
                0.5
              ],
              "size": [
                2,
                0,
                4
              ],
              "pivot": [
                19.5,
                21.3,
                1.5
              ],
              "rotation": [
                -90,
                0,
                0
              ],
              "uv": [
                74,
                30
              ],
              "mirror": true
            }
          ]
        },
        {
          "name": "leftarm_fluff2",
          "parent": "arm_left2",
          "pivot": [
            19,
            20.3,
            -2.5
          ],
          "rotation": [
            0,
            10,
            0
          ],
          "cubes": [
            {
              "origin": [
                19,
                21.3,
                -5.5
              ],
              "size": [
                2,
                0,
                4
              ],
              "pivot": [
                19.5,
                21.3,
                -2.5
              ],
              "rotation": [
                90,
                0,
                0
              ],
              "uv": [
                74,
                34
              ],
              "mirror": true
            }
          ]
        },
        {
          "name": "leftarm_fluff",
          "parent": "arm_left2",
          "pivot": [
            19,
            22.3,
            -0.5
          ],
          "rotation": [
            0,
            0,
            -10
          ],
          "cubes": [
            {
              "origin": [
                19,
                22.3,
                -2.5
              ],
              "size": [
                2,
                0,
                4
              ],
              "uv": [
                74,
                38
              ],
              "mirror": true
            }
          ]
        },
        {
          "name": "hand",
          "parent": "arm_left2",
          "pivot": [
            20,
            20.9,
            -0.5
          ],
          "cubes": [
            {
              "origin": [
                20,
                18.3,
                -2.5
              ],
              "size": [
                3,
                4,
                4
              ],
              "uv": [
                16,
                69
              ]
            },
            {
              "origin": [
                22.7,
                18.6,
                -2.6
              ],
              "size": [
                3,
                3,
                4
              ],
              "pivot": [
                24.2,
                21.6,
                -0.6
              ],
              "rotation": [
                0,
                0,
                30
              ],
              "uv": [
                14,
                94
              ]
            }
          ]
        },
        {
          "name": "thigh_right",
          "parent": "body",
          "pivot": [
            -5,
            10,
            0
          ],
          "cubes": [
            {
              "origin": [
                -7,
                5,
                -3
              ],
              "size": [
                5,
                7,
                6
              ],
              "uv": [
                36,
                17
              ],
              "mirror": true
            }
          ]
        },
        {
          "name": "leg_right",
          "parent": "thigh_right",
          "pivot": [
            -5,
            5,
            -1
          ],
          "cubes": [
            {
              "origin": [
                -6.5,
                1,
                -2.5
              ],
              "size": [
                4,
                4,
                5
              ],
              "uv": [
                58,
                21
              ],
              "mirror": true
            }
          ]
        },
        {
          "name": "fluff53",
          "parent": "leg_right",
          "pivot": [
            -6.5,
            2.5,
            0
          ],
          "rotation": [
            0,
            0,
            10
          ],
          "cubes": [
            {
              "origin": [
                -6.5,
                0.5,
                -2.5
              ],
              "size": [
                0,
                2,
                5
              ],
              "uv": [
                96,
                49
              ],
              "mirror": true
            }
          ]
        },
        {
          "name": "fluff52",
          "parent": "leg_right",
          "pivot": [
            -2.5,
            2.5,
            0
          ],
          "rotation": [
            0,
            0,
            -10
          ],
          "cubes": [
            {
              "origin": [
                -2.5,
                0.5,
                -2.5
              ],
              "size": [
                0,
                2,
                5
              ],
              "uv": [
                96,
                47
              ]
            }
          ]
        },
        {
          "name": "fluff51",
          "parent": "leg_right",
          "pivot": [
            -4.5,
            2.5,
            2.5
          ],
          "rotation": [
            10,
            0,
            0
          ],
          "cubes": [
            {
              "origin": [
                -4.5,
                0.5,
                0.5
              ],
              "size": [
                0,
                2,
                4
              ],
              "pivot": [
                -4.5,
                0.5,
                2.5
              ],
              "rotation": [
                0,
                -90,
                0
              ],
              "uv": [
                97,
                44
              ]
            }
          ]
        },
        {
          "name": "fluff50",
          "parent": "leg_right",
          "pivot": [
            -4.5,
            3,
            -2.5
          ],
          "rotation": [
            -10,
            0,
            0
          ],
          "cubes": [
            {
              "origin": [
                -4.5,
                1,
                -4.5
              ],
              "size": [
                0,
                2,
                4
              ],
              "pivot": [
                -4.5,
                1,
                -2.5
              ],
              "rotation": [
                0,
                90,
                0
              ],
              "uv": [
                97,
                46
              ]
            }
          ]
        },
        {
          "name": "foot_right",
          "parent": "leg_right",
          "pivot": [
            -5,
            1,
            0.5
          ],
          "cubes": [
            {
              "origin": [
                -6.5,
                0,
                -3
              ],
              "size": [
                4,
                1,
                5
              ],
              "uv": [
                62,
                7
              ]
            }
          ]
        },
        {
          "name": "toes2",
          "parent": "foot_right",
          "pivot": [
            -2.5,
            1,
            0
          ],
          "rotation": [
            0,
            -7.5,
            0
          ],
          "cubes": [
            {
              "origin": [
                -3,
                -0.1,
                -4
              ],
              "size": [
                1,
                1,
                4
              ],
              "uv": [
                76,
                21
              ]
            }
          ]
        },
        {
          "name": "toes",
          "parent": "foot_right",
          "pivot": [
            -5,
            1,
            -3
          ],
          "cubes": [
            {
              "origin": [
                -6.5,
                0,
                -5
              ],
              "size": [
                4,
                1,
                2
              ],
              "uv": [
                0,
                75
              ]
            }
          ]
        },
        {
          "name": "thigh_left",
          "parent": "body",
          "pivot": [
            5,
            10,
            0
          ],
          "cubes": [
            {
              "origin": [
                2,
                5,
                -3
              ],
              "size": [
                5,
                7,
                6
              ],
              "uv": [
                36,
                17
              ]
            }
          ]
        },
        {
          "name": "leg_left",
          "parent": "thigh_left",
          "pivot": [
            5,
            5,
            -1
          ],
          "cubes": [
            {
              "origin": [
                2.5,
                1,
                -2.5
              ],
              "size": [
                4,
                4,
                5
              ],
              "uv": [
                58,
                21
              ]
            }
          ]
        },
        {
          "name": "fluff49",
          "parent": "leg_left",
          "pivot": [
            4.5,
            3,
            -2.5
          ],
          "rotation": [
            -10,
            0,
            0
          ],
          "cubes": [
            {
              "origin": [
                4.5,
                1,
                -4.5
              ],
              "size": [
                0,
                2,
                4
              ],
              "pivot": [
                4.5,
                1,
                -2.5
              ],
              "rotation": [
                0,
                -90,
                0
              ],
              "uv": [
                97,
                46
              ]
            }
          ]
        },
        {
          "name": "fluff48",
          "parent": "leg_left",
          "pivot": [
            4.5,
            2.5,
            2.5
          ],
          "rotation": [
            10,
            0,
            0
          ],
          "cubes": [
            {
              "origin": [
                4.5,
                0.5,
                0.5
              ],
              "size": [
                0,
                2,
                4
              ],
              "pivot": [
                4.5,
                0.5,
                2.5
              ],
              "rotation": [
                0,
                90,
                0
              ],
              "uv": [
                97,
                44
              ]
            }
          ]
        },
        {
          "name": "fluff47",
          "parent": "leg_left",
          "pivot": [
            2.5,
            2.5,
            0
          ],
          "rotation": [
            0,
            0,
            10
          ],
          "cubes": [
            {
              "origin": [
                2.5,
                0.5,
                -2.5
              ],
              "size": [
                0,
                2,
                5
              ],
              "uv": [
                96,
                47
              ]
            }
          ]
        },
        {
          "name": "fluff46",
          "parent": "leg_left",
          "pivot": [
            6.5,
            2.5,
            0
          ],
          "rotation": [
            0,
            0,
            -10
          ],
          "cubes": [
            {
              "origin": [
                6.5,
                0.5,
                -2.5
              ],
              "size": [
                0,
                2,
                5
              ],
              "uv": [
                96,
                49
              ],
              "mirror": true
            }
          ]
        },
        {
          "name": "foot_left",
          "parent": "leg_left",
          "pivot": [
            5,
            1,
            0.5
          ],
          "cubes": [
            {
              "origin": [
                2.5,
                0,
                -3
              ],
              "size": [
                4,
                1,
                5
              ],
              "uv": [
                62,
                7
              ],
              "mirror": true
            }
          ]
        },
        {
          "name": "toes3",
          "parent": "foot_left",
          "pivot": [
            2.5,
            1,
            0
          ],
          "rotation": [
            0,
            7.5,
            0
          ],
          "cubes": [
            {
              "origin": [
                2,
                -0.1,
                -4
              ],
              "size": [
                1,
                1,
                4
              ],
              "uv": [
                76,
                21
              ],
              "mirror": true
            }
          ]
        },
        {
          "name": "toes4",
          "parent": "foot_left",
          "pivot": [
            5,
            1,
            -3
          ],
          "cubes": [
            {
              "origin": [
                2.5,
                0,
                -5
              ],
              "size": [
                4,
                1,
                2
              ],
              "uv": [
                0,
                75
              ],
              "mirror": true
            }
          ]
        }
      ]
    }
  ]
}