{
  "format_version": "1.12.0",
  "minecraft:geometry": [
    {
      "description": {
        "identifier": "geometry.munkidori",
        "texture_width": 64,
        "texture_height": 64,
        "visible_bounds_width": 3,
        "visible_bounds_height": 3.5,
        "visible_bounds_offset": [
          0,
          1.25,
          0
        ]
      },
      "bones": [
        {
          "name": "root",
          "pivot": [
            0,
            0,
            0
          ]
        },
        {
          "name": "munkidori",
          "parent": "root",
          "pivot": [
            0,
            0,
            0
          ]
        },
        {
          "name": "torso",
          "parent": "munkidori",
          "pivot": [
            0,
            4.3,
            0
          ],
          "cubes": [
            {
              "origin": [
                -2,
                5,
                -1.5
              ],
              "size": [
                4,
                3,
                3
              ],
              "uv": [
                18,
                16
              ]
            },
            {
              "origin": [
                -1,
                1.55,
                -1
              ],
              "size": [
                3,
                3,
                0
              ],
              "pivot": [
                0,
                2.55,
                0
              ],
              "rotation": [
                0,
                0,
                -45
              ],
              "uv": [
                28,
                25
              ]
            },
            {
              "origin": [
                -2,
                3.3,
                -1
              ],
              "size": [
                4,
                4,
                0
              ],
              "inflate": -0.01,
              "uv": [
                21,
                36
              ]
            },
            {
              "origin": [
                -0.5,
                7.05,
                -1.508
              ],
              "size": [
                1,
                1,
                0
              ],
              "uv": [
                5,
                4
              ]
            },
            {
              "origin": [
                -0.74898,
                5.81898,
                0.51
              ],
              "size": [
                2,
                1,
                1
              ],
              "pivot": [
                0,
                6.57,
                1.01
              ],
              "rotation": [
                0,
                0,
                135
              ],
              "uv": [
                52,
                5
              ]
            },
            {
              "origin": [
                -1.25102,
                5.81898,
                0.51
              ],
              "size": [
                2,
                1,
                1
              ],
              "inflate": 0.001,
              "pivot": [
                0,
                6.57,
                1.01
              ],
              "rotation": [
                0,
                0,
                -135
              ],
              "uv": [
                52,
                8
              ],
              "mirror": true
            }
          ]
        },
        {
          "name": "torso2",
          "parent": "torso",
          "pivot": [
            -0.5,
            8.68,
            0
          ],
          "cubes": [
            {
              "origin": [
                -2.5,
                7.68,
                -2
              ],
              "size": [
                5,
                3,
                4
              ],
              "uv": [
                0,
                16
              ]
            },
            {
              "origin": [
                -3,
                10.68,
                -2
              ],
              "size": [
                6,
                3,
                4
              ],
              "uv": [
                0,
                32
              ]
            }
          ]
        },
        {
          "name": "bone",
          "parent": "torso2",
          "pivot": [
            -0.5,
            8.68,
            0
          ]
        },
        {
          "name": "left_arm",
          "parent": "torso2",
          "pivot": [
            3.5,
            12.68,
            0
          ],
          "cubes": [
            {
              "origin": [
                2.5,
                12.68,
                0
              ],
              "size": [
                5,
                1,
                1
              ],
              "uv": [
                24,
                0
              ]
            },
            {
              "origin": [
                2.5,
                10.68,
                0.5
              ],
              "size": [
                5,
                2,
                0
              ],
              "uv": [
                24,
                4
              ]
            }
          ]
        },
        {
          "name": "left_arm2",
          "parent": "left_arm",
          "pivot": [
            7.5,
            13.43,
            0.5
          ],
          "cubes": [
            {
              "origin": [
                7.5,
                12.68,
                0
              ],
              "size": [
                5,
                1,
                1
              ],
              "uv": [
                24,
                2
              ]
            },
            {
              "origin": [
                7.5,
                10.68,
                0.5
              ],
              "size": [
                5,
                2,
                0
              ],
              "uv": [
                24,
                6
              ]
            }
          ]
        },
        {
          "name": "left_arm3",
          "parent": "left_arm2",
          "pivot": [
            13,
            13.18,
            0.5
          ],
          "cubes": [
            {
              "origin": [
                12.5,
                12.68,
                0
              ],
              "size": [
                1,
                1,
                1
              ],
              "uv": [
                18,
                30
              ]
            }
          ]
        },
        {
          "name": "right_arm",
          "parent": "torso2",
          "pivot": [
            -3.5,
            12.68,
            0
          ],
          "cubes": [
            {
              "origin": [
                -7.5,
                12.68,
                0
              ],
              "size": [
                5,
                1,
                1
              ],
              "uv": [
                24,
                0
              ],
              "mirror": true
            },
            {
              "origin": [
                -7.5,
                10.68,
                0.5
              ],
              "size": [
                5,
                2,
                0
              ],
              "uv": [
                24,
                4
              ],
              "mirror": true
            }
          ]
        },
        {
          "name": "right_arm2",
          "parent": "right_arm",
          "pivot": [
            -7.5,
            13.43,
            0.5
          ],
          "cubes": [
            {
              "origin": [
                -12.5,
                12.68,
                0
              ],
              "size": [
                5,
                1,
                1
              ],
              "uv": [
                24,
                2
              ],
              "mirror": true
            },
            {
              "origin": [
                -12.5,
                10.68,
                0.5
              ],
              "size": [
                5,
                2,
                0
              ],
              "uv": [
                24,
                6
              ],
              "mirror": true
            }
          ]
        },
        {
          "name": "right_arm3",
          "parent": "right_arm2",
          "pivot": [
            -12.5,
            13.18,
            0
          ],
          "cubes": [
            {
              "origin": [
                -13.5,
                12.68,
                0
              ],
              "size": [
                1,
                1,
                1
              ],
              "uv": [
                18,
                30
              ],
              "mirror": true
            }
          ]
        },
        {
          "name": "head",
          "parent": "torso2",
          "pivot": [
            0,
            13.48,
            0.9
          ],
          "cubes": [
            {
              "origin": [
                -3.5,
                12.68,
                -2.5
              ],
              "size": [
                7,
                11,
                5
              ],
              "uv": [
                0,
                0
              ]
            },
            {
              "origin": [
                3.67696,
                19.70304,
                -2.5
              ],
              "size": [
                4,
                1,
                1
              ],
              "inflate": 0.004,
              "pivot": [
                4.41421,
                22.96579,
                -2.3
              ],
              "rotation": [
                -40.12074,
                -32.79775,
                57.26759
              ],
              "uv": [
                24,
                10
              ]
            },
            {
              "origin": [
                3.67696,
                21.70304,
                -2.5
              ],
              "size": [
                3,
                1,
                1
              ],
              "inflate": 0.001,
              "pivot": [
                4.41421,
                22.96579,
                -2.3
              ],
              "rotation": [
                -40.12074,
                -32.79775,
                57.26759
              ],
              "uv": [
                0,
                28
              ]
            },
            {
              "origin": [
                0.15147,
                20.70304,
                -2.5
              ],
              "size": [
                4,
                1,
                1
              ],
              "inflate": 0.002,
              "pivot": [
                4.41421,
                22.96579,
                -2.3
              ],
              "rotation": [
                40.12074,
                -32.79775,
                -57.26759
              ],
              "uv": [
                24,
                8
              ]
            },
            {
              "origin": [
                1.15147,
                22.70304,
                -2.5
              ],
              "size": [
                3,
                1,
                1
              ],
              "pivot": [
                4.41421,
                22.96579,
                -2.3
              ],
              "rotation": [
                40.12074,
                -32.79775,
                -57.26759
              ],
              "uv": [
                10,
                26
              ]
            },
            {
              "origin": [
                -3.1,
                20.18,
                -2.9
              ],
              "size": [
                2,
                2,
                1
              ],
              "pivot": [
                -2.1,
                21.18,
                -2.9
              ],
              "rotation": [
                0,
                0,
                -45
              ],
              "uv": [
                28,
                28
              ]
            },
            {
              "origin": [
                -1.1,
                20.18,
                -2.9
              ],
              "size": [
                2,
                2,
                1
              ],
              "inflate": 0.001,
              "pivot": [
                -0.1,
                21.18,
                -2.9
              ],
              "rotation": [
                0,
                0,
                -45
              ],
              "uv": [
                28,
                28
              ]
            },
            {
              "origin": [
                0.9,
                20.18,
                -2.9
              ],
              "size": [
                2,
                2,
                1
              ],
              "pivot": [
                1.9,
                21.18,
                -2.9
              ],
              "rotation": [
                0,
                0,
                -45
              ],
              "uv": [
                28,
                28
              ]
            },
            {
              "origin": [
                1.1,
                20.18,
                1.9
              ],
              "size": [
                2,
                2,
                1
              ],
              "pivot": [
                2.1,
                21.18,
                1.9
              ],
              "rotation": [
                0,
                0,
                -45
              ],
              "uv": [
                28,
                28
              ]
            },
            {
              "origin": [
                -1,
                20.18,
                1.9
              ],
              "size": [
                2,
                2,
                1
              ],
              "inflate": 0.001,
              "pivot": [
                0,
                21.18,
                1.9
              ],
              "rotation": [
                0,
                0,
                -45
              ],
              "uv": [
                28,
                28
              ]
            },
            {
              "origin": [
                -3.1,
                20.18,
                1.9
              ],
              "size": [
                2,
                2,
                1
              ],
              "pivot": [
                -2.1,
                21.18,
                1.9
              ],
              "rotation": [
                0,
                0,
                -45
              ],
              "uv": [
                28,
                28
              ]
            },
            {
              "origin": [
                -1,
                23.68,
                -3
              ],
              "size": [
                2,
                1,
                2
              ],
              "uv": [
                10,
                23
              ]
            },
            {
              "origin": [
                0,
                23.68,
                -2
              ],
              "size": [
                0,
                3,
                5
              ],
              "uv": [
                18,
                22
              ]
            },
            {
              "origin": [
                -4,
                20.48,
                -2.8
              ],
              "size": [
                1,
                2,
                2
              ],
              "pivot": [
                -3,
                20.48,
                -1.8
              ],
              "rotation": [
                -45,
                0,
                0
              ],
              "uv": [
                24,
                12
              ]
            },
            {
              "origin": [
                -4,
                20.48,
                -0.6
              ],
              "size": [
                1,
                2,
                2
              ],
              "pivot": [
                -3,
                20.48,
                0.4
              ],
              "rotation": [
                -45,
                0,
                0
              ],
              "uv": [
                24,
                12
              ]
            },
            {
              "origin": [
                2.9,
                20.48,
                -0.6
              ],
              "size": [
                1,
                2,
                2
              ],
              "pivot": [
                3.9,
                20.48,
                0.4
              ],
              "rotation": [
                -45,
                0,
                0
              ],
              "uv": [
                24,
                12
              ]
            },
            {
              "origin": [
                2.9,
                20.48,
                -2.8
              ],
              "size": [
                1,
                2,
                2
              ],
              "pivot": [
                3.9,
                20.48,
                -1.8
              ],
              "rotation": [
                -45,
                0,
                0
              ],
              "uv": [
                24,
                12
              ]
            }
          ]
        },
        {
          "name": "eyes",
          "parent": "head",
          "pivot": [
            0,
            18.88,
            -2.5
          ]
        },
        {
          "name": "right_eye",
          "parent": "eyes",
          "pivot": [
            -1.9,
            18.88,
            -2.5
          ],
          "cubes": [
            {
              "origin": [
                -2.6,
                17.48,
                -2.5
              ],
              "size": [
                2,
                2,
                0
              ],
              "inflate": 0.002,
              "pivot": [
                -1.6,
                17.48,
                -1.5
              ],
              "rotation": [
                0,
                0,
                -7.5
              ],
              "uv": [
                39,
                1
              ],
              "mirror": true
            },
            {
              "origin": [
                -2.3,
                17.28,
                -2.5
              ],
              "size": [
                2,
                3,
                0
              ],
              "inflate": 0.001,
              "pivot": [
                -1.3,
                17.28,
                -1.5
              ],
              "rotation": [
                0,
                0,
                -7.5
              ],
              "uv": [
                39,
                5
              ],
              "mirror": true
            },
            {
              "origin": [
                -2.6,
                18.61,
                -2.5
              ],
              "size": [
                2,
                2,
                0
              ],
              "inflate": 0.005,
              "pivot": [
                -1.6,
                17.61,
                -1.5
              ],
              "rotation": [
                0,
                0,
                -7.5
              ],
              "uv": [
                47,
                1
              ],
              "mirror": true
            }
          ]
        },
        {
          "name": "right_pupil",
          "parent": "right_eye",
          "pivot": [
            -1.9,
            18.88,
            -2.5
          ],
          "cubes": [
            {
              "origin": [
                -2.45967,
                18.43267,
                -2.5
              ],
              "size": [
                1,
                1,
                0
              ],
              "inflate": 0.004,
              "pivot": [
                -2.1,
                18.78,
                -1.5
              ],
              "rotation": [
                0,
                0,
                40
              ],
              "uv": [
                39,
                10
              ],
              "mirror": true
            },
            {
              "origin": [
                -2.25127,
                18.31687,
                -2.5
              ],
              "size": [
                1,
                1,
                0
              ],
              "inflate": 0.003,
              "pivot": [
                -2.1,
                18.88,
                -1.5
              ],
              "rotation": [
                0,
                0,
                40
              ],
              "uv": [
                38,
                13
              ],
              "mirror": true
            }
          ]
        },
        {
          "name": "right_lid2",
          "parent": "right_pupil",
          "pivot": [
            -1.46,
            16.48,
            -1.42
          ],
          "cubes": [
            {
              "origin": [
                -2.46,
                17.48,
                -2.42
              ],
              "size": [
                2,
                2,
                0
              ],
              "inflate": 0.015,
              "pivot": [
                -1.46,
                16.48,
                -1.42
              ],
              "rotation": [
                0,
                0,
                -7.5
              ],
              "uv": [
                47,
                5
              ],
              "mirror": true
            }
          ]
        },
        {
          "name": "left_eye",
          "parent": "eyes",
          "pivot": [
            1.9,
            18.88,
            -2.5
          ],
          "cubes": [
            {
              "origin": [
                0.6,
                17.48,
                -2.5
              ],
              "size": [
                2,
                2,
                0
              ],
              "inflate": 0.002,
              "pivot": [
                1.6,
                17.48,
                -1.5
              ],
              "rotation": [
                0,
                0,
                7.5
              ],
              "uv": [
                39,
                1
              ]
            },
            {
              "origin": [
                0.3,
                17.28,
                -2.5
              ],
              "size": [
                2,
                3,
                0
              ],
              "inflate": 0.001,
              "pivot": [
                1.3,
                17.28,
                -1.5
              ],
              "rotation": [
                0,
                0,
                7.5
              ],
              "uv": [
                39,
                5
              ]
            },
            {
              "origin": [
                0.6,
                18.61,
                -2.5
              ],
              "size": [
                2,
                2,
                0
              ],
              "inflate": 0.005,
              "pivot": [
                1.6,
                17.61,
                -1.5
              ],
              "rotation": [
                0,
                0,
                7.5
              ],
              "uv": [
                47,
                1
              ]
            }
          ]
        },
        {
          "name": "left_pupil",
          "parent": "left_eye",
          "pivot": [
            2.1,
            18.78,
            -1.5
          ],
          "cubes": [
            {
              "origin": [
                1.45967,
                18.43267,
                -2.5
              ],
              "size": [
                1,
                1,
                0
              ],
              "inflate": 0.004,
              "pivot": [
                2.1,
                18.78,
                -1.5
              ],
              "rotation": [
                0,
                0,
                -40
              ],
              "uv": [
                39,
                10
              ]
            },
            {
              "origin": [
                1.25127,
                18.31687,
                -2.5
              ],
              "size": [
                1,
                1,
                0
              ],
              "inflate": 0.003,
              "pivot": [
                2.1,
                18.88,
                -1.5
              ],
              "rotation": [
                0,
                0,
                -40
              ],
              "uv": [
                38,
                13
              ]
            }
          ]
        },
        {
          "name": "left_lid",
          "parent": "left_pupil",
          "pivot": [
            1.46,
            16.48,
            -1.42
          ],
          "cubes": [
            {
              "origin": [
                0.46,
                17.48,
                -2.42
              ],
              "size": [
                2,
                2,
                0
              ],
              "inflate": 0.015,
              "pivot": [
                1.46,
                16.48,
                -1.42
              ],
              "rotation": [
                0,
                0,
                7.5
              ],
              "uv": [
                47,
                5
              ]
            }
          ]
        },
        {
          "name": "mouth2",
          "parent": "head",
          "pivot": [
            -1,
            14.16,
            -2.44
          ],
          "rotation": [
            4.5,
            0,
            0
          ],
          "cubes": [
            {
              "origin": [
                -2,
                15.01,
                -3.44
              ],
              "size": [
                4,
                2,
                3
              ],
              "uv": [
                41,
                18
              ]
            },
            {
              "origin": [
                -0.5,
                16.01,
                -3.45
              ],
              "size": [
                1,
                1,
                1
              ],
              "inflate": 0.005,
              "uv": [
                55,
                22
              ]
            },
            {
              "origin": [
                -0.89,
                15.42,
                -3.4511
              ],
              "size": [
                1,
                1,
                1
              ],
              "inflate": 0.005,
              "uv": [
                54,
                25
              ]
            },
            {
              "origin": [
                -0.1,
                15.42,
                -3.4511
              ],
              "size": [
                1,
                1,
                1
              ],
              "inflate": 0.005,
              "uv": [
                54,
                25
              ]
            },
            {
              "origin": [
                -1,
                15.53,
                -3.44
              ],
              "size": [
                2,
                1,
                1
              ],
              "inflate": 0.01,
              "uv": [
                57,
                28
              ]
            },
            {
              "origin": [
                -0.5,
                14.92,
                -3.548
              ],
              "size": [
                1,
                1,
                1
              ],
              "inflate": -0.1,
              "uv": [
                56,
                30
              ]
            },
            {
              "origin": [
                -0.505,
                15.02,
                -3.6867
              ],
              "size": [
                1,
                1,
                1
              ],
              "inflate": -0.23,
              "pivot": [
                0,
                15.52,
                -3.188
              ],
              "rotation": [
                0,
                0,
                45
              ],
              "uv": [
                56,
                30
              ]
            },
            {
              "origin": [
                -0.855,
                14.611,
                -3.8569
              ],
              "size": [
                1,
                1,
                1
              ],
              "inflate": -0.4,
              "uv": [
                52,
                27
              ]
            },
            {
              "origin": [
                -0.145,
                14.811,
                -3.8569
              ],
              "size": [
                1,
                1,
                1
              ],
              "inflate": -0.4,
              "uv": [
                52,
                27
              ],
              "mirror": true
            },
            {
              "origin": [
                -0.855,
                14.811,
                -3.8569
              ],
              "size": [
                1,
                1,
                1
              ],
              "inflate": -0.4,
              "uv": [
                52,
                27
              ]
            },
            {
              "origin": [
                -0.145,
                15.011,
                -3.8569
              ],
              "size": [
                1,
                1,
                1
              ],
              "inflate": -0.4,
              "uv": [
                52,
                27
              ],
              "mirror": true
            },
            {
              "origin": [
                -0.855,
                15.011,
                -3.8569
              ],
              "size": [
                1,
                1,
                1
              ],
              "inflate": -0.4,
              "uv": [
                52,
                27
              ]
            },
            {
              "origin": [
                -0.145,
                15.181,
                -3.8569
              ],
              "size": [
                1,
                1,
                1
              ],
              "inflate": -0.4001,
              "uv": [
                52,
                27
              ],
              "mirror": true
            },
            {
              "origin": [
                -0.855,
                15.181,
                -3.8569
              ],
              "size": [
                1,
                1,
                1
              ],
              "inflate": -0.4001,
              "uv": [
                52,
                27
              ]
            },
            {
              "origin": [
                -0.145,
                14.611,
                -3.8569
              ],
              "size": [
                1,
                1,
                1
              ],
              "inflate": -0.4,
              "uv": [
                52,
                27
              ],
              "mirror": true
            },
            {
              "origin": [
                -1.5,
                14.785,
                -3.6868
              ],
              "size": [
                3,
                1,
                1
              ],
              "inflate": -0.23,
              "uv": [
                50,
                24
              ]
            },
            {
              "origin": [
                -1.395,
                15.217,
                -3.457
              ],
              "size": [
                1,
                1,
                1
              ],
              "pivot": [
                -0.9,
                15.71,
                -2.958
              ],
              "rotation": [
                0,
                0,
                -45
              ],
              "uv": [
                56,
                33
              ],
              "mirror": true
            },
            {
              "origin": [
                0.895,
                15.01,
                -3.4579
              ],
              "size": [
                1,
                1,
                1
              ],
              "inflate": -0.001,
              "uv": [
                56,
                33
              ]
            },
            {
              "origin": [
                0.395,
                15.217,
                -3.457
              ],
              "size": [
                1,
                1,
                1
              ],
              "pivot": [
                0.9,
                15.71,
                -2.958
              ],
              "rotation": [
                0,
                0,
                45
              ],
              "uv": [
                56,
                33
              ]
            },
            {
              "origin": [
                -1.9,
                15.01,
                -3.4579
              ],
              "size": [
                1,
                1,
                1
              ],
              "inflate": -0.001,
              "uv": [
                56,
                33
              ]
            }
          ]
        },
        {
          "name": "jaw",
          "parent": "mouth2",
          "pivot": [
            -0.5,
            15.11,
            -2.35
          ],
          "cubes": [
            {
              "origin": [
                -1.5,
                14.08031,
                -3.44785
              ],
              "size": [
                3,
                1,
                3
              ],
              "inflate": 0.005,
              "uv": [
                42,
                30
              ]
            }
          ]
        },
        {
          "name": "jaw2",
          "parent": "jaw",
          "pivot": [
            0,
            14.94,
            -3.46
          ],
          "cubes": [
            {
              "origin": [
                -0.92951,
                13.10951,
                -3.15785
              ],
              "size": [
                2,
                2,
                1
              ],
              "inflate": 0.3,
              "pivot": [
                0,
                14.18,
                -3.15
              ],
              "rotation": [
                0,
                0,
                45
              ],
              "uv": [
                52,
                34
              ]
            }
          ]
        },
        {
          "name": "legs",
          "parent": "munkidori",
          "pivot": [
            0,
            0,
            0
          ]
        },
        {
          "name": "left_leg",
          "parent": "legs",
          "pivot": [
            1.5,
            5,
            0
          ],
          "cubes": [
            {
              "origin": [
                1,
                3,
                -0.5
              ],
              "size": [
                1,
                2,
                1
              ],
              "uv": [
                14,
                28
              ]
            }
          ]
        },
        {
          "name": "left_leg2",
          "parent": "left_leg",
          "pivot": [
            2,
            3,
            0
          ],
          "cubes": [
            {
              "origin": [
                1,
                1,
                -0.5
              ],
              "size": [
                1,
                2,
                1
              ],
              "uv": [
                30,
                12
              ]
            }
          ]
        },
        {
          "name": "left_leg3",
          "parent": "left_leg2",
          "pivot": [
            1.5,
            1,
            0.1
          ],
          "cubes": [
            {
              "origin": [
                0.5,
                0,
                -0.5
              ],
              "size": [
                2,
                1,
                1
              ],
              "uv": [
                0,
                30
              ]
            },
            {
              "origin": [
                0.49905,
                0,
                -2.44362
              ],
              "size": [
                1,
                1,
                2
              ],
              "pivot": [
                1.49905,
                -1,
                -0.44362
              ],
              "rotation": [
                0,
                2.5,
                0
              ],
              "uv": [
                8,
                28
              ]
            },
            {
              "origin": [
                1.5,
                0,
                -2.4
              ],
              "size": [
                1,
                1,
                2
              ],
              "pivot": [
                2.5,
                -1,
                -0.4
              ],
              "rotation": [
                0,
                -2.5,
                0
              ],
              "uv": [
                28,
                22
              ]
            }
          ]
        },
        {
          "name": "right_leg",
          "parent": "legs",
          "pivot": [
            -1.5,
            5,
            0
          ],
          "cubes": [
            {
              "origin": [
                -2,
                3,
                -0.5
              ],
              "size": [
                1,
                2,
                1
              ],
              "uv": [
                14,
                28
              ],
              "mirror": true
            }
          ]
        },
        {
          "name": "right_leg2",
          "parent": "right_leg",
          "pivot": [
            -2,
            3,
            0
          ],
          "cubes": [
            {
              "origin": [
                -2,
                1,
                -0.5
              ],
              "size": [
                1,
                2,
                1
              ],
              "uv": [
                30,
                12
              ],
              "mirror": true
            }
          ]
        },
        {
          "name": "right_leg3",
          "parent": "right_leg2",
          "pivot": [
            -1.5,
            1,
            0.1
          ],
          "cubes": [
            {
              "origin": [
                -2.5,
                0,
                -0.5
              ],
              "size": [
                2,
                1,
                1
              ],
              "uv": [
                0,
                30
              ],
              "mirror": true
            },
            {
              "origin": [
                -1.49905,
                0,
                -2.44362
              ],
              "size": [
                1,
                1,
                2
              ],
              "pivot": [
                -1.49905,
                -1,
                -0.44362
              ],
              "rotation": [
                0,
                -2.5,
                0
              ],
              "uv": [
                8,
                28
              ],
              "mirror": true
            },
            {
              "origin": [
                -2.5,
                0,
                -2.4
              ],
              "size": [
                1,
                1,
                2
              ],
              "pivot": [
                -2.5,
                -1,
                -0.4
              ],
              "rotation": [
                0,
                2.5,
                0
              ],
              "uv": [
                28,
                22
              ],
              "mirror": true
            }
          ]
        }
      ]
    }
  ]
}